{
  "ID": "035c8c74-6913-46df-88a7-7e006a9a9162",
  "Version": "3.10.0.0",
  "Name": "crusade-battle-ready",
  "Content": {
    "Content": {
      "Animation": {
        "Duration": 0,
        "Speed": 0.3333,
        "Timelines": [],
        "ctype": "TimelineActionData"
      },
      "AnimationList": [],
      "ObjectData": {
        "Tag": 512,
        "Children": [
          {
            "ClipAble": false,
            "BackColorAlpha": 102,
            "SingleColor": {
              "R": 150,
              "G": 200
            },
            "FirstColor": {
              "R": 150,
              "G": 200
            },
            "EndColor": {},
            "ColorVector": {
              "ScaleY": 1.0
            },
            "Scale9Width": 1,
            "Scale9Height": 1,
            "TouchEnable": true,
            "AnchorPoint": {
              "ScaleX": 0.5,
              "ScaleY": 0.5
            },
            "Position": {
              "X": 1034.7246,
              "Y": 668.5875
            },
            "Scale": {
              "ScaleX": 1.0,
              "ScaleY": 1.0
            },
            "CColor": {},
            "IconVisible": false,
            "PrePosition": {
              "X": 1.6168,
              "Y": 0.5885
            },
            "PreSize": {
              "X": 0.3125,
              "Y": 0.1761
            },
            "LeftMargin": 934.7246,
            "RightMargin": -494.7246,
            "TopMargin": 367.4125,
            "BottomMargin": 568.5875,
            "Tag": 1208,
            "Children": [
              {
                "FileData": {
                  "Type": "MarkedSubImage",
                  "Path": "crusade/img_crusade_door.png",
                  "Plist": "crusade/crusadePlist.plist"
                },
                "Scale9OriginX": 41,
                "Scale9OriginY": 41,
                "Scale9Width": 44,
                "Scale9Height": 44,
                "AnchorPoint": {
                  "ScaleX": 0.5,
                  "ScaleY": 0.5
                },
                "Position": {
                  "X": 100.0,
                  "Y": 100.0
                },
                "Scale": {
                  "ScaleX": 1.0,
                  "ScaleY": 1.0
                },
                "CColor": {},
                "IconVisible": false,
                "PrePosition": {
                  "X": 0.5,
                  "Y": 0.5
                },
                "PreSize": {
                  "X": 0.63,
                  "Y": 0.63
                },
                "LeftMargin": 37.0,
                "RightMargin": 37.0,
                "TopMargin": 37.0,
                "BottomMargin": 37.0,
                "Tag": 1181,
                "ActionTag": -198931164,
                "Size": {
                  "X": 126.0,
                  "Y": 126.0
                },
                "Name": "img_door",
                "ctype": "ImageViewObjectData"
              },
              {
                "FileData": {
                  "Type": "MarkedSubImage",
                  "Path": "pic/battle_activity/bame_bg.png",
                  "Plist": "pic/battle_activity/battle_activity_atlas.plist"
                },
                "Scale9Enable": true,
                "Scale9OriginX": 16,
                "Scale9OriginY": 7,
                "Scale9Width": 18,
                "Scale9Height": 10,
                "AnchorPoint": {
                  "ScaleX": 0.5,
                  "ScaleY": 0.5
                },
                "Position": {
                  "X": 100.0,
                  "Y": 24.0004
                },
                "Scale": {
                  "ScaleX": 1.0,
                  "ScaleY": 1.0
                },
                "CColor": {},
                "IconVisible": false,
                "PrePosition": {
                  "X": 0.5,
                  "Y": 0.12
                },
                "PreSize": {
                  "X": 0.6,
                  "Y": 0.12
                },
                "LeftMargin": 40.0,
                "RightMargin": 40.0,
                "TopMargin": 163.9996,
                "BottomMargin": 12.0004,
                "Tag": 1205,
                "Children": [
                  {
                    "IsCustomSize": true,
                    "FontSize": 18,
                    "LabelText": "{TXT_UI_CRUSADE-BATTLE-READY_3}",
                    "FontResource": {
                      "Type": "Normal",
                      "Path": "font/ModeMinBStd.ttf",
                      "Plist": ""
                    },
                    "HorizontalAlignmentType": "HT_Center",
                    "OutlineSize": 2,
                    "OutlineColor": {
                      "R": 103,
                      "G": 56,
                      "B": 31
                    },
                    "OutlineEnabled": true,
                    "ShadowColor": {
                      "R": 110,
                      "G": 110,
                      "B": 110
                    },
                    "ShadowOffsetX": 2.0,
                    "ShadowOffsetY": -2.0,
                    "AnchorPoint": {
                      "ScaleX": 0.5,
                      "ScaleY": 0.5
                    },
                    "Position": {
                      "X": 60.0,
                      "Y": 12.0
                    },
                    "Scale": {
                      "ScaleX": 1.0,
                      "ScaleY": 1.0
                    },
                    "CColor": {},
                    "IconVisible": false,
                    "PositionPercentXEnabled": true,
                    "PositionPercentYEnabled": true,
                    "PrePosition": {
                      "X": 0.5,
                      "Y": 0.5
                    },
                    "PreSize": {
                      "X": 0.8333,
                      "Y": 0.9167
                    },
                    "LeftMargin": 10.0,
                    "RightMargin": 10.0,
                    "TopMargin": 1.0,
                    "BottomMargin": 1.0,
                    "Tag": 1207,
                    "ActionTag": 1537310705,
                    "Size": {
                      "X": 100.0,
                      "Y": 22.0
                    },
                    "Name": "txt_point_name",
                    "ctype": "TextObjectData"
                  }
                ],
                "ActionTag": -1355426423,
                "Size": {
                  "X": 120.0,
                  "Y": 24.0
                },
                "Name": "img_name_bg",
                "ctype": "ImageViewObjectData"
              }
            ],
            "ActionTag": 1164423549,
            "Size": {
              "X": 200.0,
              "Y": 200.0
            },
            "Name": "ItemDoor",
            "ctype": "PanelObjectData"
          },
          {
            "FileData": {
              "Type": "Normal",
              "Path": "crusade/img_crusade_gamebg.jpg",
              "Plist": ""
            },
            "Scale9OriginX": 15,
            "Scale9OriginY": 15,
            "Scale9Width": 610,
            "Scale9Height": 2545,
            "AnchorPoint": {
              "ScaleX": 0.5,
              "ScaleY": 1.0
            },
            "Position": {
              "X": 1909.8772,
              "Y": 745.528
            },
            "Scale": {
              "ScaleX": 1.0,
              "ScaleY": 1.0
            },
            "CColor": {},
            "IconVisible": false,
            "PrePosition": {
              "X": 2.9842,
              "Y": 0.6563
            },
            "PreSize": {
              "X": 1.0,
              "Y": 2.2667
            },
            "LeftMargin": 1589.8772,
            "RightMargin": -1589.8772,
            "TopMargin": 390.472,
            "BottomMargin": -1829.4719,
            "Tag": 1116,
            "ActionTag": -1332692847,
            "Size": {
              "X": 640.0,
              "Y": 2575.0
            },
            "Name": "img_bg",
            "ctype": "ImageViewObjectData"
          },
          {
            "FileData": {
              "Type": "Default",
              "Path": "Default/ImageFile.png",
              "Plist": ""
            },
            "Scale9Width": 46,
            "Scale9Height": 46,
            "AnchorPoint": {
              "ScaleX": 0.5,
              "ScaleY": 1.0
            },
            "Position": {
              "X": 1425.3097,
              "Y": 622.9161
            },
            "Scale": {
              "ScaleX": 1.0,
              "ScaleY": 1.0
            },
            "CColor": {},
            "IconVisible": false,
            "PrePosition": {
              "X": 2.227,
              "Y": 0.5483
            },
            "PreSize": {
              "X": 0.0719,
              "Y": 0.0405
            },
            "LeftMargin": 1402.3097,
            "RightMargin": -808.3097,
            "TopMargin": 513.0839,
            "BottomMargin": 576.9161,
            "Tag": 546,
            "ActionTag": -480849729,
            "Size": {
              "X": 46.0,
              "Y": 46.0
            },
            "Name": "img_road",
            "ctype": "ImageViewObjectData"
          },
          {
            "ClipAble": false,
            "BackColorAlpha": 204,
            "SingleColor": {
              "R": 0,
              "G": 0,
              "B": 0
            },
            "FirstColor": {
              "R": 150,
              "G": 200
            },
            "EndColor": {},
            "ColorVector": {
              "ScaleY": 1.0
            },
            "Scale9Width": 1,
            "Scale9Height": 1,
            "TouchEnable": true,
            "AnchorPoint": {},
            "Position": {
              "X": 0.0,
              "Y": 0.0
            },
            "Scale": {
              "ScaleX": 1.0,
              "ScaleY": 1.0
            },
            "CColor": {},
            "IconVisible": false,
            "PrePosition": {
              "X": 0.0,
              "Y": 0.0
            },
            "PreSize": {
              "X": 1.0,
              "Y": 1.0
            },
            "Tag": 513,
            "Children": [
              {
                "InnerNodeSize": {
                  "Width": 640,
                  "Height": 2575
                },
                "ScrollDirectionType": "Vertical",
                "ClipAble": true,
                "BackColorAlpha": 102,
                "SingleColor": {
                  "G": 150,
                  "B": 100
                },
                "FirstColor": {
                  "G": 150,
                  "B": 100
                },
                "EndColor": {},
                "ColorVector": {
                  "ScaleY": 1.0
                },
                "Scale9Width": 1,
                "Scale9Height": 1,
                "TouchEnable": true,
                "AnchorPoint": {
                  "ScaleY": 1.0
                },
                "Position": {
                  "X": 0.7471,
                  "Y": 1101.494
                },
                "Scale": {
                  "ScaleX": 1.0,
                  "ScaleY": 1.0
                },
                "CColor": {},
                "IconVisible": false,
                "PrePosition": {
                  "X": 0.0012,
                  "Y": 0.9696
                },
                "PreSize": {
                  "X": 1.0,
                  "Y": 0.9683
                },
                "LeftMargin": 0.7471,
                "RightMargin": -0.7471,
                "TopMargin": 34.506,
                "BottomMargin": 1.494,
                "Tag": 760,
                "ActionTag": -189974489,
                "Size": {
                  "X": 640.0,
                  "Y": 1100.0
                },
                "Name": "list_stage",
                "ctype": "ScrollViewObjectData"
              },
              {
                "FileData": {
                  "Type": "Normal",
                  "Path": "crusade/img_crusade_gamebreath.png",
                  "Plist": ""
                },
                "Scale9OriginX": 211,
                "Scale9OriginY": 374,
                "Scale9Width": 218,
                "Scale9Height": 388,
                "AnchorPoint": {
                  "ScaleX": 0.5,
                  "ScaleY": 0.5
                },
                "Position": {
                  "X": 320.0,
                  "Y": 568.0
                },
                "Scale": {
                  "ScaleX": 1.0,
                  "ScaleY": 1.0
                },
                "CColor": {},
                "IconVisible": false,
                "PrePosition": {
                  "X": 0.5,
                  "Y": 0.5
                },
                "PreSize": {
                  "X": 1.0,
                  "Y": 1.0
                },
                "Tag": 673,
                "ActionTag": 154706307,
                "Size": {
                  "X": 640.0,
                  "Y": 1136.0
                },
                "Name": "img_breath",
                "ctype": "ImageViewObjectData"
              },
              {
                "ClipAble": false,
                "BackColorAlpha": 102,
                "SingleColor": {
                  "R": 150,
                  "G": 200
                },
                "FirstColor": {
                  "R": 150,
                  "G": 200
                },
                "EndColor": {},
                "ColorVector": {
                  "ScaleY": 1.0
                },
                "Scale9Width": 1,
                "Scale9Height": 1,
                "AnchorPoint": {
                  "ScaleY": 1.0
                },
                "Position": {
                  "X": 0.0,
                  "Y": 1136.0002
                },
                "Scale": {
                  "ScaleX": 1.0,
                  "ScaleY": 1.0
                },
                "CColor": {},
                "IconVisible": false,
                "PrePosition": {
                  "X": 0.0,
                  "Y": 1.0
                },
                "PreSize": {
                  "X": 1.0,
                  "Y": 0.088
                },
                "TopMargin": -0.0002,
                "BottomMargin": 1036.0002,
                "Tag": 516,
                "Children": [
                  {
                    "FileData": {
                      "Type": "Normal",
                      "Path": "common_ui/icon_club_top_bg.png",
                      "Plist": ""
                    },
                    "Scale9OriginX": 211,
                    "Scale9OriginY": 18,
                    "Scale9Width": 218,
                    "Scale9Height": 140,
                    "AnchorPoint": {
                      "ScaleX": 0.5
                    },
                    "Position": {
                      "X": 320.0,
                      "Y": 43.0
                    },
                    "Scale": {
                      "ScaleX": 1.0,
                      "ScaleY": 1.0
                    },
                    "CColor": {},
                    "IconVisible": false,
                    "PrePosition": {
                      "X": 0.5,
                      "Y": 0.43
                    },
                    "PreSize": {
                      "X": 1.0,
                      "Y": 1.81
                    },
                    "TopMargin": -124.0,
                    "BottomMargin": 43.0,
                    "Tag": 486,
                    "ActionTag": -355757951,
                    "Size": {
                      "X": 640.0,
                      "Y": 181.0
                    },
                    "Name": "Image_1",
                    "ctype": "ImageViewObjectData"
                  },
                  {
                    "FileData": {
                      "Type": "MarkedSubImage",
                      "Path": "pic/icon/icon_bg.png",
                      "Plist": "pic/icon/icon_atlas.plist"
                    },
                    "Scale9OriginX": 98,
                    "Scale9OriginY": 22,
                    "Scale9Width": 198,
                    "Scale9Height": 29,
                    "AnchorPoint": {
                      "ScaleX": 0.5,
                      "ScaleY": 0.5
                    },
                    "Position": {
                      "X": 320.0,
                      "Y": 60.8451
                    },
                    "Scale": {
                      "ScaleX": 1.0,
                      "ScaleY": 1.0
                    },
                    "CColor": {},
                    "IconVisible": false,
                    "PrePosition": {
                      "X": 0.5,
                      "Y": 0.6085
                    },
                    "PreSize": {
                      "X": 0.4922,
                      "Y": 0.73
                    },
                    "LeftMargin": 162.5,
                    "RightMargin": 162.5,
                    "TopMargin": 2.6549,
                    "BottomMargin": 24.3451,
                    "Tag": 546,
                    "ActionTag": 1220385099,
                    "Size": {
                      "X": 315.0,
                      "Y": 73.0
                    },
                    "Name": "Image_26",
                    "ctype": "ImageViewObjectData"
                  },
                  {
                    "IsCustomSize": true,
                    "FontSize": 30,
                    "LabelText": "{TXT_UI_CRUSADE-BATTLE-READY_0}",
                    "FontResource": {
                      "Type": "Normal",
                      "Path": "font/ModeMinBStd.ttf",
                      "Plist": ""
                    },
                    "HorizontalAlignmentType": "HT_Center",
                    "OutlineColor": {
                      "R": 0,
                      "G": 0,
                      "B": 0
                    },
                    "ShadowColor": {
                      "R": 0,
                      "G": 0,
                      "B": 0
                    },
                    "ShadowOffsetX": 2.0,
                    "ShadowOffsetY": -2.0,
                    "ShadowEnabled": true,
                    "AnchorPoint": {
                      "ScaleX": 0.5,
                      "ScaleY": 0.5
                    },
                    "Position": {
                      "X": 320.0,
                      "Y": 66.37
                    },
                    "Scale": {
                      "ScaleX": 1.0,
                      "ScaleY": 1.0
                    },
                    "CColor": {},
                    "IconVisible": false,
                    "PrePosition": {
                      "X": 0.5,
                      "Y": 0.6637
                    },
                    "PreSize": {
                      "X": 0.4219,
                      "Y": 0.33
                    },
                    "LeftMargin": 185.0,
                    "RightMargin": 185.0,
                    "TopMargin": 17.13,
                    "BottomMargin": 49.87,
                    "Tag": 517,
                    "ActionTag": -1387551624,
                    "Size": {
                      "X": 270.0,
                      "Y": 33.0
                    },
                    "Name": "txt_title",
                    "ctype": "TextObjectData"
                  },
                  {
                    "FontSize": 14,
                    "ButtonText": "",
                    "TextColor": {},
                    "NormalFileData": {
                      "Type": "MarkedSubImage",
                      "Path": "common_ui/btn_grade_help.png",
                      "Plist": "common_ui/common_panel_atlas.plist"
                    },
                    "Scale9OriginX": 23,
                    "Scale9OriginY": 23,
                    "Scale9Width": 34,
                    "Scale9Height": 34,
                    "OutlineColor": {
                      "R": 0,
                      "G": 0,
                      "B": 0
                    },
                    "ShadowColor": {
                      "R": 0,
                      "G": 0,
                      "B": 0
                    },
                    "ShadowOffsetX": 2.0,
                    "ShadowOffsetY": -2.0,
                    "TouchEnable": true,
                    "AnchorPoint": {
                      "ScaleX": 0.5,
                      "ScaleY": 0.5
                    },
                    "Position": {
                      "X": 595.9997,
                      "Y": 60.0
                    },
                    "Scale": {
                      "ScaleX": 1.0,
                      "ScaleY": 1.0
                    },
                    "CColor": {},
                    "IconVisible": false,
                    "PrePosition": {
                      "X": 0.9312,
                      "Y": 0.6
                    },
                    "PreSize": {
                      "X": 0.125,
                      "Y": 0.8
                    },
                    "LeftMargin": 555.9997,
                    "RightMargin": 4.0003,
                    "BottomMargin": 20.0,
                    "Tag": 544,
                    "ActionTag": -258950541,
                    "Size": {
                      "X": 80.0,
                      "Y": 80.0
                    },
                    "Name": "btn_help",
                    "ctype": "ButtonObjectData"
                  },
                  {
                    "FontSize": 25,
                    "ButtonText": "",
                    "TextColor": {},
                    "NormalFileData": {
                      "Type": "MarkedSubImage",
                      "Path": "common_ui/btn_grade_back.png",
                      "Plist": "common_ui/common_panel_atlas.plist"
                    },
                    "Scale9OriginX": 23,
                    "Scale9OriginY": 14,
                    "Scale9Width": 81,
                    "Scale9Height": 42,
                    "OutlineColor": {
                      "R": 0,
                      "G": 0,
                      "B": 0
                    },
                    "ShadowColor": {
                      "R": 0,
                      "G": 0,
                      "B": 0
                    },
                    "ShadowOffsetX": 2.0,
                    "ShadowOffsetY": -2.0,
                    "TouchEnable": true,
                    "AnchorPoint": {
                      "ScaleX": 0.52,
                      "ScaleY": 0.6
                    },
                    "Position": {
                      "X": 61.03,
                      "Y": 66.0
                    },
                    "Scale": {
                      "ScaleX": 1.0,
                      "ScaleY": 1.0
                    },
                    "CColor": {},
                    "IconVisible": false,
                    "PrePosition": {
                      "X": 0.0954,
                      "Y": 0.66
                    },
                    "PreSize": {
                      "X": 0.1984,
                      "Y": 0.72
                    },
                    "LeftMargin": -5.01,
                    "RightMargin": 518.01,
                    "TopMargin": 5.2,
                    "BottomMargin": 22.8,
                    "Tag": 566,
                    "ActionTag": -392840622,
                    "Size": {
                      "X": 127.0,
                      "Y": 72.0
                    },
                    "Name": "btn_return",
                    "ctype": "ButtonObjectData"
                  }
                ],
                "ActionTag": 1294865132,
                "Size": {
                  "X": 640.0,
                  "Y": 100.0
                },
                "Name": "pnl_top",
                "ctype": "PanelObjectData"
              },
              {
                "ClipAble": false,
                "SingleColor": {
                  "R": 103,
                  "G": 187,
                  "B": 117
                },
                "FirstColor": {
                  "R": 150,
                  "G": 200
                },
                "EndColor": {},
                "ColorVector": {
                  "ScaleY": 1.0
                },
                "Scale9Width": 1,
                "Scale9Height": 1,
                "AnchorPoint": {
                  "ScaleY": 1.0
                },
                "Position": {
                  "X": -1.1619,
                  "Y": 1097.78
                },
                "Scale": {
                  "ScaleX": 1.0,
                  "ScaleY": 1.0
                },
                "CColor": {},
                "IconVisible": false,
                "PrePosition": {
                  "X": -0.0018,
                  "Y": 0.9664
                },
                "PreSize": {
                  "X": 1.0,
                  "Y": 0.2201
                },
                "LeftMargin": -1.1619,
                "RightMargin": 1.1619,
                "TopMargin": 38.22,
                "BottomMargin": 847.78,
                "Tag": 518,
                "Children": [
                  {
                    "FileData": {
                      "Type": "MarkedSubImage",
                      "Path": "crusade/img_crusade_dooropen.png",
                      "Plist": "crusade/crusadePlist.plist"
                    },
                    "Scale9OriginX": 61,
                    "Scale9OriginY": 10,
                    "Scale9Width": 64,
                    "Scale9Height": 13,
                    "AnchorPoint": {
                      "ScaleX": 0.5,
                      "ScaleY": 0.5
                    },
                    "Position": {
                      "X": 530.996,
                      "Y": 203.0
                    },
                    "Scale": {
                      "ScaleX": 1.0,
                      "ScaleY": 1.0
                    },
                    "CColor": {},
                    "IconVisible": false,
                    "PrePosition": {
                      "X": 0.8297,
                      "Y": 0.812
                    },
                    "PreSize": {
                      "X": 0.2906,
                      "Y": 0.132
                    },
                    "LeftMargin": 437.996,
                    "RightMargin": 16.004,
                    "TopMargin": 30.5,
                    "BottomMargin": 186.5,
                    "Tag": 1209,
                    "ActionTag": 30654548,
                    "Size": {
                      "X": 186.0,
                      "Y": 33.0
                    },
                    "Name": "Image_11",
                    "ctype": "ImageViewObjectData"
                  },
                  {
                    "LabelText": "23:59:59",
                    "LabelBMFontFile_CNB": {
                      "Type": "Normal",
                      "Path": "bmtfont.proj/crusade_0.fnt",
                      "Plist": ""
                    },
                    "AnchorPoint": {
                      "ScaleX": 0.5,
                      "ScaleY": 0.5
                    },
                    "Position": {
                      "X": 516.7706,
                      "Y": 166.2757
                    },
                    "Scale": {
                      "ScaleX": 0.54,
                      "ScaleY": 0.54
                    },
                    "CColor": {},
                    "IconVisible": false,
                    "PrePosition": {
                      "X": 0.8075,
                      "Y": 0.6651
                    },
                    "PreSize": {
                      "X": 0.5813,
                      "Y": 0.128
                    },
                    "LeftMargin": 330.7706,
                    "RightMargin": -62.7706,
                    "TopMargin": 67.7243,
                    "BottomMargin": 150.2757,
                    "Tag": 1323,
                    "ActionTag": -1940383768,
                    "Size": {
                      "X": 372.0,
                      "Y": 32.0
                    },
                    "Name": "txt_crusade_countdown",
                    "ctype": "TextBMFontObjectData"
                  },
                  {
                    "FontSize": 14,
                    "ButtonText": "",
                    "TextColor": {
                      "R": 65,
                      "G": 65,
                      "B": 70
                    },
                    "NormalFileData": {
                      "Type": "MarkedSubImage",
                      "Path": "crusade/btn_crusade_detail.png",
                      "Plist": "crusade/crusadePlist.plist"
                    },
                    "Scale9Enable": true,
                    "Scale9OriginX": 15,
                    "Scale9OriginY": 11,
                    "Scale9Width": 66,
                    "Scale9Height": 87,
                    "OutlineColor": {
                      "G": 0,
                      "B": 0
                    },
                    "ShadowColor": {
                      "R": 110,
                      "G": 110,
                      "B": 110
                    },
                    "ShadowOffsetX": 2.0,
                    "ShadowOffsetY": -2.0,
                    "TouchEnable": true,
                    "AnchorPoint": {
                      "ScaleX": 0.5,
                      "ScaleY": 0.5
                    },
                    "Position": {
                      "X": 60.0,
                      "Y": 158.0
                    },
                    "Scale": {
                      "ScaleX": 1.0,
                      "ScaleY": 1.0
                    },
                    "CColor": {},
                    "IconVisible": false,
                    "PrePosition": {
                      "X": 0.0938,
                      "Y": 0.632
                    },
                    "PreSize": {
                      "X": 0.15,
                      "Y": 0.436
                    },
                    "LeftMargin": 12.0,
                    "RightMargin": 532.0,
                    "TopMargin": 37.5,
                    "BottomMargin": 103.5,
                    "Tag": 2212,
                    "ActionTag": -2004350442,
                    "Size": {
                      "X": 96.0,
                      "Y": 109.0
                    },
                    "Name": "btn_detail",
                    "ctype": "ButtonObjectData"
                  },
                  {
                    "FontSize": 14,
                    "ButtonText": "",
                    "TextColor": {
                      "R": 65,
                      "G": 65,
                      "B": 70
                    },
                    "NormalFileData": {
                      "Type": "MarkedSubImage",
                      "Path": "crusade/btn_crusade_talentview.png",
                      "Plist": "crusade/crusadePlist.plist"
                    },
                    "Scale9Enable": true,
                    "Scale9OriginX": 15,
                    "Scale9OriginY": 11,
                    "Scale9Width": 66,
                    "Scale9Height": 87,
                    "OutlineColor": {
                      "G": 0,
                      "B": 0
                    },
                    "ShadowColor": {
                      "R": 110,
                      "G": 110,
                      "B": 110
                    },
                    "ShadowOffsetX": 2.0,
                    "ShadowOffsetY": -2.0,
                    "TouchEnable": true,
                    "AnchorPoint": {
                      "ScaleX": 0.5,
                      "ScaleY": 0.5
                    },
                    "Position": {
                      "X": 61.0002,
                      "Y": 46.9999
                    },
                    "Scale": {
                      "ScaleX": 1.0,
                      "ScaleY": 1.0
                    },
                    "CColor": {},
                    "IconVisible": false,
                    "PrePosition": {
                      "X": 0.0953,
                      "Y": 0.188
                    },
                    "PreSize": {
                      "X": 0.15,
                      "Y": 0.428
                    },
                    "LeftMargin": 13.0002,
                    "RightMargin": 530.9998,
                    "TopMargin": 149.5001,
                    "BottomMargin": -6.5001,
                    "Tag": 2594,
                    "ActionTag": 1582909747,
                    "Size": {
                      "X": 96.0,
                      "Y": 107.0
                    },
                    "Name": "btn_talent_view",
                    "ctype": "ButtonObjectData"
                  },
                  {
                    "FontSize": 14,
                    "ButtonText": "",
                    "TextColor": {
                      "R": 65,
                      "G": 65,
                      "B": 70
                    },
                    "NormalFileData": {
                      "Type": "MarkedSubImage",
                      "Path": "crusade/btn_crusade_restraint.png",
                      "Plist": "crusade/crusadePlist.plist"
                    },
                    "Scale9Enable": true,
                    "Scale9OriginX": 15,
                    "Scale9OriginY": 11,
                    "Scale9Width": 66,
                    "Scale9Height": 87,
                    "OutlineColor": {
                      "G": 0,
                      "B": 0
                    },
                    "ShadowColor": {
                      "R": 110,
                      "G": 110,
                      "B": 110
                    },
                    "ShadowOffsetX": 2.0,
                    "ShadowOffsetY": -2.0,
                    "TouchEnable": true,
                    "AnchorPoint": {
                      "ScaleX": 0.5,
                      "ScaleY": 0.5
                    },
                    "Position": {
                      "X": 60.0,
                      "Y": -61.0007
                    },
                    "Scale": {
                      "ScaleX": 1.0,
                      "ScaleY": 1.0
                    },
                    "CColor": {},
                    "IconVisible": false,
                    "PrePosition": {
                      "X": 0.0937,
                      "Y": -0.244
                    },
                    "PreSize": {
                      "X": 0.15,
                      "Y": 0.436
                    },
                    "LeftMargin": 12.0,
                    "RightMargin": 532.0,
                    "TopMargin": 256.5007,
                    "BottomMargin": -115.5007,
                    "Tag": 694,
                    "ActionTag": 1020757623,
                    "Size": {
                      "X": 96.0,
                      "Y": 109.0
                    },
                    "Name": "btn_restraint",
                    "ctype": "ButtonObjectData"
                  },
                  {
                    "FileData": {
                      "Type": "MarkedSubImage",
                      "Path": "crusade/img_crusade_maparrow.png",
                      "Plist": "crusade/crusadePlist.plist"
                    },
                    "Scale9OriginX": 28,
                    "Scale9OriginY": 15,
                    "Scale9Width": 29,
                    "Scale9Height": 17,
                    "TouchEnable": true,
                    "AnchorPoint": {
                      "ScaleX": 0.5,
                      "ScaleY": 0.5
                    },
                    "Position": {
                      "X": 320.0,
                      "Y": -701.0
                    },
                    "Scale": {
                      "ScaleX": 1.0,
                      "ScaleY": 1.0
                    },
                    "CColor": {},
                    "IconVisible": false,
                    "PrePosition": {
                      "X": 0.5,
                      "Y": -2.804
                    },
                    "PreSize": {
                      "X": 0.1328,
                      "Y": 0.188
                    },
                    "LeftMargin": 277.5,
                    "RightMargin": 277.5,
                    "TopMargin": 927.5,
                    "BottomMargin": -724.5,
                    "Tag": 1324,
                    "ActionTag": -1791871225,
                    "Size": {
                      "X": 85.0,
                      "Y": 47.0
                    },
                    "Name": "img_maparrow",
                    "ctype": "ImageViewObjectData"
                  },
                  {
                    "FileData": {
                      "Type": "MarkedSubImage",
                      "Path": "pic/icon/main_uiimg_2.png",
                      "Plist": "pic/icon/icon_atlas.plist"
                    },
                    "Scale9Enable": true,
                    "Scale9OriginX": 15,
                    "Scale9OriginY": 15,
                    "Scale9Width": 215,
                    "Scale9Height": 5,
                    "AnchorPoint": {
                      "ScaleX": 1.0,
                      "ScaleY": 0.5
                    },
                    "Position": {
                      "X": 623.9664,
                      "Y": 111.7539
                    },
                    "Scale": {
                      "ScaleX": 1.0,
                      "ScaleY": 1.0
                    },
                    "CColor": {},
                    "IconVisible": false,
                    "PrePosition": {
                      "X": 0.9749,
                      "Y": 0.447
                    },
                    "PreSize": {
                      "X": 0.3438,
                      "Y": 0.14
                    },
                    "LeftMargin": 403.9664,
                    "RightMargin": 16.0336,
                    "TopMargin": 120.7461,
                    "BottomMargin": 94.2539,
                    "Tag": 752,
                    "Children": [
                      {
                        "IsCustomSize": true,
                        "FontSize": 20,
                        "LabelText": "{TXT_UI_CRUSADE-BATTLE-READY_1}",
                        "FontResource": {
                          "Type": "Normal",
                          "Path": "font/ModeMinBStd.ttf",
                          "Plist": ""
                        },
                        "OutlineColor": {
                          "G": 0,
                          "B": 0
                        },
                        "ShadowColor": {
                          "R": 110,
                          "G": 110,
                          "B": 110
                        },
                        "ShadowOffsetX": 2.0,
                        "ShadowOffsetY": -2.0,
                        "AnchorPoint": {
                          "ScaleY": 0.5
                        },
                        "Position": {
                          "X": 10.7858,
                          "Y": 17.0
                        },
                        "Scale": {
                          "ScaleX": 1.0,
                          "ScaleY": 1.0
                        },
                        "CColor": {},
                        "IconVisible": false,
                        "PrePosition": {
                          "X": 0.049,
                          "Y": 0.4857
                        },
                        "PreSize": {
                          "X": 0.5455,
                          "Y": 0.6286
                        },
                        "LeftMargin": 10.7858,
                        "RightMargin": 89.2142,
                        "TopMargin": 7.0,
                        "BottomMargin": 6.0,
                        "Tag": 754,
                        "ActionTag": 1683894727,
                        "Size": {
                          "X": 120.0,
                          "Y": 22.0
                        },
                        "Name": "Text_3",
                        "ctype": "TextObjectData"
                      },
                      {
                        "IsCustomSize": true,
                        "FontSize": 20,
                        "LabelText": "88",
                        "FontResource": {
                          "Type": "Normal",
                          "Path": "font/ModeMinBStd.ttf",
                          "Plist": ""
                        },
                        "HorizontalAlignmentType": "HT_Right",
                        "OutlineColor": {
                          "G": 0,
                          "B": 0
                        },
                        "ShadowColor": {
                          "R": 110,
                          "G": 110,
                          "B": 110
                        },
                        "ShadowOffsetX": 2.0,
                        "ShadowOffsetY": -2.0,
                        "AnchorPoint": {
                          "ScaleX": 1.0,
                          "ScaleY": 0.5
                        },
                        "Position": {
                          "X": 216.1646,
                          "Y": 16.7669
                        },
                        "Scale": {
                          "ScaleX": 1.0,
                          "ScaleY": 1.0
                        },
                        "CColor": {},
                        "IconVisible": false,
                        "PrePosition": {
                          "X": 0.9826,
                          "Y": 0.4791
                        },
                        "PreSize": {
                          "X": 0.6818,
                          "Y": 0.6286
                        },
                        "LeftMargin": 66.1646,
                        "RightMargin": 3.8354,
                        "TopMargin": 7.2331,
                        "BottomMargin": 5.7669,
                        "Tag": 755,
                        "ActionTag": 2126303776,
                        "Size": {
                          "X": 150.0,
                          "Y": 22.0
                        },
                        "Name": "txt_times",
                        "ctype": "TextObjectData"
                      }
                    ],
                    "ActionTag": 536490017,
                    "Size": {
                      "X": 220.0,
                      "Y": 35.0
                    },
                    "Name": "img_timesbg",
                    "ctype": "ImageViewObjectData"
                  },
                  {
                    "IsCustomSize": true,
                    "FontSize": 18,
                    "LabelText": "99:99",
                    "FontResource": {
                      "Type": "Normal",
                      "Path": "font/ModeMinBStd.ttf",
                      "Plist": ""
                    },
                    "HorizontalAlignmentType": "HT_Right",
                    "OutlineColor": {
                      "R": 0,
                      "G": 0,
                      "B": 0
                    },
                    "OutlineEnabled": true,
                    "ShadowColor": {
                      "R": 110,
                      "G": 110,
                      "B": 110
                    },
                    "ShadowOffsetX": 2.0,
                    "ShadowOffsetY": -2.0,
                    "AnchorPoint": {
                      "ScaleX": 1.0,
                      "ScaleY": 0.5
                    },
                    "Position": {
                      "X": 484.44,
                      "Y": 76.2
                    },
                    "Scale": {
                      "ScaleX": 1.0,
                      "ScaleY": 1.0
                    },
                    "CColor": {
                      "G": 0,
                      "B": 0
                    },
                    "IconVisible": false,
                    "PrePosition": {
                      "X": 0.7569,
                      "Y": 0.3048
                    },
                    "PreSize": {
                      "X": 0.2188,
                      "Y": 0.088
                    },
                    "LeftMargin": 344.44,
                    "RightMargin": 155.56,
                    "TopMargin": 162.8,
                    "BottomMargin": 65.2,
                    "Tag": 756,
                    "Children": [
                      {
                        "IsCustomSize": true,
                        "FontSize": 20,
                        "LabelText": "{TXT_UI_CRUSADE-BATTLE-READY_1}",
                        "FontResource": {
                          "Type": "Normal",
                          "Path": "font/ModeMinBStd.ttf",
                          "Plist": ""
                        },
                        "OutlineColor": {
                          "R": 131,
                          "G": 25,
                          "B": 22
                        },
                        "OutlineEnabled": true,
                        "ShadowColor": {
                          "R": 110,
                          "G": 110,
                          "B": 110
                        },
                        "ShadowOffsetX": 2.0,
                        "ShadowOffsetY": -2.0,
                        "AnchorPoint": {
                          "ScaleY": 0.5
                        },
                        "Position": {
                          "X": 143.2546,
                          "Y": 12.5
                        },
                        "Scale": {
                          "ScaleX": 1.0,
                          "ScaleY": 1.0
                        },
                        "CColor": {},
                        "IconVisible": false,
                        "PrePosition": {
                          "X": 1.0232,
                          "Y": 0.5682
                        },
                        "PreSize": {
                          "X": 1.0714,
                          "Y": 1.0909
                        },
                        "LeftMargin": 143.2546,
                        "RightMargin": -153.2546,
                        "TopMargin": -2.5,
                        "BottomMargin": 0.5,
                        "Tag": 757,
                        "ActionTag": 209001957,
                        "Size": {
                          "X": 150.0,
                          "Y": 24.0
                        },
                        "Name": "txt_next",
                        "ctype": "TextObjectData"
                      }
                    ],
                    "ActionTag": 1265884405,
                    "Size": {
                      "X": 140.0,
                      "Y": 22.0
                    },
                    "Name": "txt_colddown",
                    "ctype": "TextObjectData"
                  }
                ],
                "ActionTag": -2104305371,
                "Size": {
                  "X": 640.0,
                  "Y": 250.0
                },
                "Name": "pnl_crusade_main",
                "ctype": "PanelObjectData"
              }
            ],
            "ActionTag": 2146668757,
            "Size": {
              "X": 640.0,
              "Y": 1136.0
            },
            "Name": "Root",
            "ctype": "PanelObjectData"
          }
        ],
        "Size": {
          "X": 640.0,
          "Y": 1136.0
        },
        "Name": "Layer",
        "ctype": "LayerObjectData"
      },
      "UsedResources": [
        "bmtfont.proj/crusade_0.fnt",
        "bmtfont.proj/crusade_0.png",
        "common_ui/common_panel_atlas.plist",
        "common_ui/common_panel_atlas.png",
        "common_ui/icon_club_top_bg.png",
        "crusade/crusadePlist.plist",
        "crusade/crusadePlist.png",
        "crusade/img_crusade_gamebg.jpg",
        "crusade/img_crusade_gamebreath.png",
        "Default/ImageFile.png",
        "font/ModeMinBStd.ttf",
        "pic/battle_activity/battle_activity_atlas.plist",
        "pic/battle_activity/battle_activity_atlas.png",
        "pic/icon/icon_atlas.plist",
        "pic/icon/icon_atlas.png"
      ],
      "ctype": "GameFileData"
    }
  },
  "Type": "Layer"
}