{
  "ID": "835d48dd-66a9-4477-8cac-109581e3378c",
  "Version": "3.10.0.0",
  "Name": "crusade-main",
  "Content": {
    "Content": {
      "Animation": {
        "Duration": 0,
        "Speed": 0.3333,
        "Timelines": [],
        "ctype": "TimelineActionData"
      },
      "AnimationList": [],
      "ObjectData": {
        "Tag": 512,
        "Children": [
          {
            "ClipAble": false,
            "BackColorAlpha": 204,
            "ComboBoxIndex": 1,
            "SingleColor": {
              "R": 0,
              "G": 0,
              "B": 0
            },
            "FirstColor": {
              "R": 150,
              "G": 200
            },
            "EndColor": {},
            "ColorVector": {
              "ScaleY": 1.0
            },
            "Scale9Width": 1,
            "Scale9Height": 1,
            "TouchEnable": true,
            "AnchorPoint": {},
            "Position": {
              "X": 0.0,
              "Y": 0.0
            },
            "Scale": {
              "ScaleX": 1.0,
              "ScaleY": 1.0
            },
            "CColor": {},
            "IconVisible": false,
            "PrePosition": {
              "X": 0.0,
              "Y": 0.0
            },
            "PreSize": {
              "X": 1.0,
              "Y": 1.0
            },
            "Tag": 513,
            "Children": [
              {
                "FileData": {
                  "Type": "Normal",
                  "Path": "crusade/img_crusade_mainbg.jpg",
                  "Plist": ""
                },
                "Scale9OriginX": 15,
                "Scale9OriginY": 15,
                "Scale9Width": 610,
                "Scale9Height": 1106,
                "AnchorPoint": {
                  "ScaleX": 0.5,
                  "ScaleY": 0.5
                },
                "Position": {
                  "X": 320.0,
                  "Y": 568.0
                },
                "Scale": {
                  "ScaleX": 1.0,
                  "ScaleY": 1.0
                },
                "CColor": {},
                "IconVisible": false,
                "PositionPercentXEnabled": true,
                "PositionPercentYEnabled": true,
                "PrePosition": {
                  "X": 0.5,
                  "Y": 0.5
                },
                "PreSize": {
                  "X": 1.0,
                  "Y": 1.0
                },
                "Tag": 1116,
                "ActionTag": -1332692847,
                "Size": {
                  "X": 640.0,
                  "Y": 1136.0
                },
                "Name": "img_bg",
                "ctype": "ImageViewObjectData"
              },
              {
                "ClipAble": false,
                "BackColorAlpha": 102,
                "SingleColor": {
                  "R": 150,
                  "G": 200
                },
                "FirstColor": {
                  "R": 150,
                  "G": 200
                },
                "EndColor": {},
                "ColorVector": {
                  "ScaleY": 1.0
                },
                "Scale9Width": 1,
                "Scale9Height": 1,
                "AnchorPoint": {
                  "ScaleY": 1.0
                },
                "Position": {
                  "X": 0.0,
                  "Y": 1136.0002
                },
                "Scale": {
                  "ScaleX": 1.0,
                  "ScaleY": 1.0
                },
                "CColor": {},
                "IconVisible": false,
                "PrePosition": {
                  "X": 0.0,
                  "Y": 1.0
                },
                "PreSize": {
                  "X": 1.0,
                  "Y": 0.088
                },
                "TopMargin": -0.0002,
                "BottomMargin": 1036.0002,
                "Tag": 516,
                "Children": [
                  {
                    "FileData": {
                      "Type": "Normal",
                      "Path": "common_ui/icon_club_top_bg.png",
                      "Plist": ""
                    },
                    "Scale9OriginX": 211,
                    "Scale9OriginY": 18,
                    "Scale9Width": 218,
                    "Scale9Height": 140,
                    "AnchorPoint": {
                      "ScaleX": 0.5
                    },
                    "Position": {
                      "X": 320.0,
                      "Y": 43.0
                    },
                    "Scale": {
                      "ScaleX": 1.0,
                      "ScaleY": 1.0
                    },
                    "CColor": {},
                    "IconVisible": false,
                    "PrePosition": {
                      "X": 0.5,
                      "Y": 0.43
                    },
                    "PreSize": {
                      "X": 1.0,
                      "Y": 1.81
                    },
                    "TopMargin": -124.0,
                    "BottomMargin": 43.0,
                    "Tag": 486,
                    "ActionTag": -355757951,
                    "Size": {
                      "X": 640.0,
                      "Y": 181.0
                    },
                    "Name": "Image_1",
                    "ctype": "ImageViewObjectData"
                  },
                  {
                    "FileData": {
                      "Type": "MarkedSubImage",
                      "Path": "pic/icon/icon_bg.png",
                      "Plist": "pic/icon/icon_atlas.plist"
                    },
                    "Scale9OriginX": 98,
                    "Scale9OriginY": 22,
                    "Scale9Width": 198,
                    "Scale9Height": 29,
                    "AnchorPoint": {
                      "ScaleX": 0.5,
                      "ScaleY": 0.5
                    },
                    "Position": {
                      "X": 319.9999,
                      "Y": 63.4938
                    },
                    "Scale": {
                      "ScaleX": 1.0,
                      "ScaleY": 1.0
                    },
                    "CColor": {},
                    "IconVisible": false,
                    "PrePosition": {
                      "X": 0.5,
                      "Y": 0.6349
                    },
                    "PreSize": {
                      "X": 0.4922,
                      "Y": 0.73
                    },
                    "LeftMargin": 162.4999,
                    "RightMargin": 162.5001,
                    "TopMargin": 0.0062,
                    "BottomMargin": 26.9938,
                    "Tag": 546,
                    "ActionTag": 1220385099,
                    "Size": {
                      "X": 315.0,
                      "Y": 73.0
                    },
                    "Name": "Image_26",
                    "ctype": "ImageViewObjectData"
                  },
                  {
                    "IsCustomSize": true,
                    "FontSize": 30,
                    "LabelText": "{TXT_UI_CRUSADE-MAIN_0}",
                    "FontResource": {
                      "Type": "Normal",
                      "Path": "font/ModeMinBStd.ttf",
                      "Plist": ""
                    },
                    "HorizontalAlignmentType": "HT_Center",
                    "OutlineColor": {
                      "R": 0,
                      "G": 0,
                      "B": 0
                    },
                    "ShadowColor": {
                      "R": 0,
                      "G": 0,
                      "B": 0
                    },
                    "ShadowOffsetX": 2.0,
                    "ShadowOffsetY": -2.0,
                    "ShadowEnabled": true,
                    "AnchorPoint": {
                      "ScaleX": 0.5,
                      "ScaleY": 0.5
                    },
                    "Position": {
                      "X": 320.0,
                      "Y": 66.37
                    },
                    "Scale": {
                      "ScaleX": 1.0,
                      "ScaleY": 1.0
                    },
                    "CColor": {},
                    "IconVisible": false,
                    "PrePosition": {
                      "X": 0.5,
                      "Y": 0.6637
                    },
                    "PreSize": {
                      "X": 0.4219,
                      "Y": 0.33
                    },
                    "LeftMargin": 185.0,
                    "RightMargin": 185.0,
                    "TopMargin": 17.13,
                    "BottomMargin": 49.87,
                    "Tag": 517,
                    "ActionTag": -1387551624,
                    "Size": {
                      "X": 270.0,
                      "Y": 33.0
                    },
                    "Name": "txt_title",
                    "ctype": "TextObjectData"
                  },
                  {
                    "FontSize": 14,
                    "ButtonText": "",
                    "TextColor": {},
                    "NormalFileData": {
                      "Type": "MarkedSubImage",
                      "Path": "common_ui/btn_grade_help.png",
                      "Plist": "common_ui/common_panel_atlas.plist"
                    },
                    "Scale9OriginX": 23,
                    "Scale9OriginY": 23,
                    "Scale9Width": 34,
                    "Scale9Height": 34,
                    "OutlineColor": {
                      "R": 0,
                      "G": 0,
                      "B": 0
                    },
                    "ShadowColor": {
                      "R": 0,
                      "G": 0,
                      "B": 0
                    },
                    "ShadowOffsetX": 2.0,
                    "ShadowOffsetY": -2.0,
                    "TouchEnable": true,
                    "AnchorPoint": {
                      "ScaleX": 0.5,
                      "ScaleY": 0.5
                    },
                    "Position": {
                      "X": 595.9997,
                      "Y": 60.0
                    },
                    "Scale": {
                      "ScaleX": 1.0,
                      "ScaleY": 1.0
                    },
                    "CColor": {},
                    "IconVisible": false,
                    "PrePosition": {
                      "X": 0.9312,
                      "Y": 0.6
                    },
                    "PreSize": {
                      "X": 0.125,
                      "Y": 0.8
                    },
                    "LeftMargin": 555.9997,
                    "RightMargin": 4.0003,
                    "BottomMargin": 20.0,
                    "Tag": 544,
                    "ActionTag": -258950541,
                    "Size": {
                      "X": 80.0,
                      "Y": 80.0
                    },
                    "Name": "btn_help",
                    "ctype": "ButtonObjectData"
                  },
                  {
                    "FontSize": 25,
                    "ButtonText": "",
                    "TextColor": {},
                    "NormalFileData": {
                      "Type": "MarkedSubImage",
                      "Path": "common_ui/btn_grade_back.png",
                      "Plist": "common_ui/common_panel_atlas.plist"
                    },
                    "Scale9OriginX": 23,
                    "Scale9OriginY": 14,
                    "Scale9Width": 81,
                    "Scale9Height": 42,
                    "OutlineColor": {
                      "R": 0,
                      "G": 0,
                      "B": 0
                    },
                    "ShadowColor": {
                      "R": 0,
                      "G": 0,
                      "B": 0
                    },
                    "ShadowOffsetX": 2.0,
                    "ShadowOffsetY": -2.0,
                    "TouchEnable": true,
                    "AnchorPoint": {
                      "ScaleX": 0.52,
                      "ScaleY": 0.6
                    },
                    "Position": {
                      "X": 61.03,
                      "Y": 66.0
                    },
                    "Scale": {
                      "ScaleX": 1.0,
                      "ScaleY": 1.0
                    },
                    "CColor": {},
                    "IconVisible": false,
                    "PrePosition": {
                      "X": 0.0954,
                      "Y": 0.66
                    },
                    "PreSize": {
                      "X": 0.1984,
                      "Y": 0.72
                    },
                    "LeftMargin": -5.01,
                    "RightMargin": 518.01,
                    "TopMargin": 5.2,
                    "BottomMargin": 22.8,
                    "Tag": 566,
                    "ActionTag": -392840622,
                    "Size": {
                      "X": 127.0,
                      "Y": 72.0
                    },
                    "Name": "btn_return",
                    "ctype": "ButtonObjectData"
                  },
                  {
                    "FontSize": 14,
                    "ButtonText": "",
                    "TextColor": {
                      "R": 65,
                      "G": 65,
                      "B": 70
                    },
                    "NormalFileData": {
                      "Type": "MarkedSubImage",
                      "Path": "sandbeach/img_sandbeach_change_shop.png",
                      "Plist": "sandbeach/sandbeachPlist.plist"
                    },
                    "Scale9Enable": true,
                    "Scale9OriginX": 15,
                    "Scale9OriginY": 11,
                    "Scale9Width": 45,
                    "Scale9Height": 53,
                    "OutlineColor": {
                      "G": 0,
                      "B": 0
                    },
                    "ShadowColor": {
                      "R": 110,
                      "G": 110,
                      "B": 110
                    },
                    "ShadowOffsetX": 2.0,
                    "ShadowOffsetY": -2.0,
                    "TouchEnable": true,
                    "AnchorPoint": {
                      "ScaleX": 0.5,
                      "ScaleY": 0.5
                    },
                    "Position": {
                      "X": 582.0,
                      "Y": -23.0
                    },
                    "Scale": {
                      "ScaleX": 1.0,
                      "ScaleY": 1.0
                    },
                    "CColor": {},
                    "IconVisible": false,
                    "PrePosition": {
                      "X": 0.9094,
                      "Y": -0.23
                    },
                    "PreSize": {
                      "X": 0.1172,
                      "Y": 0.75
                    },
                    "LeftMargin": 544.5,
                    "RightMargin": 20.5,
                    "TopMargin": 85.5,
                    "BottomMargin": -60.5,
                    "Tag": 2598,
                    "ActionTag": -310354169,
                    "Size": {
                      "X": 75.0,
                      "Y": 75.0
                    },
                    "Name": "btn_shop",
                    "ctype": "ButtonObjectData"
                  },
                  {
                    "FontSize": 14,
                    "ButtonText": "",
                    "TextColor": {
                      "R": 65,
                      "G": 65,
                      "B": 70
                    },
                    "NormalFileData": {
                      "Type": "MarkedSubImage",
                      "Path": "crusade/btn_crusade_detail.png",
                      "Plist": "crusade/crusadePlist.plist"
                    },
                    "Scale9Enable": true,
                    "Scale9OriginX": 15,
                    "Scale9OriginY": 11,
                    "Scale9Width": 66,
                    "Scale9Height": 87,
                    "OutlineColor": {
                      "G": 0,
                      "B": 0
                    },
                    "ShadowColor": {
                      "R": 110,
                      "G": 110,
                      "B": 110
                    },
                    "ShadowOffsetX": 2.0,
                    "ShadowOffsetY": -2.0,
                    "TouchEnable": true,
                    "AnchorPoint": {
                      "ScaleX": 0.5,
                      "ScaleY": 0.5
                    },
                    "Position": {
                      "X": 59.0,
                      "Y": -30.0011
                    },
                    "Scale": {
                      "ScaleX": 1.0,
                      "ScaleY": 1.0
                    },
                    "CColor": {},
                    "IconVisible": false,
                    "PrePosition": {
                      "X": 0.0922,
                      "Y": -0.3
                    },
                    "PreSize": {
                      "X": 0.15,
                      "Y": 1.09
                    },
                    "LeftMargin": 11.0,
                    "RightMargin": 533.0,
                    "TopMargin": 75.5011,
                    "BottomMargin": -84.5011,
                    "Tag": 2212,
                    "ActionTag": -2004350442,
                    "Size": {
                      "X": 96.0,
                      "Y": 109.0
                    },
                    "Name": "btn_detail",
                    "ctype": "ButtonObjectData"
                  },
                  {
                    "FontSize": 14,
                    "ButtonText": "",
                    "TextColor": {
                      "R": 65,
                      "G": 65,
                      "B": 70
                    },
                    "NormalFileData": {
                      "Type": "MarkedSubImage",
                      "Path": "crusade/btn_crusade_talentview.png",
                      "Plist": "crusade/crusadePlist.plist"
                    },
                    "Scale9Enable": true,
                    "Scale9OriginX": 15,
                    "Scale9OriginY": 11,
                    "Scale9Width": 66,
                    "Scale9Height": 87,
                    "OutlineColor": {
                      "G": 0,
                      "B": 0
                    },
                    "ShadowColor": {
                      "R": 110,
                      "G": 110,
                      "B": 110
                    },
                    "ShadowOffsetX": 2.0,
                    "ShadowOffsetY": -2.0,
                    "TouchEnable": true,
                    "AnchorPoint": {
                      "ScaleX": 0.5,
                      "ScaleY": 0.5
                    },
                    "Position": {
                      "X": 59.0003,
                      "Y": -142.0004
                    },
                    "Scale": {
                      "ScaleX": 1.0,
                      "ScaleY": 1.0
                    },
                    "CColor": {},
                    "IconVisible": false,
                    "PrePosition": {
                      "X": 0.0922,
                      "Y": -1.42
                    },
                    "PreSize": {
                      "X": 0.15,
                      "Y": 1.07
                    },
                    "LeftMargin": 11.0003,
                    "RightMargin": 532.9996,
                    "TopMargin": 188.5004,
                    "BottomMargin": -195.5004,
                    "Tag": 2594,
                    "ActionTag": 1582909747,
                    "Size": {
                      "X": 96.0,
                      "Y": 107.0
                    },
                    "Name": "btn_talent_view",
                    "ctype": "ButtonObjectData"
                  }
                ],
                "ActionTag": 1294865132,
                "Size": {
                  "X": 640.0,
                  "Y": 100.0
                },
                "Name": "pnl_top",
                "ctype": "PanelObjectData"
              },
              {
                "ClipAble": false,
                "SingleColor": {
                  "R": 103,
                  "G": 187,
                  "B": 117
                },
                "FirstColor": {
                  "R": 150,
                  "G": 200
                },
                "EndColor": {},
                "ColorVector": {
                  "ScaleY": 1.0
                },
                "Scale9Width": 1,
                "Scale9Height": 1,
                "AnchorPoint": {
                  "ScaleY": 1.0
                },
                "Position": {
                  "X": 0.0,
                  "Y": 832.4768
                },
                "Scale": {
                  "ScaleX": 1.0,
                  "ScaleY": 1.0
                },
                "CColor": {},
                "IconVisible": false,
                "PrePosition": {
                  "X": 0.0,
                  "Y": 0.7328
                },
                "PreSize": {
                  "X": 1.0,
                  "Y": 0.4093
                },
                "TopMargin": 303.5232,
                "BottomMargin": 367.4768,
                "Tag": 518,
                "Children": [
                  {
                    "AnchorPoint": {},
                    "Position": {
                      "X": 320.0,
                      "Y": 278.0
                    },
                    "Scale": {
                      "ScaleX": 1.0,
                      "ScaleY": 1.0
                    },
                    "CColor": {},
                    "IconVisible": true,
                    "PrePosition": {
                      "X": 0.5,
                      "Y": 0.5978
                    },
                    "PreSize": {
                      "X": 0.0,
                      "Y": 0.0
                    },
                    "LeftMargin": 320.0,
                    "RightMargin": 320.0,
                    "TopMargin": 187.0,
                    "BottomMargin": 278.0,
                    "Tag": 246,
                    "Children": [
                      {
                        "FileData": {
                          "Type": "Normal",
                          "Path": "particle/crusade_particle1.plist",
                          "Plist": ""
                        },
                        "BlendFunc": {
                          "Src": 770,
                          "Dst": 1
                        },
                        "AnchorPoint": {},
                        "Position": {
                          "X": 0.0,
                          "Y": 0.0
                        },
                        "Scale": {
                          "ScaleX": 1.0,
                          "ScaleY": 1.0
                        },
                        "CColor": {},
                        "IconVisible": true,
                        "PrePosition": {
                          "X": 0.0,
                          "Y": 0.0
                        },
                        "PreSize": {
                          "X": 0.0,
                          "Y": 0.0
                        },
                        "Tag": 247,
                        "ActionTag": -1663730570,
                        "Size": {
                          "X": 0.0,
                          "Y": 0.0
                        },
                        "Name": "Particle_1",
                        "ctype": "ParticleObjectData"
                      },
                      {
                        "FileData": {
                          "Type": "Normal",
                          "Path": "particle/crusade_particle2.plist",
                          "Plist": ""
                        },
                        "BlendFunc": {
                          "Src": 770,
                          "Dst": 1
                        },
                        "AnchorPoint": {},
                        "Position": {
                          "X": 0.0,
                          "Y": -10.0
                        },
                        "Scale": {
                          "ScaleX": 1.0,
                          "ScaleY": 1.0
                        },
                        "CColor": {},
                        "IconVisible": true,
                        "PrePosition": {
                          "X": 0.0,
                          "Y": 0.0
                        },
                        "PreSize": {
                          "X": 0.0,
                          "Y": 0.0
                        },
                        "TopMargin": 10.0,
                        "BottomMargin": -10.0,
                        "Tag": 248,
                        "ActionTag": -933052778,
                        "Size": {
                          "X": 0.0,
                          "Y": 0.0
                        },
                        "Name": "Particle_1_0",
                        "ctype": "ParticleObjectData"
                      },
                      {
                        "FileData": {
                          "Type": "Normal",
                          "Path": "particle/crusade_particle3.plist",
                          "Plist": ""
                        },
                        "BlendFunc": {
                          "Src": 770,
                          "Dst": 1
                        },
                        "AnchorPoint": {},
                        "Position": {
                          "X": 0.0,
                          "Y": -20.0
                        },
                        "Scale": {
                          "ScaleX": 1.0,
                          "ScaleY": 1.0
                        },
                        "CColor": {},
                        "IconVisible": true,
                        "PrePosition": {
                          "X": 0.0,
                          "Y": 0.0
                        },
                        "PreSize": {
                          "X": 0.0,
                          "Y": 0.0
                        },
                        "TopMargin": 20.0,
                        "BottomMargin": -20.0,
                        "Tag": 249,
                        "ActionTag": -1482946294,
                        "Size": {
                          "X": 0.0,
                          "Y": 0.0
                        },
                        "Name": "Particle_1_1",
                        "ctype": "ParticleObjectData"
                      },
                      {
                        "FileData": {
                          "Type": "Normal",
                          "Path": "particle/crusade_particle4.plist",
                          "Plist": ""
                        },
                        "BlendFunc": {
                          "Src": 770,
                          "Dst": 1
                        },
                        "AnchorPoint": {},
                        "Position": {
                          "X": 0.0,
                          "Y": -30.0
                        },
                        "Scale": {
                          "ScaleX": 1.0,
                          "ScaleY": 1.0
                        },
                        "CColor": {},
                        "IconVisible": true,
                        "PrePosition": {
                          "X": 0.0,
                          "Y": 0.0
                        },
                        "PreSize": {
                          "X": 0.0,
                          "Y": 0.0
                        },
                        "TopMargin": 30.0,
                        "BottomMargin": -30.0,
                        "Tag": 250,
                        "ActionTag": 1242597884,
                        "Size": {
                          "X": 0.0,
                          "Y": 0.0
                        },
                        "Name": "Particle_1_2",
                        "ctype": "ParticleObjectData"
                      }
                    ],
                    "ActionTag": 1783552911,
                    "Size": {
                      "X": 0.0,
                      "Y": 0.0
                    },
                    "Name": "node_particle",
                    "ctype": "SingleNodeObjectData"
                  },
                  {
                    "FileData": {
                      "Type": "Normal",
                      "Path": "crusade/img_crusade_noopen.png",
                      "Plist": ""
                    },
                    "Scale9OriginX": 211,
                    "Scale9OriginY": 374,
                    "Scale9Width": 218,
                    "Scale9Height": 388,
                    "AnchorPoint": {
                      "ScaleX": 0.5,
                      "ScaleY": 0.5
                    },
                    "Position": {
                      "X": 320.0,
                      "Y": 232.5
                    },
                    "Scale": {
                      "ScaleX": 1.0,
                      "ScaleY": 1.0
                    },
                    "CColor": {},
                    "IconVisible": false,
                    "PrePosition": {
                      "X": 0.5,
                      "Y": 0.5
                    },
                    "PreSize": {
                      "X": 1.0,
                      "Y": 2.443
                    },
                    "TopMargin": -335.5,
                    "BottomMargin": -335.5,
                    "Tag": 672,
                    "ActionTag": -1362261203,
                    "Size": {
                      "X": 640.0,
                      "Y": 1136.0
                    },
                    "Name": "img_noopen",
                    "ctype": "ImageViewObjectData"
                  },
                  {
                    "FontSize": 14,
                    "ButtonText": "",
                    "TextColor": {
                      "R": 65,
                      "G": 65,
                      "B": 70
                    },
                    "NormalFileData": {
                      "Type": "MarkedSubImage",
                      "Path": "crusade/btn_crusade_banner.png",
                      "Plist": "crusade/crusadePlist.plist"
                    },
                    "Scale9Enable": true,
                    "Scale9OriginX": 15,
                    "Scale9OriginY": 11,
                    "Scale9Width": 438,
                    "Scale9Height": 241,
                    "OutlineColor": {
                      "G": 0,
                      "B": 0
                    },
                    "ShadowColor": {
                      "R": 110,
                      "G": 110,
                      "B": 110
                    },
                    "ShadowOffsetX": 2.0,
                    "ShadowOffsetY": -2.0,
                    "TouchEnable": true,
                    "AnchorPoint": {
                      "ScaleX": 0.5,
                      "ScaleY": 0.5
                    },
                    "Position": {
                      "X": 321.0012,
                      "Y": 330.9958
                    },
                    "Scale": {
                      "ScaleX": 1.0,
                      "ScaleY": 1.0
                    },
                    "CColor": {},
                    "IconVisible": false,
                    "PrePosition": {
                      "X": 0.5016,
                      "Y": 0.7118
                    },
                    "PreSize": {
                      "X": 0.7312,
                      "Y": 0.5656
                    },
                    "LeftMargin": 87.0012,
                    "RightMargin": 84.9988,
                    "TopMargin": 2.5042,
                    "BottomMargin": 199.4958,
                    "Tag": 507,
                    "Children": [
                      {
                        "FileData": {
                          "Type": "MarkedSubImage",
                          "Path": "common/Dress_ImgRedP.png",
                          "Plist": "common/common.plist"
                        },
                        "Scale9OriginX": 6,
                        "Scale9OriginY": 6,
                        "Scale9Width": 26,
                        "Scale9Height": 26,
                        "AnchorPoint": {
                          "ScaleX": 0.5,
                          "ScaleY": 0.5
                        },
                        "Position": {
                          "X": 392.2736,
                          "Y": 191.0653
                        },
                        "Scale": {
                          "ScaleX": 1.0,
                          "ScaleY": 1.0
                        },
                        "CColor": {},
                        "IconVisible": false,
                        "PrePosition": {
                          "X": 0.8382,
                          "Y": 0.7265
                        },
                        "PreSize": {
                          "X": 0.0812,
                          "Y": 0.1445
                        },
                        "LeftMargin": 373.2736,
                        "RightMargin": 56.7264,
                        "TopMargin": 52.9347,
                        "BottomMargin": 172.0653,
                        "Tag": 508,
                        "ActionTag": -2080069249,
                        "Size": {
                          "X": 38.0,
                          "Y": 38.0
                        },
                        "VisibleForFrame": false,
                        "Name": "img_red_point",
                        "ctype": "ImageViewObjectData"
                      }
                    ],
                    "ActionTag": 1215460061,
                    "Size": {
                      "X": 468.0,
                      "Y": 263.0
                    },
                    "Name": "btn_start",
                    "ctype": "ButtonObjectData"
                  },
                  {
                    "FileData": {
                      "Type": "MarkedSubImage",
                      "Path": "yokaibubble/img_yokaibubble_scorebg.png",
                      "Plist": "yokaibubble/yokaibubblePlist.plist"
                    },
                    "Scale9Enable": true,
                    "Scale9OriginX": 48,
                    "Scale9OriginY": 5,
                    "Scale9Width": 52,
                    "Scale9Height": 45,
                    "AnchorPoint": {
                      "ScaleX": 0.5,
                      "ScaleY": 0.5
                    },
                    "Position": {
                      "X": 320.0,
                      "Y": 175.0
                    },
                    "Scale": {
                      "ScaleX": 1.0,
                      "ScaleY": 1.0
                    },
                    "CColor": {},
                    "IconVisible": false,
                    "PrePosition": {
                      "X": 0.5,
                      "Y": 0.3763
                    },
                    "PreSize": {
                      "X": 0.7812,
                      "Y": 0.3269
                    },
                    "LeftMargin": 70.0,
                    "RightMargin": 70.0,
                    "TopMargin": 214.0,
                    "BottomMargin": 99.0,
                    "Tag": 509,
                    "ActionTag": -1973253624,
                    "Size": {
                      "X": 500.0,
                      "Y": 152.0
                    },
                    "Name": "Image_2_0",
                    "ctype": "ImageViewObjectData"
                  },
                  {
                    "FileData": {
                      "Type": "MarkedSubImage",
                      "Path": "crusade/img_crusade_txtprocess.png",
                      "Plist": "crusade/crusadePlist.plist"
                    },
                    "Scale9OriginX": 61,
                    "Scale9OriginY": 14,
                    "Scale9Width": 64,
                    "Scale9Height": 16,
                    "AnchorPoint": {
                      "ScaleX": 0.5,
                      "ScaleY": 0.5
                    },
                    "Position": {
                      "X": 320.0,
                      "Y": 214.9999
                    },
                    "Scale": {
                      "ScaleX": 1.0,
                      "ScaleY": 1.0
                    },
                    "CColor": {},
                    "IconVisible": false,
                    "PrePosition": {
                      "X": 0.5,
                      "Y": 0.4624
                    },
                    "PreSize": {
                      "X": 0.2906,
                      "Y": 0.0946
                    },
                    "LeftMargin": 227.0,
                    "RightMargin": 227.0,
                    "TopMargin": 228.0001,
                    "BottomMargin": 192.9999,
                    "Tag": 244,
                    "ActionTag": 1019980408,
                    "Size": {
                      "X": 186.0,
                      "Y": 44.0
                    },
                    "Name": "Image_2",
                    "ctype": "ImageViewObjectData"
                  },
                  {
                    "LabelText": "",
                    "LabelBMFontFile_CNB": {
                      "Type": "Normal",
                      "Path": "bmtfont.proj/crusade_0.fnt",
                      "Plist": ""
                    },
                    "AnchorPoint": {
                      "ScaleX": 0.5,
                      "ScaleY": 0.5
                    },
                    "Position": {
                      "X": 320.0,
                      "Y": 169.8779
                    },
                    "Scale": {
                      "ScaleX": 1.0,
                      "ScaleY": 1.0
                    },
                    "CColor": {},
                    "IconVisible": false,
                    "PrePosition": {
                      "X": 0.5,
                      "Y": 0.3653
                    },
                    "PreSize": {
                      "X": 0.0,
                      "Y": 0.0
                    },
                    "LeftMargin": 320.0,
                    "RightMargin": 320.0,
                    "TopMargin": 295.1221,
                    "BottomMargin": 169.8779,
                    "Tag": 506,
                    "ActionTag": 1041091547,
                    "Size": {
                      "X": 0.0,
                      "Y": 0.0
                    },
                    "Name": "txt_process",
                    "ctype": "TextBMFontObjectData"
                  },
                  {
                    "FileData": {
                      "Type": "MarkedSubImage",
                      "Path": "crusade/img_crusade_ready.png",
                      "Plist": "crusade/crusadePlist.plist"
                    },
                    "Scale9OriginX": 36,
                    "Scale9OriginY": 6,
                    "Scale9Width": 38,
                    "Scale9Height": 8,
                    "AnchorPoint": {
                      "ScaleX": 0.5,
                      "ScaleY": 0.5
                    },
                    "Position": {
                      "X": 320.0,
                      "Y": 156.0
                    },
                    "Scale": {
                      "ScaleX": 1.0,
                      "ScaleY": 1.0
                    },
                    "CColor": {},
                    "IconVisible": false,
                    "PrePosition": {
                      "X": 0.5,
                      "Y": 0.3355
                    },
                    "PreSize": {
                      "X": 0.1719,
                      "Y": 0.043
                    },
                    "LeftMargin": 265.0,
                    "RightMargin": 265.0,
                    "TopMargin": 299.0,
                    "BottomMargin": 146.0,
                    "Tag": 1295,
                    "ActionTag": -1595733102,
                    "Size": {
                      "X": 110.0,
                      "Y": 20.0
                    },
                    "Name": "img_ready",
                    "ctype": "ImageViewObjectData"
                  },
                  {
                    "FileData": {
                      "Type": "MarkedSubImage",
                      "Path": "common/common_name_bg.png",
                      "Plist": "common/common.plist"
                    },
                    "Scale9Enable": true,
                    "Scale9OriginX": 50,
                    "Scale9Width": 108,
                    "Scale9Height": 34,
                    "AnchorPoint": {
                      "ScaleX": 0.5,
                      "ScaleY": 0.5
                    },
                    "Position": {
                      "X": 320.0,
                      "Y": 103.0
                    },
                    "Scale": {
                      "ScaleX": 1.0,
                      "ScaleY": 1.0
                    },
                    "CColor": {},
                    "IconVisible": false,
                    "PositionPercentXEnabled": true,
                    "PrePosition": {
                      "X": 0.5,
                      "Y": 0.2215
                    },
                    "PreSize": {
                      "X": 0.5156,
                      "Y": 0.086
                    },
                    "LeftMargin": 155.0,
                    "RightMargin": 155.0,
                    "TopMargin": 342.0,
                    "BottomMargin": 83.0,
                    "Tag": 504,
                    "Children": [
                      {
                        "IsCustomSize": true,
                        "FontSize": 20,
                        "LabelText": "",
                        "FontResource": {
                          "Type": "Normal",
                          "Path": "font/ModeMinBStd.ttf",
                          "Plist": ""
                        },
                        "HorizontalAlignmentType": "HT_Center",
                        "OutlineSize": 2,
                        "OutlineColor": {
                          "R": 131,
                          "G": 25,
                          "B": 22
                        },
                        "OutlineEnabled": true,
                        "ShadowColor": {
                          "R": 110,
                          "G": 110,
                          "B": 110
                        },
                        "ShadowOffsetX": 2.0,
                        "ShadowOffsetY": -2.0,
                        "AnchorPoint": {
                          "ScaleX": 0.5,
                          "ScaleY": 0.5
                        },
                        "Position": {
                          "X": 165.0,
                          "Y": 20.0
                        },
                        "Scale": {
                          "ScaleX": 1.0,
                          "ScaleY": 1.0
                        },
                        "CColor": {},
                        "IconVisible": false,
                        "PositionPercentXEnabled": true,
                        "PositionPercentYEnabled": true,
                        "PrePosition": {
                          "X": 0.5,
                          "Y": 0.5
                        },
                        "PreSize": {
                          "X": 1.4091,
                          "Y": 0.6
                        },
                        "LeftMargin": -67.5,
                        "RightMargin": -67.5,
                        "TopMargin": 8.0,
                        "BottomMargin": 8.0,
                        "Tag": 505,
                        "ActionTag": -669374730,
                        "Size": {
                          "X": 465.0,
                          "Y": 24.0
                        },
                        "Name": "txt_state",
                        "ctype": "TextObjectData"
                      }
                    ],
                    "ActionTag": -1356475529,
                    "Size": {
                      "X": 330.0,
                      "Y": 40.0
                    },
                    "Name": "img_time_bg",
                    "ctype": "ImageViewObjectData"
                  }
                ],
                "ActionTag": -2104305371,
                "Size": {
                  "X": 640.0,
                  "Y": 465.0
                },
                "Name": "pnl_crusade_main",
                "ctype": "PanelObjectData"
              },
              {
                "ClipAble": false,
                "BackColorAlpha": 102,
                "SingleColor": {
                  "R": 150,
                  "G": 200
                },
                "FirstColor": {
                  "R": 150,
                  "G": 200
                },
                "EndColor": {},
                "ColorVector": {
                  "ScaleY": 1.0
                },
                "Scale9Width": 1,
                "Scale9Height": 1,
                "AnchorPoint": {
                  "ScaleY": 1.0
                },
                "Position": {
                  "X": 0.0,
                  "Y": 307.0
                },
                "Scale": {
                  "ScaleX": 1.0,
                  "ScaleY": 1.0
                },
                "CColor": {},
                "IconVisible": false,
                "PrePosition": {
                  "X": 0.0,
                  "Y": 0.2702
                },
                "PreSize": {
                  "X": 1.0,
                  "Y": 0.2702
                },
                "TopMargin": 829.0,
                "Tag": 432,
                "Children": [
                  {
                    "FileData": {
                      "Type": "MarkedSubImage",
                      "Path": "gacha/img_bottom_old.png",
                      "Plist": "gacha/gachaProgAtlas.plist"
                    },
                    "Scale9Enable": true,
                    "Scale9OriginX": 211,
                    "Scale9OriginY": 128,
                    "Scale9Width": 218,
                    "Scale9Height": 51,
                    "AnchorPoint": {},
                    "Position": {
                      "X": 0.0,
                      "Y": 0.0
                    },
                    "Scale": {
                      "ScaleX": 1.0,
                      "ScaleY": 1.0
                    },
                    "CColor": {},
                    "IconVisible": false,
                    "PrePosition": {
                      "X": 0.0,
                      "Y": 0.0
                    },
                    "PreSize": {
                      "X": 1.0,
                      "Y": 0.9218
                    },
                    "TopMargin": 24.0,
                    "Tag": 433,
                    "ActionTag": -2134180810,
                    "Size": {
                      "X": 640.0,
                      "Y": 283.0
                    },
                    "Name": "Image_127",
                    "ctype": "ImageViewObjectData"
                  },
                  {
                    "FontSize": 14,
                    "ButtonText": "",
                    "TextColor": {
                      "R": 65,
                      "G": 65,
                      "B": 70
                    },
                    "NormalFileData": {
                      "Type": "MarkedSubImage",
                      "Path": "crusade/btn_crusade_talent.png",
                      "Plist": "crusade/crusadePlist.plist"
                    },
                    "Scale9Enable": true,
                    "Scale9OriginX": 15,
                    "Scale9OriginY": 11,
                    "Scale9Width": 288,
                    "Scale9Height": 82,
                    "OutlineColor": {
                      "G": 0,
                      "B": 0
                    },
                    "ShadowColor": {
                      "R": 110,
                      "G": 110,
                      "B": 110
                    },
                    "ShadowOffsetX": 2.0,
                    "ShadowOffsetY": -2.0,
                    "TouchEnable": true,
                    "AnchorPoint": {
                      "ScaleX": 0.5,
                      "ScaleY": 0.5
                    },
                    "Position": {
                      "X": 160.0,
                      "Y": 183.0003
                    },
                    "Scale": {
                      "ScaleX": 1.0,
                      "ScaleY": 1.0
                    },
                    "CColor": {},
                    "IconVisible": false,
                    "PrePosition": {
                      "X": 0.25,
                      "Y": 0.5961
                    },
                    "PreSize": {
                      "X": 0.4969,
                      "Y": 0.3388
                    },
                    "LeftMargin": 1.0,
                    "RightMargin": 321.0,
                    "TopMargin": 71.9997,
                    "BottomMargin": 131.0003,
                    "Tag": 2600,
                    "Children": [
                      {
                        "FileData": {
                          "Type": "MarkedSubImage",
                          "Path": "common/Dress_ImgRedP.png",
                          "Plist": "common/common.plist"
                        },
                        "Scale9OriginX": 6,
                        "Scale9OriginY": 6,
                        "Scale9Width": 26,
                        "Scale9Height": 26,
                        "AnchorPoint": {
                          "ScaleX": 0.5,
                          "ScaleY": 0.5
                        },
                        "Position": {
                          "X": 272.0,
                          "Y": 93.0
                        },
                        "Scale": {
                          "ScaleX": 1.0,
                          "ScaleY": 1.0
                        },
                        "CColor": {},
                        "IconVisible": false,
                        "PrePosition": {
                          "X": 0.8553,
                          "Y": 0.8942
                        },
                        "PreSize": {
                          "X": 0.1195,
                          "Y": 0.3654
                        },
                        "LeftMargin": 253.0,
                        "RightMargin": 27.0,
                        "TopMargin": -8.0,
                        "BottomMargin": 74.0,
                        "Tag": 1522,
                        "ActionTag": 1985759539,
                        "Size": {
                          "X": 38.0,
                          "Y": 38.0
                        },
                        "Name": "img_red_dot",
                        "ctype": "ImageViewObjectData"
                      }
                    ],
                    "ActionTag": 11719065,
                    "Size": {
                      "X": 318.0,
                      "Y": 104.0
                    },
                    "Name": "btn_talent",
                    "ctype": "ButtonObjectData"
                  },
                  {
                    "FontSize": 14,
                    "ButtonText": "",
                    "TextColor": {
                      "R": 65,
                      "G": 65,
                      "B": 70
                    },
                    "NormalFileData": {
                      "Type": "MarkedSubImage",
                      "Path": "crusade/btn_crusade_rewardview.png",
                      "Plist": "crusade/crusadePlist.plist"
                    },
                    "Scale9Enable": true,
                    "Scale9OriginX": 15,
                    "Scale9OriginY": 11,
                    "Scale9Width": 290,
                    "Scale9Height": 82,
                    "OutlineColor": {
                      "G": 0,
                      "B": 0
                    },
                    "ShadowColor": {
                      "R": 110,
                      "G": 110,
                      "B": 110
                    },
                    "ShadowOffsetX": 2.0,
                    "ShadowOffsetY": -2.0,
                    "TouchEnable": true,
                    "AnchorPoint": {
                      "ScaleX": 0.5,
                      "ScaleY": 0.5
                    },
                    "Position": {
                      "X": 478.0002,
                      "Y": 184.0002
                    },
                    "Scale": {
                      "ScaleX": 1.0,
                      "ScaleY": 1.0
                    },
                    "CColor": {},
                    "IconVisible": false,
                    "PrePosition": {
                      "X": 0.7469,
                      "Y": 0.5993
                    },
                    "PreSize": {
                      "X": 0.5,
                      "Y": 0.3388
                    },
                    "LeftMargin": 318.0002,
                    "RightMargin": 1.9998,
                    "TopMargin": 70.9998,
                    "BottomMargin": 132.0002,
                    "Tag": 3452,
                    "Children": [
                      {
                        "FileData": {
                          "Type": "MarkedSubImage",
                          "Path": "common/Dress_ImgRedP.png",
                          "Plist": "common/common.plist"
                        },
                        "Scale9OriginX": 6,
                        "Scale9OriginY": 6,
                        "Scale9Width": 26,
                        "Scale9Height": 26,
                        "AnchorPoint": {
                          "ScaleX": 0.5,
                          "ScaleY": 0.5
                        },
                        "Position": {
                          "X": 272.0,
                          "Y": 93.0
                        },
                        "Scale": {
                          "ScaleX": 1.0,
                          "ScaleY": 1.0
                        },
                        "CColor": {},
                        "IconVisible": false,
                        "PrePosition": {
                          "X": 0.85,
                          "Y": 0.8942
                        },
                        "PreSize": {
                          "X": 0.1187,
                          "Y": 0.3654
                        },
                        "LeftMargin": 253.0,
                        "RightMargin": 29.0,
                        "TopMargin": -8.0,
                        "BottomMargin": 74.0,
                        "Tag": 1521,
                        "ActionTag": -551186330,
                        "Size": {
                          "X": 38.0,
                          "Y": 38.0
                        },
                        "Name": "img_red_dot",
                        "ctype": "ImageViewObjectData"
                      }
                    ],
                    "ActionTag": 2101452458,
                    "Size": {
                      "X": 320.0,
                      "Y": 104.0
                    },
                    "Name": "btn_rewardview",
                    "ctype": "ButtonObjectData"
                  }
                ],
                "ActionTag": -894387212,
                "Size": {
                  "X": 640.0,
                  "Y": 307.0
                },
                "Name": "pnl_bottom",
                "ctype": "PanelObjectData"
              }
            ],
            "ActionTag": 2146668757,
            "Size": {
              "X": 640.0,
              "Y": 1136.0
            },
            "Name": "Root",
            "ctype": "PanelObjectData"
          }
        ],
        "Size": {
          "X": 640.0,
          "Y": 1136.0
        },
        "Name": "Layer",
        "ctype": "LayerObjectData"
      },
      "UsedResources": [
        "bmtfont.proj/crusade_0.fnt",
        "bmtfont.proj/crusade_0.png",
        "common/common.plist",
        "common/common.png",
        "common_ui/common_panel_atlas.plist",
        "common_ui/common_panel_atlas.png",
        "common_ui/icon_club_top_bg.png",
        "crusade/crusadePlist.plist",
        "crusade/crusadePlist.png",
        "crusade/img_crusade_mainbg.jpg",
        "crusade/img_crusade_noopen.png",
        "font/ModeMinBStd.ttf",
        "gacha/gachaProgAtlas.plist",
        "gacha/gachaProgAtlas.png",
        "particle/crusade_particle1.plist",
        "particle/crusade_particle2.plist",
        "particle/crusade_particle3.plist",
        "particle/crusade_particle4.plist",
        "pic/icon/icon_atlas.plist",
        "pic/icon/icon_atlas.png",
        "sandbeach/sandbeachPlist.plist",
        "sandbeach/sandbeachPlist.png",
        "yokaibubble/yokaibubblePlist.plist",
        "yokaibubble/yokaibubblePlist.png"
      ],
      "ctype": "GameFileData"
    }
  },
  "Type": "Layer"
}