{
  "ID": "e97c043e-114e-4129-bf17-a514ca2f2b99",
  "Version": "3.10.0.0",
  "Name": "dialog-crusade-talent-view",
  "Content": {
    "Content": {
      "Animation": {
        "Duration": 0,
        "Speed": 1.0,
        "Timelines": [],
        "ctype": "TimelineActionData"
      },
      "AnimationList": [],
      "ObjectData": {
        "Tag": 378,
        "Children": [
          {
            "ClipAble": false,
            "SingleColor": {
              "R": 150,
              "G": 200
            },
            "FirstColor": {},
            "EndColor": {
              "R": 150,
              "G": 200
            },
            "ColorVector": {
              "ScaleX": 0.0,
              "ScaleY": -1.0
            },
            "Scale9OriginX": -162,
            "Scale9OriginY": -41,
            "Scale9Width": 324,
            "Scale9Height": 82,
            "TouchEnable": true,
            "AnchorPoint": {},
            "Position": {
              "X": -683.8187,
              "Y": 294.72
            },
            "Scale": {
              "ScaleX": 1.0,
              "ScaleY": 1.0
            },
            "CColor": {},
            "IconVisible": false,
            "PrePosition": {
              "X": -1.0685,
              "Y": 0.2594
            },
            "PreSize": {
              "X": 0.6875,
              "Y": 0.0748
            },
            "LeftMargin": -683.8187,
            "RightMargin": 883.8187,
            "TopMargin": 756.28,
            "BottomMargin": 294.72,
            "Tag": 2890,
            "Children": [
              {
                "FileData": {
                  "Type": "MarkedSubImage",
                  "Path": "common/CommonCellBg.png",
                  "Plist": "common/common.plist"
                },
                "Scale9Enable": true,
                "Scale9OriginX": 20,
                "Scale9OriginY": 20,
                "Scale9Width": 40,
                "Scale9Height": 40,
                "AnchorPoint": {
                  "ScaleX": 0.5,
                  "ScaleY": 0.5
                },
                "Position": {
                  "X": 220.5787,
                  "Y": 43.094
                },
                "Scale": {
                  "ScaleX": 1.0,
                  "ScaleY": 1.0
                },
                "CColor": {},
                "IconVisible": false,
                "PrePosition": {
                  "X": 0.5013,
                  "Y": 0.507
                },
                "PreSize": {
                  "X": 1.0,
                  "Y": 1.0
                },
                "LeftMargin": 0.5787,
                "RightMargin": -0.5787,
                "TopMargin": -0.594,
                "BottomMargin": 0.594,
                "Tag": 2891,
                "ActionTag": 1811719890,
                "Size": {
                  "X": 440.0,
                  "Y": 85.0
                },
                "Name": "Image_5",
                "ctype": "ImageViewObjectData"
              },
              {
                "FileData": {
                  "Type": "MarkedSubImage",
                  "Path": "common/common_line.png",
                  "Plist": "common/common.plist"
                },
                "Scale9OriginX": 113,
                "Scale9OriginY": 3,
                "Scale9Width": 119,
                "Scale9Height": 5,
                "AnchorPoint": {
                  "ScaleX": 0.5,
                  "ScaleY": 0.5
                },
                "Position": {
                  "X": 262.9758,
                  "Y": 49.035
                },
                "Scale": {
                  "ScaleX": 1.0,
                  "ScaleY": 1.0
                },
                "CColor": {},
                "IconVisible": false,
                "PrePosition": {
                  "X": 0.5977,
                  "Y": 0.5769
                },
                "PreSize": {
                  "X": 0.7841,
                  "Y": 0.1294
                },
                "LeftMargin": 90.4758,
                "RightMargin": 4.5242,
                "TopMargin": 30.465,
                "BottomMargin": 43.535,
                "Tag": 1633,
                "ActionTag": 1061372461,
                "Size": {
                  "X": 345.0,
                  "Y": 11.0
                },
                "Name": "Image_16",
                "ctype": "ImageViewObjectData"
              },
              {
                "FileData": {
                  "Type": "MarkedSubImage",
                  "Path": "crusade/img_crusade_talenticonbg_4_1.png",
                  "Plist": "crusade/crusadePlist.plist"
                },
                "Scale9OriginX": 42,
                "Scale9OriginY": 39,
                "Scale9Width": 34,
                "Scale9Height": 40,
                "AnchorPoint": {
                  "ScaleX": 0.5,
                  "ScaleY": 0.5
                },
                "Position": {
                  "X": 47.4211,
                  "Y": 42.7051
                },
                "Scale": {
                  "ScaleX": 0.6,
                  "ScaleY": 0.6
                },
                "CColor": {},
                "IconVisible": false,
                "PrePosition": {
                  "X": 0.1078,
                  "Y": 0.5024
                },
                "PreSize": {
                  "X": 0.2682,
                  "Y": 1.3882
                },
                "LeftMargin": -11.5789,
                "RightMargin": 333.5789,
                "TopMargin": -16.7051,
                "BottomMargin": -16.2949,
                "Tag": 2893,
                "Children": [
                  {
                    "FileData": {
                      "Type": "Default",
                      "Path": "Default/ImageFile.png",
                      "Plist": ""
                    },
                    "Scale9Width": 46,
                    "Scale9Height": 46,
                    "AnchorPoint": {
                      "ScaleX": 0.5,
                      "ScaleY": 0.5
                    },
                    "Position": {
                      "X": 59.0,
                      "Y": 59.0
                    },
                    "Scale": {
                      "ScaleX": 1.0,
                      "ScaleY": 1.0
                    },
                    "CColor": {},
                    "IconVisible": false,
                    "PrePosition": {
                      "X": 0.5,
                      "Y": 0.5
                    },
                    "PreSize": {
                      "X": 0.3898,
                      "Y": 0.3898
                    },
                    "LeftMargin": 36.0,
                    "RightMargin": 36.0,
                    "TopMargin": 36.0,
                    "BottomMargin": 36.0,
                    "Tag": 737,
                    "ActionTag": 991306327,
                    "Size": {
                      "X": 46.0,
                      "Y": 46.0
                    },
                    "Name": "img_talent_icon",
                    "ctype": "ImageViewObjectData"
                  }
                ],
                "ActionTag": -1691749797,
                "Size": {
                  "X": 118.0,
                  "Y": 118.0
                },
                "Name": "img_talent_icon_bg",
                "ctype": "ImageViewObjectData"
              },
              {
                "IsCustomSize": true,
                "FontSize": 24,
                "LabelText": "Name",
                "FontResource": {
                  "Type": "Normal",
                  "Path": "font/ModeMinBStd.ttf",
                  "Plist": ""
                },
                "OutlineSize": 2,
                "OutlineColor": {
                  "R": 131,
                  "G": 25,
                  "B": 22
                },
                "OutlineEnabled": true,
                "ShadowColor": {
                  "R": 0,
                  "G": 0,
                  "B": 0
                },
                "ShadowOffsetX": 2.0,
                "ShadowOffsetY": -2.0,
                "AnchorPoint": {
                  "ScaleY": 0.5
                },
                "Position": {
                  "X": 92.975,
                  "Y": 66.8806
                },
                "Scale": {
                  "ScaleX": 1.0,
                  "ScaleY": 1.0
                },
                "CColor": {},
                "IconVisible": false,
                "PrePosition": {
                  "X": 0.2113,
                  "Y": 0.7868
                },
                "PreSize": {
                  "X": 0.7955,
                  "Y": 0.3529
                },
                "LeftMargin": 92.975,
                "RightMargin": -2.975,
                "TopMargin": 3.1194,
                "BottomMargin": 51.8806,
                "Tag": 2895,
                "ActionTag": -414248664,
                "Size": {
                  "X": 350.0,
                  "Y": 30.0
                },
                "Name": "txt_buffname",
                "ctype": "TextObjectData"
              },
              {
                "IsCustomSize": true,
                "FontSize": 16,
                "LabelText": "BUFF",
                "FontResource": {
                  "Type": "Normal",
                  "Path": "font/ModeMinBStd.ttf",
                  "Plist": ""
                },
                "OutlineSize": 2,
                "OutlineColor": {
                  "R": 109,
                  "G": 0,
                  "B": 0
                },
                "ShadowColor": {
                  "R": 0,
                  "G": 0,
                  "B": 0
                },
                "ShadowOffsetX": 2.0,
                "ShadowOffsetY": -2.0,
                "AnchorPoint": {
                  "ScaleY": 0.5
                },
                "Position": {
                  "X": 91.975,
                  "Y": 23.9189
                },
                "Scale": {
                  "ScaleX": 1.0,
                  "ScaleY": 1.0
                },
                "CColor": {
                  "R": 109,
                  "G": 0,
                  "B": 0
                },
                "IconVisible": false,
                "PrePosition": {
                  "X": 0.209,
                  "Y": 0.2814
                },
                "PreSize": {
                  "X": 0.7727,
                  "Y": 0.4706
                },
                "LeftMargin": 91.975,
                "RightMargin": 8.025,
                "TopMargin": 41.0811,
                "BottomMargin": 3.9189,
                "Tag": 2898,
                "ActionTag": -35925551,
                "Size": {
                  "X": 340.0,
                  "Y": 40.0
                },
                "Name": "txt_buffdetail",
                "ctype": "TextObjectData"
              }
            ],
            "ActionTag": 841035252,
            "Size": {
              "X": 440.0,
              "Y": 85.0
            },
            "Name": "ItemTalent",
            "ctype": "PanelObjectData"
          },
          {
            "ClipAble": false,
            "BackColorAlpha": 192,
            "ComboBoxIndex": 1,
            "SingleColor": {
              "R": 10,
              "G": 10,
              "B": 10
            },
            "FirstColor": {},
            "EndColor": {
              "R": 150,
              "G": 200
            },
            "ColorVector": {
              "ScaleX": 0.0,
              "ScaleY": -1.0
            },
            "Scale9Width": 1,
            "Scale9Height": 1,
            "TouchEnable": true,
            "AnchorPoint": {},
            "Position": {
              "X": 0.0,
              "Y": 0.0
            },
            "Scale": {
              "ScaleX": 1.0,
              "ScaleY": 1.0
            },
            "CColor": {},
            "IconVisible": false,
            "PrePosition": {
              "X": 0.0,
              "Y": 0.0
            },
            "PreSize": {
              "X": 1.0,
              "Y": 1.0
            },
            "Tag": 55549,
            "Children": [
              {
                "FileData": {
                  "Type": "MarkedSubImage",
                  "Path": "pic/icon/icon_popup_bg.png",
                  "Plist": "pic/icon/icon_atlas.plist"
                },
                "Scale9Enable": true,
                "Scale9OriginX": 56,
                "Scale9OriginY": 55,
                "Scale9Width": 15,
                "Scale9Height": 7,
                "AnchorPoint": {
                  "ScaleX": 0.5,
                  "ScaleY": 1.0
                },
                "Position": {
                  "X": 320.0,
                  "Y": 883.2305
                },
                "Scale": {
                  "ScaleX": 1.0,
                  "ScaleY": 1.0
                },
                "CColor": {},
                "IconVisible": false,
                "PositionPercentXEnabled": true,
                "PrePosition": {
                  "X": 0.5,
                  "Y": 0.7775
                },
                "PreSize": {
                  "X": 0.8828,
                  "Y": 0.5898
                },
                "LeftMargin": 37.5,
                "RightMargin": 37.5,
                "TopMargin": 252.7695,
                "BottomMargin": 213.2305,
                "Tag": 830,
                "Children": [
                  {
                    "FontSize": 14,
                    "ButtonText": "",
                    "TextColor": {
                      "R": 65,
                      "G": 65,
                      "B": 70
                    },
                    "DisabledFileData": {
                      "Type": "Default",
                      "Path": "Default/Button_Disable.png",
                      "Plist": ""
                    },
                    "PressedFileData": {
                      "Type": "Default",
                      "Path": "Default/Button_Press.png",
                      "Plist": ""
                    },
                    "NormalFileData": {
                      "Type": "MarkedSubImage",
                      "Path": "pic/button/button_close.png",
                      "Plist": "pic/button/common_btn_atlas.plist"
                    },
                    "Scale9Enable": true,
                    "Scale9OriginX": 15,
                    "Scale9OriginY": 11,
                    "Scale9Width": 52,
                    "Scale9Height": 60,
                    "OutlineColor": {
                      "G": 0,
                      "B": 0
                    },
                    "ShadowColor": {
                      "R": 110,
                      "G": 110,
                      "B": 110
                    },
                    "ShadowOffsetX": 2.0,
                    "ShadowOffsetY": -2.0,
                    "TouchEnable": true,
                    "AnchorPoint": {
                      "ScaleX": 0.5,
                      "ScaleY": 0.5
                    },
                    "Position": {
                      "X": 540.5431,
                      "Y": 646.5202
                    },
                    "Scale": {
                      "ScaleX": 0.9,
                      "ScaleY": 0.9
                    },
                    "CColor": {},
                    "IconVisible": false,
                    "PrePosition": {
                      "X": 0.9567,
                      "Y": 0.965
                    },
                    "PreSize": {
                      "X": 0.1451,
                      "Y": 0.1224
                    },
                    "LeftMargin": 499.5431,
                    "RightMargin": -16.5431,
                    "TopMargin": -17.5202,
                    "BottomMargin": 605.5202,
                    "Tag": 1632,
                    "ActionTag": -913648300,
                    "Size": {
                      "X": 82.0,
                      "Y": 82.0
                    },
                    "Name": "btn_closeview",
                    "ctype": "ButtonObjectData"
                  },
                  {
                    "FileData": {
                      "Type": "MarkedSubImage",
                      "Path": "pic/icon/icon_bg.png",
                      "Plist": "pic/icon/icon_atlas.plist"
                    },
                    "Scale9Enable": true,
                    "Scale9OriginX": 42,
                    "Scale9OriginY": 24,
                    "Scale9Width": 231,
                    "Scale9Height": 25,
                    "AnchorPoint": {
                      "ScaleX": 0.5,
                      "ScaleY": 0.5
                    },
                    "Position": {
                      "X": 280.579,
                      "Y": 648.0942
                    },
                    "Scale": {
                      "ScaleX": 1.0,
                      "ScaleY": 1.0
                    },
                    "CColor": {},
                    "IconVisible": false,
                    "PositionPercentXEnabled": true,
                    "PrePosition": {
                      "X": 0.4966,
                      "Y": 0.9673
                    },
                    "PreSize": {
                      "X": 0.5575,
                      "Y": 0.109
                    },
                    "LeftMargin": 123.079,
                    "RightMargin": 126.921,
                    "TopMargin": -14.5942,
                    "BottomMargin": 611.5942,
                    "Tag": 55562,
                    "Children": [
                      {
                        "IsCustomSize": true,
                        "FontSize": 28,
                        "LabelText": "{TXT_UI_DIALOG-CRUSADE-TALENT-VIEW_0}",
                        "FontResource": {
                          "Type": "Normal",
                          "Path": "font/ModeMinBStd.ttf",
                          "Plist": ""
                        },
                        "HorizontalAlignmentType": "HT_Center",
                        "OutlineColor": {
                          "R": 0,
                          "G": 0,
                          "B": 0
                        },
                        "ShadowColor": {
                          "R": 29,
                          "G": 16,
                          "B": 1
                        },
                        "ShadowOffsetX": 3.0,
                        "ShadowOffsetY": -3.0,
                        "ShadowEnabled": true,
                        "AnchorPoint": {
                          "ScaleX": 0.5,
                          "ScaleY": 0.5
                        },
                        "Position": {
                          "X": 157.5,
                          "Y": 41.4738
                        },
                        "Scale": {
                          "ScaleX": 1.0,
                          "ScaleY": 1.0
                        },
                        "CColor": {},
                        "IconVisible": false,
                        "PositionPercentXEnabled": true,
                        "PrePosition": {
                          "X": 0.5,
                          "Y": 0.5681
                        },
                        "PreSize": {
                          "X": 0.9206,
                          "Y": 0.4521
                        },
                        "LeftMargin": 12.5,
                        "RightMargin": 12.5,
                        "TopMargin": 15.0262,
                        "BottomMargin": 24.9738,
                        "Tag": 55563,
                        "ActionTag": 62702710,
                        "Size": {
                          "X": 290.0,
                          "Y": 33.0
                        },
                        "Name": "lbl_title",
                        "ctype": "TextObjectData"
                      }
                    ],
                    "ActionTag": 14423508,
                    "Size": {
                      "X": 315.0,
                      "Y": 73.0
                    },
                    "Name": "Image_4",
                    "ctype": "ImageViewObjectData"
                  },
                  {
                    "ClipAble": false,
                    "BackColorAlpha": 102,
                    "FileData": {
                      "Type": "MarkedSubImage",
                      "Path": "common/icon_grade_props_bg.png",
                      "Plist": "common/common.plist"
                    },
                    "SingleColor": {
                      "R": 150,
                      "G": 200
                    },
                    "FirstColor": {
                      "R": 150,
                      "G": 200
                    },
                    "EndColor": {},
                    "ColorVector": {
                      "ScaleY": 1.0
                    },
                    "Scale9Enable": true,
                    "Scale9OriginX": 40,
                    "Scale9OriginY": 21,
                    "Scale9Width": 44,
                    "Scale9Height": 24,
                    "TouchEnable": true,
                    "AnchorPoint": {
                      "ScaleX": 0.5,
                      "ScaleY": 1.0
                    },
                    "Position": {
                      "X": 282.5,
                      "Y": 572.002
                    },
                    "Scale": {
                      "ScaleX": 1.0,
                      "ScaleY": 1.0
                    },
                    "CColor": {},
                    "IconVisible": false,
                    "PositionPercentXEnabled": true,
                    "PrePosition": {
                      "X": 0.5,
                      "Y": 0.8537
                    },
                    "PreSize": {
                      "X": 0.8496,
                      "Y": 0.6552
                    },
                    "LeftMargin": 42.5,
                    "RightMargin": 42.5,
                    "TopMargin": 97.998,
                    "BottomMargin": 133.002,
                    "Tag": 105,
                    "Children": [
                      {
                        "ItemMargin": 5,
                        "DirectionType": "Vertical",
                        "ScrollDirectionType": 0,
                        "ClipAble": true,
                        "BackColorAlpha": 100,
                        "SingleColor": {
                          "R": 150,
                          "G": 150
                        },
                        "FirstColor": {},
                        "EndColor": {
                          "R": 150,
                          "G": 150
                        },
                        "ColorVector": {
                          "ScaleX": 0.0,
                          "ScaleY": -1.0
                        },
                        "Scale9Width": 1,
                        "Scale9Height": 1,
                        "TouchEnable": true,
                        "AnchorPoint": {
                          "ScaleX": 0.5,
                          "ScaleY": 1.0
                        },
                        "Position": {
                          "X": 242.0,
                          "Y": 425.9948
                        },
                        "Scale": {
                          "ScaleX": 1.0,
                          "ScaleY": 1.0
                        },
                        "CColor": {},
                        "IconVisible": false,
                        "PrePosition": {
                          "X": 0.5042,
                          "Y": 0.9704
                        },
                        "PreSize": {
                          "X": 0.9583,
                          "Y": 0.9499
                        },
                        "LeftMargin": 12.0,
                        "RightMargin": 8.0,
                        "TopMargin": 13.0052,
                        "BottomMargin": 8.9948,
                        "Tag": 106,
                        "ActionTag": -74521439,
                        "Size": {
                          "X": 460.0,
                          "Y": 417.0
                        },
                        "Name": "list_talent",
                        "ctype": "ListViewObjectData"
                      }
                    ],
                    "ActionTag": 41685177,
                    "Size": {
                      "X": 480.0,
                      "Y": 439.0
                    },
                    "Name": "pnl_content_buff",
                    "ctype": "PanelObjectData"
                  },
                  {
                    "FileData": {
                      "Type": "MarkedSubImage",
                      "Path": "crusade/img_crusade_notalent.png",
                      "Plist": "crusade/crusadePlist.plist"
                    },
                    "Scale9OriginX": 70,
                    "Scale9OriginY": 54,
                    "Scale9Width": 153,
                    "Scale9Height": 57,
                    "AnchorPoint": {
                      "ScaleX": 0.5,
                      "ScaleY": 0.5
                    },
                    "Position": {
                      "X": 282.5,
                      "Y": 367.026
                    },
                    "Scale": {
                      "ScaleX": 1.0,
                      "ScaleY": 1.0
                    },
                    "CColor": {},
                    "IconVisible": false,
                    "PositionPercentXEnabled": true,
                    "PositionPercentYEnabled": true,
                    "PrePosition": {
                      "X": 0.5,
                      "Y": 0.5478
                    },
                    "PreSize": {
                      "X": 0.5186,
                      "Y": 0.2463
                    },
                    "LeftMargin": 136.0,
                    "RightMargin": 136.0,
                    "TopMargin": 220.474,
                    "BottomMargin": 284.526,
                    "Tag": 1670,
                    "ActionTag": 1541862831,
                    "Size": {
                      "X": 293.0,
                      "Y": 165.0
                    },
                    "Name": "img_none",
                    "ctype": "ImageViewObjectData"
                  },
                  {
                    "FontSize": 14,
                    "ButtonText": "",
                    "TextColor": {
                      "R": 65,
                      "G": 65,
                      "B": 70
                    },
                    "NormalFileData": {
                      "Type": "MarkedSubImage",
                      "Path": "common/common_newbtn2.png",
                      "Plist": "common/common.plist"
                    },
                    "Scale9Enable": true,
                    "Scale9OriginX": 15,
                    "Scale9OriginY": 11,
                    "Scale9Width": 198,
                    "Scale9Height": 61,
                    "OutlineColor": {
                      "G": 0,
                      "B": 0
                    },
                    "ShadowColor": {
                      "R": 110,
                      "G": 110,
                      "B": 110
                    },
                    "ShadowOffsetX": 2.0,
                    "ShadowOffsetY": -2.0,
                    "TouchEnable": true,
                    "AnchorPoint": {
                      "ScaleX": 0.5,
                      "ScaleY": 0.5
                    },
                    "Position": {
                      "X": 282.5,
                      "Y": 81.34
                    },
                    "Scale": {
                      "ScaleX": 1.0,
                      "ScaleY": 1.0
                    },
                    "CColor": {},
                    "IconVisible": false,
                    "PositionPercentXEnabled": true,
                    "PrePosition": {
                      "X": 0.5,
                      "Y": 0.1214
                    },
                    "PreSize": {
                      "X": 0.4035,
                      "Y": 0.1239
                    },
                    "LeftMargin": 168.5,
                    "RightMargin": 168.5,
                    "TopMargin": 547.16,
                    "BottomMargin": 39.84,
                    "Tag": 1568,
                    "Children": [
                      {
                        "IsCustomSize": true,
                        "FontSize": 28,
                        "LabelText": "{TXT_UI_DIALOG-CRUSADE-TALENT-VIEW_5}",
                        "FontResource": {
                          "Type": "Normal",
                          "Path": "font/ModeMinBStd.ttf",
                          "Plist": ""
                        },
                        "HorizontalAlignmentType": "HT_Center",
                        "OutlineSize": 2,
                        "OutlineColor": {
                          "R": 76,
                          "G": 83,
                          "B": 98
                        },
                        "OutlineEnabled": true,
                        "ShadowColor": {
                          "R": 110,
                          "G": 110,
                          "B": 110
                        },
                        "ShadowOffsetX": 2.0,
                        "ShadowOffsetY": -2.0,
                        "AnchorPoint": {
                          "ScaleX": 0.5,
                          "ScaleY": 0.5
                        },
                        "Position": {
                          "X": 114.0,
                          "Y": 44.654
                        },
                        "Scale": {
                          "ScaleX": 1.0,
                          "ScaleY": 1.0
                        },
                        "CColor": {},
                        "IconVisible": false,
                        "PositionPercentXEnabled": true,
                        "PositionPercentYEnabled": true,
                        "PrePosition": {
                          "X": 0.5,
                          "Y": 0.538
                        },
                        "PreSize": {
                          "X": 0.7456,
                          "Y": 0.4217
                        },
                        "LeftMargin": 29.0,
                        "RightMargin": 29.0,
                        "TopMargin": 20.846,
                        "BottomMargin": 27.154,
                        "Tag": 1569,
                        "ActionTag": 1648861047,
                        "Size": {
                          "X": 170.0,
                          "Y": 35.0
                        },
                        "Name": "txt_left",
                        "ctype": "TextObjectData"
                      }
                    ],
                    "ActionTag": -552563317,
                    "Size": {
                      "X": 228.0,
                      "Y": 83.0
                    },
                    "Name": "btn_close",
                    "ctype": "ButtonObjectData"
                  },
                  {
                    "FontSize": 20,
                    "ButtonText": "",
                    "TextColor": {},
                    "NormalFileData": {
                      "Type": "MarkedSubImage",
                      "Path": "task/tab1_down.png",
                      "Plist": "task/task.plist"
                    },
                    "Scale9Enable": true,
                    "Scale9OriginX": 29,
                    "Scale9Width": 114,
                    "Scale9Height": 21,
                    "OutlineColor": {
                      "G": 0,
                      "B": 0
                    },
                    "ShadowColor": {
                      "R": 110,
                      "G": 110,
                      "B": 110
                    },
                    "ShadowOffsetX": 2.0,
                    "ShadowOffsetY": -2.0,
                    "TouchEnable": true,
                    "AnchorPoint": {
                      "ScaleX": 1.0,
                      "ScaleY": 0.5
                    },
                    "Position": {
                      "X": 161.0,
                      "Y": 597.0007
                    },
                    "Scale": {
                      "ScaleX": 1.0,
                      "ScaleY": 1.0
                    },
                    "CColor": {},
                    "IconVisible": false,
                    "PrePosition": {
                      "X": 0.285,
                      "Y": 0.891
                    },
                    "PreSize": {
                      "X": 0.2124,
                      "Y": 0.0448
                    },
                    "LeftMargin": 41.0,
                    "RightMargin": 404.0,
                    "TopMargin": 57.9993,
                    "BottomMargin": 582.0007,
                    "Tag": 3232,
                    "Children": [
                      {
                        "IsCustomSize": true,
                        "FontSize": 18,
                        "LabelText": "{TXT_UI_DIALOG-CRUSADE-TALENT-VIEW_1}",
                        "FontResource": {
                          "Type": "Normal",
                          "Path": "font/ModeMinBStd.ttf",
                          "Plist": ""
                        },
                        "HorizontalAlignmentType": "HT_Center",
                        "OutlineSize": 2,
                        "OutlineColor": {
                          "R": 103,
                          "G": 56,
                          "B": 31
                        },
                        "OutlineEnabled": true,
                        "ShadowColor": {
                          "R": 29,
                          "G": 16,
                          "B": 1
                        },
                        "ShadowOffsetX": 2.0,
                        "ShadowOffsetY": -2.0,
                        "AnchorPoint": {
                          "ScaleX": 0.5,
                          "ScaleY": 0.5
                        },
                        "Position": {
                          "X": 62.004,
                          "Y": 15.0
                        },
                        "Scale": {
                          "ScaleX": 1.0,
                          "ScaleY": 1.0
                        },
                        "CColor": {},
                        "IconVisible": false,
                        "PositionPercentXEnabled": true,
                        "PositionPercentYEnabled": true,
                        "PrePosition": {
                          "X": 0.5167,
                          "Y": 0.5
                        },
                        "PreSize": {
                          "X": 0.9167,
                          "Y": 0.7667
                        },
                        "LeftMargin": 7.004,
                        "RightMargin": 2.996,
                        "TopMargin": 3.5,
                        "BottomMargin": 3.5,
                        "Tag": 3233,
                        "ActionTag": -449847024,
                        "Size": {
                          "X": 110.0,
                          "Y": 23.0
                        },
                        "Name": "txt_tag3",
                        "ctype": "TextObjectData"
                      }
                    ],
                    "ActionTag": 192888222,
                    "Size": {
                      "X": 120.0,
                      "Y": 30.0
                    },
                    "Name": "btn_tag3",
                    "ctype": "ButtonObjectData"
                  },
                  {
                    "FontSize": 14,
                    "ButtonText": "",
                    "TextColor": {
                      "R": 65,
                      "G": 65,
                      "B": 70
                    },
                    "NormalFileData": {
                      "Type": "MarkedSubImage",
                      "Path": "task/tab2.png",
                      "Plist": "task/task.plist"
                    },
                    "Scale9Enable": true,
                    "Scale9OriginX": 15,
                    "Scale9OriginY": 11,
                    "Scale9Width": 130,
                    "Scale9Height": 8,
                    "OutlineColor": {
                      "G": 0,
                      "B": 0
                    },
                    "ShadowColor": {
                      "R": 110,
                      "G": 110,
                      "B": 110
                    },
                    "ShadowOffsetX": 2.0,
                    "ShadowOffsetY": -2.0,
                    "TouchEnable": true,
                    "AnchorPoint": {
                      "ScaleX": 0.5,
                      "ScaleY": 0.5
                    },
                    "Position": {
                      "X": 222.0,
                      "Y": 596.9998
                    },
                    "Scale": {
                      "ScaleX": 1.0,
                      "ScaleY": 1.0
                    },
                    "CColor": {},
                    "IconVisible": false,
                    "PrePosition": {
                      "X": 0.3929,
                      "Y": 0.891
                    },
                    "PreSize": {
                      "X": 0.2142,
                      "Y": 0.0448
                    },
                    "LeftMargin": 161.5,
                    "RightMargin": 282.5,
                    "TopMargin": 58.0002,
                    "BottomMargin": 581.9998,
                    "Tag": 93,
                    "Children": [
                      {
                        "IsCustomSize": true,
                        "FontSize": 20,
                        "LabelText": "{TXT_UI_DIALOG-CRUSADE-TALENT-VIEW_2}",
                        "FontResource": {
                          "Type": "Normal",
                          "Path": "font/ModeMinBStd.ttf",
                          "Plist": ""
                        },
                        "HorizontalAlignmentType": "HT_Center",
                        "OutlineSize": 2,
                        "OutlineColor": {
                          "R": 103,
                          "G": 56,
                          "B": 31
                        },
                        "OutlineEnabled": true,
                        "ShadowColor": {
                          "R": 110,
                          "G": 110,
                          "B": 110
                        },
                        "ShadowOffsetX": 2.0,
                        "ShadowOffsetY": -2.0,
                        "AnchorPoint": {
                          "ScaleX": 0.5,
                          "ScaleY": 0.5
                        },
                        "Position": {
                          "X": 60.9998,
                          "Y": 15.0
                        },
                        "Scale": {
                          "ScaleX": 1.0,
                          "ScaleY": 1.0
                        },
                        "CColor": {},
                        "IconVisible": false,
                        "PrePosition": {
                          "X": 0.5041,
                          "Y": 0.5
                        },
                        "PreSize": {
                          "X": 0.9091,
                          "Y": 0.8
                        },
                        "LeftMargin": 5.9998,
                        "RightMargin": 5.0002,
                        "TopMargin": 3.0,
                        "BottomMargin": 3.0,
                        "Tag": 94,
                        "ActionTag": 1658640224,
                        "Size": {
                          "X": 110.0,
                          "Y": 24.0
                        },
                        "Name": "txt_tag2",
                        "ctype": "TextObjectData"
                      }
                    ],
                    "ActionTag": -282476174,
                    "Size": {
                      "X": 121.0,
                      "Y": 30.0
                    },
                    "Name": "btn_tag2",
                    "ctype": "ButtonObjectData"
                  },
                  {
                    "FontSize": 14,
                    "ButtonText": "",
                    "TextColor": {
                      "R": 65,
                      "G": 65,
                      "B": 70
                    },
                    "NormalFileData": {
                      "Type": "MarkedSubImage",
                      "Path": "task/tab2.png",
                      "Plist": "task/task.plist"
                    },
                    "Scale9Enable": true,
                    "Scale9OriginX": 15,
                    "Scale9OriginY": 11,
                    "Scale9Width": 130,
                    "Scale9Height": 8,
                    "OutlineColor": {
                      "G": 0,
                      "B": 0
                    },
                    "ShadowColor": {
                      "R": 110,
                      "G": 110,
                      "B": 110
                    },
                    "ShadowOffsetX": 2.0,
                    "ShadowOffsetY": -2.0,
                    "TouchEnable": true,
                    "AnchorPoint": {
                      "ScaleX": 0.5,
                      "ScaleY": 0.5
                    },
                    "Position": {
                      "X": 343.5,
                      "Y": 597.0
                    },
                    "Scale": {
                      "ScaleX": 1.0,
                      "ScaleY": 1.0
                    },
                    "CColor": {},
                    "IconVisible": false,
                    "PrePosition": {
                      "X": 0.608,
                      "Y": 0.891
                    },
                    "PreSize": {
                      "X": 0.2142,
                      "Y": 0.0448
                    },
                    "LeftMargin": 283.0,
                    "RightMargin": 161.0,
                    "TopMargin": 58.0,
                    "BottomMargin": 582.0,
                    "Tag": 2486,
                    "Children": [
                      {
                        "IsCustomSize": true,
                        "FontSize": 20,
                        "LabelText": "{TXT_UI_DIALOG-CRUSADE-TALENT-VIEW_3}",
                        "FontResource": {
                          "Type": "Normal",
                          "Path": "font/ModeMinBStd.ttf",
                          "Plist": ""
                        },
                        "HorizontalAlignmentType": "HT_Center",
                        "OutlineSize": 2,
                        "OutlineColor": {
                          "R": 103,
                          "G": 56,
                          "B": 31
                        },
                        "OutlineEnabled": true,
                        "ShadowColor": {
                          "R": 110,
                          "G": 110,
                          "B": 110
                        },
                        "ShadowOffsetX": 2.0,
                        "ShadowOffsetY": -2.0,
                        "AnchorPoint": {
                          "ScaleX": 0.5,
                          "ScaleY": 0.5
                        },
                        "Position": {
                          "X": 59.9988,
                          "Y": 15.0
                        },
                        "Scale": {
                          "ScaleX": 1.0,
                          "ScaleY": 1.0
                        },
                        "CColor": {},
                        "IconVisible": false,
                        "PrePosition": {
                          "X": 0.4959,
                          "Y": 0.5
                        },
                        "PreSize": {
                          "X": 0.9091,
                          "Y": 0.8
                        },
                        "LeftMargin": 4.9988,
                        "RightMargin": 6.0012,
                        "TopMargin": 3.0,
                        "BottomMargin": 3.0,
                        "Tag": 2487,
                        "ActionTag": 246524432,
                        "Size": {
                          "X": 110.0,
                          "Y": 24.0
                        },
                        "Name": "txt_tag4",
                        "ctype": "TextObjectData"
                      }
                    ],
                    "ActionTag": -413981626,
                    "Size": {
                      "X": 121.0,
                      "Y": 30.0
                    },
                    "Name": "btn_tag4",
                    "ctype": "ButtonObjectData"
                  },
                  {
                    "FontSize": 20,
                    "ButtonText": "",
                    "TextColor": {},
                    "NormalFileData": {
                      "Type": "MarkedSubImage",
                      "Path": "task/tab3.png",
                      "Plist": "task/task.plist"
                    },
                    "Scale9Enable": true,
                    "Scale9OriginX": 29,
                    "Scale9OriginY": 9,
                    "Scale9Width": 101,
                    "Scale9Height": 12,
                    "OutlineColor": {
                      "G": 0,
                      "B": 0
                    },
                    "ShadowColor": {
                      "R": 110,
                      "G": 110,
                      "B": 110
                    },
                    "ShadowOffsetX": 2.0,
                    "ShadowOffsetY": -2.0,
                    "TouchEnable": true,
                    "AnchorPoint": {
                      "ScaleY": 0.5
                    },
                    "Position": {
                      "X": 404.7,
                      "Y": 596.9998
                    },
                    "Scale": {
                      "ScaleX": 1.0,
                      "ScaleY": 1.0
                    },
                    "CColor": {},
                    "IconVisible": false,
                    "PrePosition": {
                      "X": 0.7163,
                      "Y": 0.891
                    },
                    "PreSize": {
                      "X": 0.2124,
                      "Y": 0.0448
                    },
                    "LeftMargin": 404.7,
                    "RightMargin": 40.3,
                    "TopMargin": 58.0002,
                    "BottomMargin": 581.9998,
                    "Tag": 3230,
                    "Children": [
                      {
                        "IsCustomSize": true,
                        "FontSize": 18,
                        "LabelText": "{TXT_UI_DIALOG-CRUSADE-TALENT-VIEW_4}",
                        "FontResource": {
                          "Type": "Normal",
                          "Path": "font/ModeMinBStd.ttf",
                          "Plist": ""
                        },
                        "HorizontalAlignmentType": "HT_Center",
                        "OutlineSize": 2,
                        "OutlineColor": {
                          "R": 103,
                          "G": 56,
                          "B": 31
                        },
                        "OutlineEnabled": true,
                        "ShadowColor": {
                          "R": 29,
                          "G": 16,
                          "B": 1
                        },
                        "ShadowOffsetX": 2.0,
                        "ShadowOffsetY": -2.0,
                        "AnchorPoint": {
                          "ScaleX": 0.5,
                          "ScaleY": 0.5
                        },
                        "Position": {
                          "X": 57.996,
                          "Y": 15.0
                        },
                        "Scale": {
                          "ScaleX": 1.0,
                          "ScaleY": 1.0
                        },
                        "CColor": {},
                        "IconVisible": false,
                        "PositionPercentXEnabled": true,
                        "PositionPercentYEnabled": true,
                        "PrePosition": {
                          "X": 0.4833,
                          "Y": 0.5
                        },
                        "PreSize": {
                          "X": 0.9167,
                          "Y": 0.7667
                        },
                        "LeftMargin": 2.996,
                        "RightMargin": 7.004,
                        "TopMargin": 3.5,
                        "BottomMargin": 3.5,
                        "Tag": 3231,
                        "ActionTag": 459115574,
                        "Size": {
                          "X": 110.0,
                          "Y": 23.0
                        },
                        "Name": "txt_tag1",
                        "ctype": "TextObjectData"
                      }
                    ],
                    "ActionTag": 1670447230,
                    "Size": {
                      "X": 120.0,
                      "Y": 30.0
                    },
                    "Name": "btn_tag1",
                    "ctype": "ButtonObjectData"
                  }
                ],
                "ActionTag": 2011700303,
                "Size": {
                  "X": 565.0,
                  "Y": 670.0
                },
                "Name": "pnl_body",
                "ctype": "ImageViewObjectData"
              }
            ],
            "ActionTag": -1,
            "Size": {
              "X": 640.0,
              "Y": 1136.0
            },
            "Name": "Root",
            "ctype": "PanelObjectData"
          }
        ],
        "Size": {
          "X": 640.0,
          "Y": 1136.0
        },
        "Name": "UiEntity145648756",
        "ctype": "LayerObjectData"
      },
      "UsedResources": [
        "common/common.plist",
        "common/common.png",
        "crusade/crusadePlist.plist",
        "crusade/crusadePlist.png",
        "Default/Button_Disable.png",
        "Default/Button_Press.png",
        "Default/ImageFile.png",
        "font/ModeMinBStd.ttf",
        "pic/button/common_btn_atlas.plist",
        "pic/button/common_btn_atlas.png",
        "pic/icon/icon_atlas.plist",
        "pic/icon/icon_atlas.png",
        "task/task.plist",
        "task/task.png"
      ],
      "ctype": "GameFileData"
    }
  },
  "Type": "Layer"
}