{
  "ID": "c1ab2325-d14b-4c1f-93cb-83e8fe52dbcb",
  "Version": "3.10.0.0",
  "Name": "dialog-crusade-talent-detail",
  "Content": {
    "Content": {
      "Animation": {
        "Duration": 0,
        "Speed": 1.0,
        "Timelines": [],
        "ctype": "TimelineActionData"
      },
      "AnimationList": [],
      "ObjectData": {
        "Tag": 82,
        "Children": [
          {
            "ClipAble": false,
            "BackColorAlpha": 102,
            "SingleColor": {
              "R": 144,
              "G": 238,
              "B": 144
            },
            "FirstColor": {
              "R": 150,
              "G": 200
            },
            "EndColor": {},
            "ColorVector": {
              "ScaleY": 1.0
            },
            "Scale9Width": 1,
            "Scale9Height": 1,
            "TouchEnable": true,
            "AnchorPoint": {},
            "Position": {
              "X": 747.6887,
              "Y": 668.2446
            },
            "Scale": {
              "ScaleX": 1.0,
              "ScaleY": 1.0
            },
            "CColor": {},
            "IconVisible": false,
            "PrePosition": {
              "X": 1.1683,
              "Y": 0.5882
            },
            "PreSize": {
              "X": 0.7344,
              "Y": 0.0352
            },
            "LeftMargin": 747.6887,
            "RightMargin": -577.6887,
            "TopMargin": 427.7554,
            "BottomMargin": 668.2446,
            "Tag": 742,
            "Children": [
              {
                "FileData": {
                  "Type": "MarkedSubImage",
                  "Path": "common/S_frame.png",
                  "Plist": "common/common.plist"
                },
                "Scale9OriginX": 46,
                "Scale9OriginY": 9,
                "Scale9Width": 50,
                "Scale9Height": 12,
                "AnchorPoint": {
                  "ScaleY": 0.5
                },
                "Position": {
                  "X": 9.8941,
                  "Y": 15.9112
                },
                "Scale": {
                  "ScaleX": 1.0,
                  "ScaleY": 1.0
                },
                "CColor": {},
                "IconVisible": false,
                "PrePosition": {
                  "X": 0.0211,
                  "Y": 0.3978
                },
                "PreSize": {
                  "X": 0.4894,
                  "Y": 0.75
                },
                "LeftMargin": 9.8941,
                "RightMargin": 230.1059,
                "TopMargin": 9.0888,
                "BottomMargin": 0.9112,
                "Tag": 743,
                "ActionTag": 746533130,
                "Size": {
                  "X": 230.0,
                  "Y": 30.0
                },
                "Name": "Image_57",
                "ctype": "ImageViewObjectData"
              },
              {
                "FileData": {
                  "Type": "MarkedSubImage",
                  "Path": "pic/icon/icon_gem.png",
                  "Plist": "pic/icon/icon_atlas.plist"
                },
                "Scale9OriginX": 33,
                "Scale9OriginY": 32,
                "Scale9Width": 34,
                "Scale9Height": 34,
                "AnchorPoint": {
                  "ScaleX": 0.5,
                  "ScaleY": 0.5
                },
                "Position": {
                  "X": 18.24,
                  "Y": 15.0863
                },
                "Scale": {
                  "ScaleX": 1.0,
                  "ScaleY": 1.0
                },
                "CColor": {},
                "IconVisible": false,
                "PrePosition": {
                  "X": 0.0388,
                  "Y": 0.3772
                },
                "PreSize": {
                  "X": 0.0851,
                  "Y": 1.0
                },
                "LeftMargin": -1.76,
                "RightMargin": 431.76,
                "TopMargin": 4.9137,
                "BottomMargin": -4.9137,
                "Tag": 744,
                "ActionTag": 67348385,
                "Size": {
                  "X": 40.0,
                  "Y": 40.0
                },
                "Name": "img_item_icon",
                "ctype": "ImageViewObjectData"
              },
              {
                "FileData": {
                  "Type": "MarkedSubImage",
                  "Path": "common/S_1_frame.png",
                  "Plist": "common/common.plist"
                },
                "Scale9Enable": true,
                "Scale9OriginX": 7,
                "Scale9OriginY": 1,
                "Scale9Width": 132,
                "Scale9Height": 1,
                "AnchorPoint": {
                  "ScaleX": 0.5
                },
                "Position": {
                  "X": 269.8739,
                  "Y": 0.0
                },
                "Scale": {
                  "ScaleX": 1.0,
                  "ScaleY": 1.0
                },
                "CColor": {},
                "IconVisible": false,
                "PrePosition": {
                  "X": 0.5742,
                  "Y": 0.0
                },
                "PreSize": {
                  "X": 0.3106,
                  "Y": 0.05
                },
                "LeftMargin": 196.8739,
                "RightMargin": 127.1261,
                "TopMargin": 38.0,
                "Tag": 745,
                "ActionTag": 1794205593,
                "Size": {
                  "X": 146.0,
                  "Y": 2.0
                },
                "Name": "img_underline",
                "ctype": "ImageViewObjectData"
              },
              {
                "FileData": {
                  "Type": "MarkedSubImage",
                  "Path": "common/S_1_frame.png",
                  "Plist": "common/common.plist"
                },
                "Scale9Enable": true,
                "Scale9OriginX": 7,
                "Scale9OriginY": 1,
                "Scale9Width": 132,
                "Scale9Height": 1,
                "AnchorPoint": {
                  "ScaleX": 0.5
                },
                "Position": {
                  "X": 397.8749,
                  "Y": 0.0
                },
                "Scale": {
                  "ScaleX": 1.0,
                  "ScaleY": 1.0
                },
                "CColor": {},
                "IconVisible": false,
                "PrePosition": {
                  "X": 0.8465,
                  "Y": 0.0
                },
                "PreSize": {
                  "X": 0.3106,
                  "Y": 0.05
                },
                "LeftMargin": 324.8749,
                "RightMargin": -0.8749,
                "TopMargin": 38.0,
                "Tag": 746,
                "ActionTag": -752143062,
                "Size": {
                  "X": 146.0,
                  "Y": 2.0
                },
                "Name": "img_underline_0",
                "ctype": "ImageViewObjectData"
              },
              {
                "FileData": {
                  "Type": "MarkedSubImage",
                  "Path": "common/S_1_frame.png",
                  "Plist": "common/common.plist"
                },
                "Scale9Enable": true,
                "Scale9OriginX": 7,
                "Scale9OriginY": 1,
                "Scale9Width": 132,
                "Scale9Height": 1,
                "AnchorPoint": {
                  "ScaleX": 0.5
                },
                "Position": {
                  "X": 214.0033,
                  "Y": 0.0001
                },
                "Scale": {
                  "ScaleX": 1.0,
                  "ScaleY": 1.0
                },
                "CColor": {},
                "IconVisible": false,
                "PrePosition": {
                  "X": 0.4553,
                  "Y": 0.0
                },
                "PreSize": {
                  "X": 0.3106,
                  "Y": 0.05
                },
                "LeftMargin": 141.0033,
                "RightMargin": 182.9967,
                "TopMargin": 37.9999,
                "BottomMargin": 0.0001,
                "Tag": 399,
                "ActionTag": 645577233,
                "Size": {
                  "X": 146.0,
                  "Y": 2.0
                },
                "Name": "img_underline_0_0",
                "ctype": "ImageViewObjectData"
              },
              {
                "IsCustomSize": true,
                "FontSize": 17,
                "LabelText": "\n",
                "FontResource": {
                  "Type": "Normal",
                  "Path": "font/ModeMinBStd.ttf",
                  "Plist": ""
                },
                "HorizontalAlignmentType": "HT_Right",
                "OutlineColor": {
                  "G": 0,
                  "B": 0
                },
                "ShadowColor": {
                  "R": 29,
                  "G": 16,
                  "B": 1
                },
                "ShadowOffsetX": 3.0,
                "ShadowOffsetY": -3.0,
                "ShadowEnabled": true,
                "AnchorPoint": {
                  "ScaleX": 1.0,
                  "ScaleY": 0.5
                },
                "Position": {
                  "X": 464.8528,
                  "Y": 14.95
                },
                "Scale": {
                  "ScaleX": 1.0,
                  "ScaleY": 1.0
                },
                "CColor": {},
                "IconVisible": false,
                "PrePosition": {
                  "X": 0.989,
                  "Y": 0.3738
                },
                "PreSize": {
                  "X": 0.183,
                  "Y": 0.575
                },
                "LeftMargin": 378.8528,
                "RightMargin": 5.1472,
                "TopMargin": 13.55,
                "BottomMargin": 3.45,
                "Tag": 747,
                "ActionTag": -197054764,
                "Size": {
                  "X": 86.0,
                  "Y": 23.0
                },
                "Name": "txt_item_after",
                "ctype": "TextObjectData"
              },
              {
                "FileData": {
                  "Type": "MarkedSubImage",
                  "Path": "common/common_arr.png",
                  "Plist": "common/common.plist"
                },
                "Scale9OriginX": 6,
                "Scale9OriginY": 7,
                "Scale9Width": 2,
                "Scale9Height": 2,
                "AnchorPoint": {
                  "ScaleX": 0.5,
                  "ScaleY": 0.5
                },
                "Position": {
                  "X": 402.5631,
                  "Y": 16.2101
                },
                "Scale": {
                  "ScaleX": 1.0,
                  "ScaleY": 1.0
                },
                "CColor": {},
                "IconVisible": false,
                "PrePosition": {
                  "X": 0.8565,
                  "Y": 0.4053
                },
                "PreSize": {
                  "X": 0.0298,
                  "Y": 0.4
                },
                "LeftMargin": 395.5631,
                "RightMargin": 60.4369,
                "TopMargin": 15.7899,
                "BottomMargin": 8.2101,
                "Tag": 748,
                "ActionTag": 926731575,
                "Size": {
                  "X": 14.0,
                  "Y": 16.0
                },
                "Name": "Image_arrow",
                "ctype": "ImageViewObjectData"
              },
              {
                "IsCustomSize": true,
                "FontSize": 17,
                "LabelText": "",
                "FontResource": {
                  "Type": "Normal",
                  "Path": "font/ModeMinBStd.ttf",
                  "Plist": ""
                },
                "HorizontalAlignmentType": "HT_Center",
                "OutlineColor": {
                  "G": 0,
                  "B": 0
                },
                "ShadowColor": {
                  "R": 29,
                  "G": 16,
                  "B": 1
                },
                "ShadowOffsetX": 3.0,
                "ShadowOffsetY": -3.0,
                "ShadowEnabled": true,
                "AnchorPoint": {
                  "ScaleY": 0.5
                },
                "Position": {
                  "X": 234.2307,
                  "Y": 14.9501
                },
                "Scale": {
                  "ScaleX": 1.0,
                  "ScaleY": 1.0
                },
                "CColor": {},
                "IconVisible": false,
                "PrePosition": {
                  "X": 0.4984,
                  "Y": 0.3738
                },
                "PreSize": {
                  "X": 0.1766,
                  "Y": 0.575
                },
                "LeftMargin": 234.2307,
                "RightMargin": 152.7693,
                "TopMargin": 13.5499,
                "BottomMargin": 3.4501,
                "Tag": 749,
                "ActionTag": 2095976981,
                "Size": {
                  "X": 83.0,
                  "Y": 23.0
                },
                "Name": "txt_item_have",
                "ctype": "TextObjectData"
              },
              {
                "IsCustomSize": true,
                "FontSize": 17,
                "LabelText": "",
                "FontResource": {
                  "Type": "Normal",
                  "Path": "font/ModeMinBStd.ttf",
                  "Plist": ""
                },
                "HorizontalAlignmentType": "HT_Center",
                "OutlineColor": {
                  "G": 0,
                  "B": 0
                },
                "ShadowColor": {
                  "R": 29,
                  "G": 16,
                  "B": 1
                },
                "ShadowOffsetX": 3.0,
                "ShadowOffsetY": -3.0,
                "ShadowEnabled": true,
                "AnchorPoint": {
                  "ScaleY": 0.5
                },
                "Position": {
                  "X": 302.2318,
                  "Y": 14.9501
                },
                "Scale": {
                  "ScaleX": 1.0,
                  "ScaleY": 1.0
                },
                "CColor": {},
                "IconVisible": false,
                "PrePosition": {
                  "X": 0.643,
                  "Y": 0.3738
                },
                "PreSize": {
                  "X": 0.2106,
                  "Y": 0.575
                },
                "LeftMargin": 302.2318,
                "RightMargin": 68.7682,
                "TopMargin": 13.5499,
                "BottomMargin": 3.4501,
                "Tag": 750,
                "ActionTag": 800155005,
                "Size": {
                  "X": 99.0,
                  "Y": 23.0
                },
                "Name": "txt_item_cost",
                "ctype": "TextObjectData"
              },
              {
                "IsCustomSize": true,
                "FontSize": 20,
                "LabelText": "{TXT_UI_DIALOG-USE-ITEM_0}",
                "FontResource": {
                  "Type": "Normal",
                  "Path": "font/ModeMinBStd.ttf",
                  "Plist": ""
                },
                "OutlineSize": 2,
                "OutlineColor": {
                  "R": 109,
                  "G": 0,
                  "B": 0
                },
                "OutlineEnabled": true,
                "ShadowColor": {
                  "R": 110,
                  "G": 110,
                  "B": 110
                },
                "ShadowOffsetX": 2.0,
                "ShadowOffsetY": -2.0,
                "AnchorPoint": {
                  "ScaleY": 0.5
                },
                "Position": {
                  "X": 39.9685,
                  "Y": 15.8139
                },
                "Scale": {
                  "ScaleX": 1.0,
                  "ScaleY": 1.0
                },
                "CColor": {},
                "IconVisible": false,
                "PrePosition": {
                  "X": 0.085,
                  "Y": 0.3953
                },
                "PreSize": {
                  "X": 0.4255,
                  "Y": 0.625
                },
                "LeftMargin": 39.9685,
                "RightMargin": 230.0315,
                "TopMargin": 11.6861,
                "BottomMargin": 3.3139,
                "Tag": 751,
                "ActionTag": -1647724351,
                "Size": {
                  "X": 200.0,
                  "Y": 25.0
                },
                "Name": "txt_item_name",
                "ctype": "TextObjectData"
              }
            ],
            "ActionTag": -1875290834,
            "Size": {
              "X": 470.0,
              "Y": 40.0
            },
            "Name": "ItemUseDetail",
            "ctype": "PanelObjectData"
          },
          {
            "ClipAble": false,
            "BackColorAlpha": 191,
            "ComboBoxIndex": 1,
            "SingleColor": {
              "R": 0,
              "G": 0,
              "B": 0
            },
            "FirstColor": {
              "R": 150,
              "G": 200
            },
            "EndColor": {},
            "ColorVector": {
              "ScaleY": 1.0
            },
            "Scale9Width": 1,
            "Scale9Height": 1,
            "TouchEnable": true,
            "AnchorPoint": {},
            "Position": {
              "X": 0.0,
              "Y": 0.0
            },
            "Scale": {
              "ScaleX": 1.0,
              "ScaleY": 1.0
            },
            "CColor": {},
            "IconVisible": false,
            "PrePosition": {
              "X": 0.0,
              "Y": 0.0
            },
            "PreSize": {
              "X": 1.0,
              "Y": 1.0
            },
            "Tag": 99,
            "Children": [
              {
                "ClipAble": false,
                "BackColorAlpha": 102,
                "SingleColor": {
                  "R": 150,
                  "G": 200
                },
                "FirstColor": {
                  "R": 150,
                  "G": 200
                },
                "EndColor": {},
                "ColorVector": {
                  "ScaleY": 1.0
                },
                "Scale9Width": 1,
                "Scale9Height": 1,
                "AnchorPoint": {
                  "ScaleX": 0.5,
                  "ScaleY": 0.5
                },
                "Position": {
                  "X": 320.0004,
                  "Y": 538.0009
                },
                "Scale": {
                  "ScaleX": 1.0,
                  "ScaleY": 1.0
                },
                "CColor": {},
                "IconVisible": false,
                "PrePosition": {
                  "X": 0.5,
                  "Y": 0.4736
                },
                "PreSize": {
                  "X": 1.0,
                  "Y": 0.7042
                },
                "LeftMargin": 0.0004,
                "RightMargin": -0.0004,
                "TopMargin": 197.9991,
                "BottomMargin": 138.0009,
                "Tag": 102,
                "Children": [
                  {
                    "FileData": {
                      "Type": "MarkedSubImage",
                      "Path": "pic/icon/icon_popup_bg.png",
                      "Plist": "pic/icon/icon_atlas.plist"
                    },
                    "Scale9Enable": true,
                    "Scale9OriginX": 62,
                    "Scale9OriginY": 46,
                    "Scale9Width": 15,
                    "Scale9Height": 20,
                    "AnchorPoint": {
                      "ScaleX": 0.5,
                      "ScaleY": 1.0
                    },
                    "Position": {
                      "X": 320.0002,
                      "Y": 746.0013
                    },
                    "Scale": {
                      "ScaleX": 1.0,
                      "ScaleY": 1.0
                    },
                    "CColor": {},
                    "IconVisible": false,
                    "PrePosition": {
                      "X": 0.5,
                      "Y": 0.9325
                    },
                    "PreSize": {
                      "X": 0.8797,
                      "Y": 0.7175
                    },
                    "LeftMargin": 38.5002,
                    "RightMargin": 38.4998,
                    "TopMargin": 53.9987,
                    "BottomMargin": 172.0013,
                    "Tag": 103,
                    "ActionTag": -430555373,
                    "Size": {
                      "X": 563.0,
                      "Y": 574.0
                    },
                    "Name": "img_bg",
                    "ctype": "ImageViewObjectData"
                  },
                  {
                    "FileData": {
                      "Type": "MarkedSubImage",
                      "Path": "pic/icon/icon_bg.png",
                      "Plist": "pic/icon/icon_atlas.plist"
                    },
                    "Scale9Enable": true,
                    "Scale9OriginX": 42,
                    "Scale9OriginY": 24,
                    "Scale9Width": 231,
                    "Scale9Height": 25,
                    "AnchorPoint": {
                      "ScaleX": 0.5,
                      "ScaleY": 0.5
                    },
                    "Position": {
                      "X": 317.0,
                      "Y": 722.8868
                    },
                    "Scale": {
                      "ScaleX": 1.0,
                      "ScaleY": 1.0
                    },
                    "CColor": {},
                    "IconVisible": false,
                    "PrePosition": {
                      "X": 0.4953,
                      "Y": 0.9036
                    },
                    "PreSize": {
                      "X": 0.4922,
                      "Y": 0.0913
                    },
                    "LeftMargin": 159.5,
                    "RightMargin": 165.5,
                    "TopMargin": 40.6132,
                    "BottomMargin": 686.3868,
                    "Tag": 104,
                    "Children": [
                      {
                        "IsCustomSize": true,
                        "FontSize": 27,
                        "LabelText": "{TXT_UI_DIALOG-CRUSADE-TALENT-DETAIL_0}",
                        "FontResource": {
                          "Type": "Normal",
                          "Path": "font/ModeMinBStd.ttf",
                          "Plist": ""
                        },
                        "HorizontalAlignmentType": "HT_Center",
                        "OutlineColor": {
                          "G": 0,
                          "B": 0
                        },
                        "ShadowColor": {
                          "R": 29,
                          "G": 16,
                          "B": 1
                        },
                        "ShadowOffsetX": 3.0,
                        "ShadowOffsetY": -3.0,
                        "ShadowEnabled": true,
                        "AnchorPoint": {
                          "ScaleX": 0.5,
                          "ScaleY": 0.5
                        },
                        "Position": {
                          "X": 157.5,
                          "Y": 40.8066
                        },
                        "Scale": {
                          "ScaleX": 1.0,
                          "ScaleY": 1.0
                        },
                        "CColor": {},
                        "IconVisible": false,
                        "PositionPercentXEnabled": true,
                        "PrePosition": {
                          "X": 0.5,
                          "Y": 0.559
                        },
                        "PreSize": {
                          "X": 0.8889,
                          "Y": 0.411
                        },
                        "LeftMargin": 17.5,
                        "RightMargin": 17.5,
                        "TopMargin": 17.1934,
                        "BottomMargin": 25.8066,
                        "Tag": 105,
                        "ActionTag": -781018445,
                        "Size": {
                          "X": 280.0,
                          "Y": 30.0
                        },
                        "Name": "txt_name",
                        "ctype": "TextObjectData"
                      }
                    ],
                    "ActionTag": 2012716833,
                    "Size": {
                      "X": 315.0,
                      "Y": 73.0
                    },
                    "Name": "Image_7",
                    "ctype": "ImageViewObjectData"
                  },
                  {
                    "FileData": {
                      "Type": "MarkedSubImage",
                      "Path": "common/icon_grade_props_bg.png",
                      "Plist": "common/common.plist"
                    },
                    "Scale9Enable": true,
                    "Scale9OriginX": 17,
                    "Scale9OriginY": 17,
                    "Scale9Width": 90,
                    "Scale9Height": 32,
                    "TouchEnable": true,
                    "AnchorPoint": {
                      "ScaleX": 0.5,
                      "ScaleY": 1.0
                    },
                    "Position": {
                      "X": 319.9998,
                      "Y": 686.0
                    },
                    "Scale": {
                      "ScaleX": 1.0,
                      "ScaleY": 1.0
                    },
                    "CColor": {},
                    "IconVisible": false,
                    "PrePosition": {
                      "X": 0.5,
                      "Y": 0.8575
                    },
                    "PreSize": {
                      "X": 0.75,
                      "Y": 0.4812
                    },
                    "LeftMargin": 79.9998,
                    "RightMargin": 80.0002,
                    "TopMargin": 114.0,
                    "BottomMargin": 301.0,
                    "Tag": 106,
                    "Children": [
                      {
                        "FileData": {
                          "Type": "MarkedSubImage",
                          "Path": "crusade/img_crusade_talenticonbg_1_1.png",
                          "Plist": "crusade/crusadePlist.plist"
                        },
                        "Scale9OriginX": 15,
                        "Scale9OriginY": 15,
                        "Scale9Width": 88,
                        "Scale9Height": 88,
                        "AnchorPoint": {
                          "ScaleX": 0.5,
                          "ScaleY": 0.5
                        },
                        "Position": {
                          "X": 240.0,
                          "Y": 308.9998
                        },
                        "Scale": {
                          "ScaleX": 1.0,
                          "ScaleY": 1.0
                        },
                        "CColor": {},
                        "IconVisible": false,
                        "PrePosition": {
                          "X": 0.5,
                          "Y": 0.8026
                        },
                        "PreSize": {
                          "X": 0.2458,
                          "Y": 0.3065
                        },
                        "LeftMargin": 181.0,
                        "RightMargin": 181.0,
                        "TopMargin": 17.0002,
                        "BottomMargin": 249.9998,
                        "Tag": 36,
                        "Children": [
                          {
                            "FileData": {
                              "Type": "Default",
                              "Path": "Default/ImageFile.png",
                              "Plist": ""
                            },
                            "Scale9Width": 46,
                            "Scale9Height": 46,
                            "AnchorPoint": {
                              "ScaleX": 0.5,
                              "ScaleY": 0.5
                            },
                            "Position": {
                              "X": 59.0,
                              "Y": 59.0
                            },
                            "Scale": {
                              "ScaleX": 1.0,
                              "ScaleY": 1.0
                            },
                            "CColor": {},
                            "IconVisible": false,
                            "PositionPercentXEnabled": true,
                            "PositionPercentYEnabled": true,
                            "PrePosition": {
                              "X": 0.5,
                              "Y": 0.5
                            },
                            "PreSize": {
                              "X": 0.3898,
                              "Y": 0.3898
                            },
                            "LeftMargin": 36.0,
                            "RightMargin": 36.0,
                            "TopMargin": 36.0,
                            "BottomMargin": 36.0,
                            "Tag": 444,
                            "ActionTag": -1666821702,
                            "Size": {
                              "X": 46.0,
                              "Y": 46.0
                            },
                            "Name": "img_talent_icon",
                            "ctype": "ImageViewObjectData"
                          },
                          {
                            "IsCustomSize": true,
                            "FontSize": 27,
                            "LabelText": "qaaaaa",
                            "FontResource": {
                              "Type": "Normal",
                              "Path": "font/ModeMinBStd.ttf",
                              "Plist": ""
                            },
                            "HorizontalAlignmentType": "HT_Center",
                            "OutlineColor": {
                              "G": 0,
                              "B": 0
                            },
                            "ShadowColor": {
                              "R": 29,
                              "G": 16,
                              "B": 1
                            },
                            "ShadowOffsetX": 3.0,
                            "ShadowOffsetY": -3.0,
                            "ShadowEnabled": true,
                            "AnchorPoint": {
                              "ScaleX": 0.5,
                              "ScaleY": 0.5
                            },
                            "Position": {
                              "X": 59.0,
                              "Y": 1.0007
                            },
                            "Scale": {
                              "ScaleX": 1.0,
                              "ScaleY": 1.0
                            },
                            "CColor": {},
                            "IconVisible": false,
                            "PositionPercentXEnabled": true,
                            "PrePosition": {
                              "X": 0.5,
                              "Y": 0.0085
                            },
                            "PreSize": {
                              "X": 4.0678,
                              "Y": 0.2542
                            },
                            "LeftMargin": -181.0,
                            "RightMargin": -181.0,
                            "TopMargin": 101.9993,
                            "BottomMargin": -13.9993,
                            "Tag": 125,
                            "ActionTag": -1262620489,
                            "Size": {
                              "X": 480.0,
                              "Y": 30.0
                            },
                            "Name": "txt_talent_name",
                            "ctype": "TextObjectData"
                          }
                        ],
                        "ActionTag": -1735756854,
                        "Size": {
                          "X": 118.0,
                          "Y": 118.0
                        },
                        "Name": "img_talent_icon_bg",
                        "ctype": "ImageViewObjectData"
                      },
                      {
                        "IsCustomSize": true,
                        "FontSize": 18,
                        "LabelText": "{TXT_UI_DIALOG-CRUSADE-TALENT-DETAIL_1}",
                        "FontResource": {
                          "Type": "Normal",
                          "Path": "font/ModeMinBStd.ttf",
                          "Plist": ""
                        },
                        "HorizontalAlignmentType": "HT_Center",
                        "OutlineColor": {
                          "G": 0,
                          "B": 0
                        },
                        "ShadowColor": {
                          "R": 110,
                          "G": 110,
                          "B": 110
                        },
                        "ShadowOffsetX": 2.0,
                        "ShadowOffsetY": -2.0,
                        "AnchorPoint": {
                          "ScaleX": 0.5,
                          "ScaleY": 0.5
                        },
                        "Position": {
                          "X": 240.0,
                          "Y": 221.9997
                        },
                        "Scale": {
                          "ScaleX": 1.0,
                          "ScaleY": 1.0
                        },
                        "CColor": {
                          "G": 0,
                          "B": 0
                        },
                        "IconVisible": false,
                        "PrePosition": {
                          "X": 0.5,
                          "Y": 0.5766
                        },
                        "PreSize": {
                          "X": 0.9375,
                          "Y": 0.0571
                        },
                        "LeftMargin": 15.0,
                        "RightMargin": 15.0,
                        "TopMargin": 152.0003,
                        "BottomMargin": 210.9997,
                        "Tag": 861,
                        "ActionTag": -984526457,
                        "Size": {
                          "X": 450.0,
                          "Y": 22.0
                        },
                        "Name": "txt_tips",
                        "ctype": "TextObjectData"
                      },
                      {
                        "FileData": {
                          "Type": "MarkedSubImage",
                          "Path": "common_ui/icon_club_line_1.png",
                          "Plist": "common_ui/common_panel_atlas.plist"
                        },
                        "Scale9Enable": true,
                        "Scale9OriginX": 68,
                        "Scale9OriginY": 3,
                        "Scale9Width": 73,
                        "Scale9Height": 5,
                        "AnchorPoint": {
                          "ScaleX": 0.5,
                          "ScaleY": 0.5
                        },
                        "Position": {
                          "X": 240.0,
                          "Y": 204.9992
                        },
                        "Scale": {
                          "ScaleX": 1.0,
                          "ScaleY": 1.0
                        },
                        "CColor": {},
                        "IconVisible": false,
                        "PrePosition": {
                          "X": 0.5,
                          "Y": 0.5325
                        },
                        "PreSize": {
                          "X": 0.8875,
                          "Y": 0.0286
                        },
                        "LeftMargin": 27.0,
                        "RightMargin": 27.0,
                        "TopMargin": 174.5008,
                        "BottomMargin": 199.4992,
                        "Tag": 714,
                        "ActionTag": -1870396028,
                        "Size": {
                          "X": 426.0,
                          "Y": 11.0
                        },
                        "Name": "Image_1",
                        "ctype": "ImageViewObjectData"
                      },
                      {
                        "IsCustomSize": true,
                        "FontSize": 18,
                        "LabelText": "",
                        "FontResource": {
                          "Type": "Normal",
                          "Path": "font/ModeMinBStd.ttf",
                          "Plist": ""
                        },
                        "HorizontalAlignmentType": "HT_Center",
                        "VerticalAlignmentType": "VT_Center",
                        "OutlineColor": {
                          "G": 0,
                          "B": 0
                        },
                        "ShadowColor": {
                          "R": 110,
                          "G": 110,
                          "B": 110
                        },
                        "ShadowOffsetX": 2.0,
                        "ShadowOffsetY": -2.0,
                        "AnchorPoint": {
                          "ScaleX": 0.5,
                          "ScaleY": 0.5
                        },
                        "Position": {
                          "X": 240.0001,
                          "Y": 174.0001
                        },
                        "Scale": {
                          "ScaleX": 1.0,
                          "ScaleY": 1.0
                        },
                        "CColor": {},
                        "IconVisible": false,
                        "PrePosition": {
                          "X": 0.5,
                          "Y": 0.4519
                        },
                        "PreSize": {
                          "X": 0.9375,
                          "Y": 0.1143
                        },
                        "LeftMargin": 15.0001,
                        "RightMargin": 14.9999,
                        "TopMargin": 188.9999,
                        "BottomMargin": 152.0001,
                        "Tag": 662,
                        "ActionTag": -1524744053,
                        "Size": {
                          "X": 450.0,
                          "Y": 44.0
                        },
                        "Name": "txt_talent_info",
                        "ctype": "TextObjectData"
                      }
                    ],
                    "ActionTag": 1103833519,
                    "Size": {
                      "X": 480.0,
                      "Y": 385.0
                    },
                    "Name": "img_banner",
                    "ctype": "ImageViewObjectData"
                  },
                  {
                    "FontSize": 14,
                    "ButtonText": "",
                    "TextColor": {},
                    "NormalFileData": {
                      "Type": "MarkedSubImage",
                      "Path": "pic/button/button_close.png",
                      "Plist": "pic/button/common_btn_atlas.plist"
                    },
                    "Scale9OriginX": 22,
                    "Scale9OriginY": 22,
                    "Scale9Width": 38,
                    "Scale9Height": 38,
                    "OutlineColor": {
                      "R": 0,
                      "G": 0,
                      "B": 0
                    },
                    "ShadowColor": {
                      "R": 0,
                      "G": 0,
                      "B": 0
                    },
                    "ShadowOffsetX": 2.0,
                    "ShadowOffsetY": -2.0,
                    "TouchEnable": true,
                    "AnchorPoint": {
                      "ScaleX": 0.5,
                      "ScaleY": 0.5
                    },
                    "Position": {
                      "X": 577.5405,
                      "Y": 724.1613
                    },
                    "Scale": {
                      "ScaleX": 1.0,
                      "ScaleY": 1.0
                    },
                    "CColor": {},
                    "IconVisible": false,
                    "PrePosition": {
                      "X": 0.9024,
                      "Y": 0.9052
                    },
                    "PreSize": {
                      "X": 0.1063,
                      "Y": 0.085
                    },
                    "LeftMargin": 543.5405,
                    "RightMargin": 28.4595,
                    "TopMargin": 41.8387,
                    "BottomMargin": 690.1613,
                    "Tag": 791,
                    "ActionTag": 184031876,
                    "Size": {
                      "X": 68.0,
                      "Y": 68.0
                    },
                    "Name": "btn_closeview",
                    "ctype": "ButtonObjectData"
                  },
                  {
                    "FontSize": 24,
                    "ButtonText": "",
                    "TextColor": {
                      "R": 65,
                      "G": 65,
                      "B": 70
                    },
                    "NormalFileData": {
                      "Type": "MarkedSubImage",
                      "Path": "common/common_newbtn2.png",
                      "Plist": "common/common.plist"
                    },
                    "Scale9Enable": true,
                    "Scale9OriginX": 15,
                    "Scale9OriginY": 11,
                    "Scale9Width": 198,
                    "Scale9Height": 61,
                    "OutlineColor": {
                      "G": 0,
                      "B": 0
                    },
                    "ShadowColor": {
                      "R": 110,
                      "G": 110,
                      "B": 110
                    },
                    "ShadowOffsetX": 2.0,
                    "ShadowOffsetY": -2.0,
                    "TouchEnable": true,
                    "AnchorPoint": {
                      "ScaleX": 0.5,
                      "ScaleY": 0.5
                    },
                    "Position": {
                      "X": 212.4291,
                      "Y": 253.0
                    },
                    "Scale": {
                      "ScaleX": 1.0,
                      "ScaleY": 1.0
                    },
                    "CColor": {},
                    "IconVisible": false,
                    "PrePosition": {
                      "X": 0.3319,
                      "Y": 0.3162
                    },
                    "PreSize": {
                      "X": 0.3594,
                      "Y": 0.1037
                    },
                    "LeftMargin": 97.4291,
                    "RightMargin": 312.5709,
                    "TopMargin": 505.5,
                    "BottomMargin": 211.5,
                    "Tag": 528,
                    "Children": [
                      {
                        "IsCustomSize": true,
                        "FontSize": 24,
                        "LabelText": "{TXT_UI_DIALOG-CRUSADE-TALENT-DETAIL_3}",
                        "FontResource": {
                          "Type": "Normal",
                          "Path": "font/ModeMinBStd.ttf",
                          "Plist": ""
                        },
                        "HorizontalAlignmentType": "HT_Center",
                        "OutlineSize": 2,
                        "OutlineColor": {
                          "R": 76,
                          "G": 83,
                          "B": 98
                        },
                        "OutlineEnabled": true,
                        "ShadowColor": {
                          "R": 110,
                          "G": 110,
                          "B": 110
                        },
                        "ShadowOffsetX": 2.0,
                        "ShadowOffsetY": -2.0,
                        "AnchorPoint": {
                          "ScaleX": 0.5,
                          "ScaleY": 0.5
                        },
                        "Position": {
                          "X": 115.0,
                          "Y": 41.5001
                        },
                        "Scale": {
                          "ScaleX": 1.0,
                          "ScaleY": 1.0
                        },
                        "CColor": {},
                        "IconVisible": false,
                        "PrePosition": {
                          "X": 0.5,
                          "Y": 0.5
                        },
                        "PreSize": {
                          "X": 0.787,
                          "Y": 0.4578
                        },
                        "LeftMargin": 24.5,
                        "RightMargin": 24.5,
                        "TopMargin": 22.4999,
                        "BottomMargin": 22.5001,
                        "Tag": 529,
                        "ActionTag": -829493954,
                        "Size": {
                          "X": 181.0,
                          "Y": 38.0
                        },
                        "Name": "txt",
                        "ctype": "TextObjectData"
                      }
                    ],
                    "ActionTag": 1664617427,
                    "Size": {
                      "X": 230.0,
                      "Y": 83.0
                    },
                    "Name": "btn_cancel",
                    "ctype": "ButtonObjectData"
                  },
                  {
                    "FontSize": 24,
                    "ButtonText": "",
                    "TextColor": {
                      "R": 65,
                      "G": 65,
                      "B": 70
                    },
                    "NormalFileData": {
                      "Type": "MarkedSubImage",
                      "Path": "common/common_newbtn2.png",
                      "Plist": "common/common.plist"
                    },
                    "Scale9Enable": true,
                    "Scale9OriginX": 15,
                    "Scale9OriginY": 11,
                    "Scale9Width": 198,
                    "Scale9Height": 61,
                    "OutlineColor": {
                      "G": 0,
                      "B": 0
                    },
                    "ShadowColor": {
                      "R": 110,
                      "G": 110,
                      "B": 110
                    },
                    "ShadowOffsetX": 2.0,
                    "ShadowOffsetY": -2.0,
                    "TouchEnable": true,
                    "AnchorPoint": {
                      "ScaleX": 0.5,
                      "ScaleY": 0.5
                    },
                    "Position": {
                      "X": 320.0,
                      "Y": 252.999
                    },
                    "Scale": {
                      "ScaleX": 1.0,
                      "ScaleY": 1.0
                    },
                    "CColor": {},
                    "IconVisible": false,
                    "PrePosition": {
                      "X": 0.5,
                      "Y": 0.3162
                    },
                    "PreSize": {
                      "X": 0.3594,
                      "Y": 0.1037
                    },
                    "LeftMargin": 205.0,
                    "RightMargin": 205.0,
                    "TopMargin": 505.501,
                    "BottomMargin": 211.499,
                    "Tag": 712,
                    "Children": [
                      {
                        "IsCustomSize": true,
                        "FontSize": 24,
                        "LabelText": "{TXT_UI_DIALOG-CRUSADE-TALENT-DETAIL_3}",
                        "FontResource": {
                          "Type": "Normal",
                          "Path": "font/ModeMinBStd.ttf",
                          "Plist": ""
                        },
                        "HorizontalAlignmentType": "HT_Center",
                        "OutlineSize": 2,
                        "OutlineColor": {
                          "R": 76,
                          "G": 83,
                          "B": 98
                        },
                        "OutlineEnabled": true,
                        "ShadowColor": {
                          "R": 110,
                          "G": 110,
                          "B": 110
                        },
                        "ShadowOffsetX": 2.0,
                        "ShadowOffsetY": -2.0,
                        "AnchorPoint": {
                          "ScaleX": 0.5,
                          "ScaleY": 0.5
                        },
                        "Position": {
                          "X": 115.0,
                          "Y": 43.5002
                        },
                        "Scale": {
                          "ScaleX": 1.0,
                          "ScaleY": 1.0
                        },
                        "CColor": {},
                        "IconVisible": false,
                        "PrePosition": {
                          "X": 0.5,
                          "Y": 0.5241
                        },
                        "PreSize": {
                          "X": 0.787,
                          "Y": 0.4578
                        },
                        "LeftMargin": 24.5,
                        "RightMargin": 24.5,
                        "TopMargin": 20.4998,
                        "BottomMargin": 24.5002,
                        "Tag": 713,
                        "ActionTag": 496236166,
                        "Size": {
                          "X": 181.0,
                          "Y": 38.0
                        },
                        "Name": "txt",
                        "ctype": "TextObjectData"
                      }
                    ],
                    "ActionTag": 997387940,
                    "Size": {
                      "X": 230.0,
                      "Y": 83.0
                    },
                    "Name": "btn_close",
                    "ctype": "ButtonObjectData"
                  },
                  {
                    "FontSize": 24,
                    "ButtonText": "",
                    "TextColor": {
                      "R": 65,
                      "G": 65,
                      "B": 70
                    },
                    "NormalFileData": {
                      "Type": "MarkedSubImage",
                      "Path": "common/common_newbtn1.png",
                      "Plist": "common/common.plist"
                    },
                    "Scale9Enable": true,
                    "Scale9OriginX": 15,
                    "Scale9OriginY": 11,
                    "Scale9Width": 198,
                    "Scale9Height": 61,
                    "OutlineColor": {
                      "G": 0,
                      "B": 0
                    },
                    "ShadowColor": {
                      "R": 110,
                      "G": 110,
                      "B": 110
                    },
                    "ShadowOffsetX": 2.0,
                    "ShadowOffsetY": -2.0,
                    "TouchEnable": true,
                    "AnchorPoint": {
                      "ScaleX": 0.5,
                      "ScaleY": 0.5
                    },
                    "Position": {
                      "X": 428.0,
                      "Y": 253.0
                    },
                    "Scale": {
                      "ScaleX": 1.0,
                      "ScaleY": 1.0
                    },
                    "CColor": {},
                    "IconVisible": false,
                    "PrePosition": {
                      "X": 0.6687,
                      "Y": 0.3162
                    },
                    "PreSize": {
                      "X": 0.3594,
                      "Y": 0.1037
                    },
                    "LeftMargin": 313.0,
                    "RightMargin": 97.0,
                    "TopMargin": 505.5,
                    "BottomMargin": 211.5,
                    "Tag": 271,
                    "Children": [
                      {
                        "IsCustomSize": true,
                        "FontSize": 24,
                        "LabelText": "{TXT_UI_DIALOG-CRUSADE-TALENT-DETAIL_2}",
                        "FontResource": {
                          "Type": "Normal",
                          "Path": "font/ModeMinBStd.ttf",
                          "Plist": ""
                        },
                        "HorizontalAlignmentType": "HT_Center",
                        "OutlineSize": 2,
                        "OutlineColor": {
                          "R": 109,
                          "G": 0,
                          "B": 0
                        },
                        "OutlineEnabled": true,
                        "ShadowColor": {
                          "R": 110,
                          "G": 110,
                          "B": 110
                        },
                        "ShadowOffsetX": 2.0,
                        "ShadowOffsetY": -2.0,
                        "AnchorPoint": {
                          "ScaleX": 0.5,
                          "ScaleY": 0.5
                        },
                        "Position": {
                          "X": 116.9999,
                          "Y": 41.5001
                        },
                        "Scale": {
                          "ScaleX": 1.0,
                          "ScaleY": 1.0
                        },
                        "CColor": {},
                        "IconVisible": false,
                        "PrePosition": {
                          "X": 0.5087,
                          "Y": 0.5
                        },
                        "PreSize": {
                          "X": 0.787,
                          "Y": 0.4578
                        },
                        "LeftMargin": 26.4999,
                        "RightMargin": 22.5001,
                        "TopMargin": 22.4999,
                        "BottomMargin": 22.5001,
                        "Tag": 272,
                        "ActionTag": -97383638,
                        "Size": {
                          "X": 181.0,
                          "Y": 38.0
                        },
                        "Name": "txt",
                        "ctype": "TextObjectData"
                      }
                    ],
                    "ActionTag": -861204437,
                    "Size": {
                      "X": 230.0,
                      "Y": 83.0
                    },
                    "Name": "btn_upgrade",
                    "ctype": "ButtonObjectData"
                  },
                  {
                    "ItemMargin": 5,
                    "DirectionType": "Vertical",
                    "ScrollDirectionType": 0,
                    "ClipAble": true,
                    "BackColorAlpha": 102,
                    "SingleColor": {
                      "R": 150,
                      "G": 150
                    },
                    "FirstColor": {
                      "R": 150,
                      "G": 150
                    },
                    "EndColor": {},
                    "ColorVector": {
                      "ScaleY": 1.0
                    },
                    "Scale9Width": 1,
                    "Scale9Height": 1,
                    "TouchEnable": true,
                    "AnchorPoint": {
                      "ScaleX": 0.5,
                      "ScaleY": 1.0
                    },
                    "Position": {
                      "X": 320.0,
                      "Y": 410.0001
                    },
                    "Scale": {
                      "ScaleX": 1.0,
                      "ScaleY": 1.0
                    },
                    "CColor": {},
                    "IconVisible": false,
                    "PositionPercentXEnabled": true,
                    "PrePosition": {
                      "X": 0.5,
                      "Y": 0.5125
                    },
                    "PreSize": {
                      "X": 0.7344,
                      "Y": 0.0625
                    },
                    "LeftMargin": 85.0,
                    "RightMargin": 85.0,
                    "TopMargin": 389.9999,
                    "BottomMargin": 360.0001,
                    "Tag": 779,
                    "ActionTag": 1193610587,
                    "Size": {
                      "X": 470.0,
                      "Y": 50.0
                    },
                    "Name": "list_use_item",
                    "ctype": "ListViewObjectData"
                  },
                  {
                    "IsCustomSize": true,
                    "FontSize": 18,
                    "LabelText": "",
                    "FontResource": {
                      "Type": "Normal",
                      "Path": "font/ModeMinBStd.ttf",
                      "Plist": ""
                    },
                    "HorizontalAlignmentType": "HT_Center",
                    "OutlineColor": {
                      "G": 0,
                      "B": 0
                    },
                    "ShadowColor": {
                      "R": 110,
                      "G": 110,
                      "B": 110
                    },
                    "ShadowOffsetX": 2.0,
                    "ShadowOffsetY": -2.0,
                    "AnchorPoint": {
                      "ScaleX": 0.5,
                      "ScaleY": 0.5
                    },
                    "Position": {
                      "X": 320.0,
                      "Y": 333.1351
                    },
                    "Scale": {
                      "ScaleX": 1.0,
                      "ScaleY": 1.0
                    },
                    "CColor": {
                      "R": 227,
                      "G": 228,
                      "B": 89
                    },
                    "IconVisible": false,
                    "PrePosition": {
                      "X": 0.5,
                      "Y": 0.4164
                    },
                    "PreSize": {
                      "X": 0.7344,
                      "Y": 0.0275
                    },
                    "LeftMargin": 85.0,
                    "RightMargin": 85.0,
                    "TopMargin": 455.8649,
                    "BottomMargin": 322.1351,
                    "Tag": 371,
                    "ActionTag": -1598615446,
                    "Size": {
                      "X": 470.0,
                      "Y": 22.0
                    },
                    "Name": "txt_dust_tips",
                    "ctype": "TextObjectData"
                  }
                ],
                "ActionTag": 1453954737,
                "Size": {
                  "X": 640.0,
                  "Y": 800.0
                },
                "Name": "pnl_body",
                "ctype": "PanelObjectData"
              }
            ],
            "ActionTag": -1219573097,
            "Size": {
              "X": 640.0,
              "Y": 1136.0
            },
            "Name": "Root",
            "ctype": "PanelObjectData"
          }
        ],
        "Size": {
          "X": 640.0,
          "Y": 1136.0
        },
        "Name": "Layer",
        "ctype": "LayerObjectData"
      },
      "UsedResources": [
        "common/common.plist",
        "common/common.png",
        "common_ui/common_panel_atlas.plist",
        "common_ui/common_panel_atlas.png",
        "crusade/crusadePlist.plist",
        "crusade/crusadePlist.png",
        "Default/ImageFile.png",
        "font/ModeMinBStd.ttf",
        "pic/button/common_btn_atlas.plist",
        "pic/button/common_btn_atlas.png",
        "pic/icon/icon_atlas.plist",
        "pic/icon/icon_atlas.png"
      ],
      "ctype": "GameFileData"
    }
  },
  "Type": "Layer"
}