{
  "ID": "e97c043e-114e-4129-bf17-a514ca2f2b99",
  "Version": "3.10.0.0",
  "Name": "dialog-crusade-talent-review",
  "Content": {
    "Content": {
      "Animation": {
        "Duration": 0,
        "Speed": 1.0,
        "Timelines": [],
        "ctype": "TimelineActionData"
      },
      "AnimationList": [],
      "ObjectData": {
        "Tag": 378,
        "Children": [
          {
            "ClipAble": false,
            "BackColorAlpha": 0,
            "ComboBoxIndex": 1,
            "SingleColor": {
              "R": 150,
              "G": 200
            },
            "FirstColor": {},
            "EndColor": {
              "R": 150,
              "G": 200
            },
            "ColorVector": {
              "ScaleY": -1.0
            },
            "Scale9OriginX": -162,
            "Scale9OriginY": -41,
            "Scale9Width": 324,
            "Scale9Height": 82,
            "TouchEnable": true,
            "AnchorPoint": {},
            "Position": {
              "X": -683.8187,
              "Y": 294.72
            },
            "Scale": {
              "ScaleX": 1.0,
              "ScaleY": 1.0
            },
            "CColor": {},
            "IconVisible": false,
            "PrePosition": {
              "X": -1.0685,
              "Y": 0.2594
            },
            "PreSize": {
              "X": 0.7422,
              "Y": 0.0968
            },
            "LeftMargin": -683.8187,
            "RightMargin": 848.8187,
            "TopMargin": 731.28,
            "BottomMargin": 294.72,
            "Tag": 2890,
            "Children": [
              {
                "FileData": {
                  "Type": "Normal",
                  "Path": "common_ui/icon_club_boss_rank_bg.png",
                  "Plist": ""
                },
                "Scale9OriginX": 162,
                "Scale9OriginY": 41,
                "Scale9Width": 169,
                "Scale9Height": 45,
                "AnchorPoint": {
                  "ScaleX": 0.5,
                  "ScaleY": 0.5
                },
                "Position": {
                  "X": 237.5,
                  "Y": 50.0
                },
                "Scale": {
                  "ScaleX": 1.0,
                  "ScaleY": 1.0
                },
                "CColor": {},
                "IconVisible": false,
                "PrePosition": {
                  "X": 0.5,
                  "Y": 0.4545
                },
                "PreSize": {
                  "X": 1.0295,
                  "Y": 1.1545
                },
                "LeftMargin": -7.0,
                "RightMargin": -7.0,
                "TopMargin": -3.5,
                "BottomMargin": -13.5,
                "Tag": 2891,
                "ActionTag": 1811719890,
                "Size": {
                  "X": 489.0,
                  "Y": 127.0
                },
                "Name": "Image_5",
                "ctype": "ImageViewObjectData"
              },
              {
                "FileData": {
                  "Type": "MarkedSubImage",
                  "Path": "pic/equip/equip_Img1.png",
                  "Plist": "pic/equip/equip.plist"
                },
                "Scale9Enable": true,
                "Scale9OriginX": 9,
                "Scale9OriginY": 12,
                "Scale9Width": 10,
                "Scale9Height": 4,
                "AnchorPoint": {
                  "ScaleY": 1.0
                },
                "Position": {
                  "X": 114.5655,
                  "Y": 72.1935
                },
                "Scale": {
                  "ScaleX": 1.0,
                  "ScaleY": 1.0
                },
                "CColor": {},
                "IconVisible": false,
                "PrePosition": {
                  "X": 0.2412,
                  "Y": 0.6563
                },
                "PreSize": {
                  "X": 0.7158,
                  "Y": 0.5455
                },
                "LeftMargin": 114.5655,
                "RightMargin": 20.4345,
                "TopMargin": 37.8065,
                "BottomMargin": 12.1935,
                "Tag": 2892,
                "ActionTag": 123539731,
                "Size": {
                  "X": 340.0,
                  "Y": 60.0
                },
                "Name": "Image_cellBg",
                "ctype": "ImageViewObjectData"
              },
              {
                "FileData": {
                  "Type": "Default",
                  "Path": "Default/ImageFile.png",
                  "Plist": ""
                },
                "Scale9OriginX": 4,
                "Scale9OriginY": 7,
                "Scale9Width": 38,
                "Scale9Height": 32,
                "AnchorPoint": {
                  "ScaleX": 0.5,
                  "ScaleY": 0.5
                },
                "Position": {
                  "X": 60.7155,
                  "Y": 55.74
                },
                "Scale": {
                  "ScaleX": 0.6,
                  "ScaleY": 0.6
                },
                "CColor": {},
                "IconVisible": false,
                "PrePosition": {
                  "X": 0.1278,
                  "Y": 0.5067
                },
                "PreSize": {
                  "X": 0.3305,
                  "Y": 1.4818
                },
                "LeftMargin": -17.7845,
                "RightMargin": 335.7845,
                "TopMargin": -27.24,
                "BottomMargin": -25.76,
                "Tag": 2893,
                "ActionTag": -1691749797,
                "Size": {
                  "X": 157.0,
                  "Y": 163.0
                },
                "Name": "img_buff",
                "ctype": "ImageViewObjectData"
              },
              {
                "IsCustomSize": true,
                "FontSize": 24,
                "LabelText": "Name",
                "FontResource": {
                  "Type": "Normal",
                  "Path": "font/ModeMinBStd.ttf",
                  "Plist": ""
                },
                "OutlineSize": 2,
                "OutlineColor": {
                  "R": 131,
                  "G": 25,
                  "B": 22
                },
                "OutlineEnabled": true,
                "ShadowColor": {
                  "R": 0,
                  "G": 0,
                  "B": 0
                },
                "ShadowOffsetX": 2.0,
                "ShadowOffsetY": -2.0,
                "AnchorPoint": {
                  "ScaleY": 0.4696
                },
                "Position": {
                  "X": 115.0171,
                  "Y": 86.6411
                },
                "Scale": {
                  "ScaleX": 1.0,
                  "ScaleY": 1.0
                },
                "CColor": {},
                "IconVisible": false,
                "PrePosition": {
                  "X": 0.2421,
                  "Y": 0.7876
                },
                "PreSize": {
                  "X": 0.7368,
                  "Y": 0.2455
                },
                "LeftMargin": 115.0171,
                "RightMargin": 9.9828,
                "TopMargin": 9.0381,
                "BottomMargin": 73.9619,
                "Tag": 2895,
                "ActionTag": -414248664,
                "Size": {
                  "X": 350.0,
                  "Y": 27.0
                },
                "Name": "txt_buffname",
                "ctype": "TextObjectData"
              },
              {
                "IsCustomSize": true,
                "FontSize": 18,
                "LabelText": "BUFF",
                "FontResource": {
                  "Type": "Normal",
                  "Path": "font/ModeMinBStd.ttf",
                  "Plist": ""
                },
                "OutlineSize": 2,
                "OutlineColor": {
                  "R": 109,
                  "G": 0,
                  "B": 0
                },
                "ShadowColor": {
                  "R": 0,
                  "G": 0,
                  "B": 0
                },
                "ShadowOffsetX": 2.0,
                "ShadowOffsetY": -2.0,
                "AnchorPoint": {
                  "ScaleY": 0.5
                },
                "Position": {
                  "X": 123.4659,
                  "Y": 42.7393
                },
                "Scale": {
                  "ScaleX": 1.0,
                  "ScaleY": 1.0
                },
                "CColor": {
                  "R": 109,
                  "G": 0,
                  "B": 0
                },
                "IconVisible": false,
                "PrePosition": {
                  "X": 0.2599,
                  "Y": 0.3885
                },
                "PreSize": {
                  "X": 0.6737,
                  "Y": 0.4545
                },
                "LeftMargin": 123.4659,
                "RightMargin": 31.5341,
                "TopMargin": 42.2607,
                "BottomMargin": 17.7393,
                "Tag": 2898,
                "ActionTag": -35925551,
                "Size": {
                  "X": 320.0,
                  "Y": 50.0
                },
                "Name": "txt_buffdetail",
                "ctype": "TextObjectData"
              }
            ],
            "ActionTag": 841035252,
            "Size": {
              "X": 475.0,
              "Y": 110.0
            },
            "Name": "ItemBuff",
            "ctype": "PanelObjectData"
          },
          {
            "ClipAble": false,
            "BackColorAlpha": 192,
            "ComboBoxIndex": 1,
            "SingleColor": {
              "R": 10,
              "G": 10,
              "B": 10
            },
            "FirstColor": {},
            "EndColor": {
              "R": 150,
              "G": 200
            },
            "ColorVector": {
              "ScaleY": -1.0
            },
            "Scale9Width": 1,
            "Scale9Height": 1,
            "TouchEnable": true,
            "AnchorPoint": {},
            "Position": {
              "X": 0.0,
              "Y": 0.0
            },
            "Scale": {
              "ScaleX": 1.0,
              "ScaleY": 1.0
            },
            "CColor": {},
            "IconVisible": false,
            "PrePosition": {
              "X": 0.0,
              "Y": 0.0
            },
            "PreSize": {
              "X": 1.0,
              "Y": 1.0
            },
            "Tag": 55549,
            "Children": [
              {
                "FileData": {
                  "Type": "MarkedSubImage",
                  "Path": "pic/icon/icon_popup_bg.png",
                  "Plist": "pic/icon/icon_atlas.plist"
                },
                "Scale9Enable": true,
                "Scale9OriginX": 56,
                "Scale9OriginY": 55,
                "Scale9Width": 15,
                "Scale9Height": 7,
                "AnchorPoint": {
                  "ScaleX": 0.5,
                  "ScaleY": 1.0
                },
                "Position": {
                  "X": 320.0,
                  "Y": 1007.23
                },
                "Scale": {
                  "ScaleX": 1.0,
                  "ScaleY": 1.0
                },
                "CColor": {},
                "IconVisible": false,
                "PositionPercentXEnabled": true,
                "PrePosition": {
                  "X": 0.5,
                  "Y": 0.8866
                },
                "PreSize": {
                  "X": 0.9063,
                  "Y": 0.7262
                },
                "LeftMargin": 30.0,
                "RightMargin": 30.0,
                "TopMargin": 128.77,
                "BottomMargin": 182.23,
                "Tag": 830,
                "Children": [
                  {
                    "FileData": {
                      "Type": "MarkedSubImage",
                      "Path": "pic/icon/icon_bg.png",
                      "Plist": "pic/icon/icon_atlas.plist"
                    },
                    "Scale9Enable": true,
                    "Scale9OriginX": 42,
                    "Scale9OriginY": 24,
                    "Scale9Width": 231,
                    "Scale9Height": 25,
                    "AnchorPoint": {
                      "ScaleX": 0.5,
                      "ScaleY": 0.5
                    },
                    "Position": {
                      "X": 290.0,
                      "Y": 805.09
                    },
                    "Scale": {
                      "ScaleX": 1.0,
                      "ScaleY": 1.0
                    },
                    "CColor": {},
                    "IconVisible": false,
                    "PositionPercentXEnabled": true,
                    "PrePosition": {
                      "X": 0.5,
                      "Y": 0.9759
                    },
                    "PreSize": {
                      "X": 0.5431,
                      "Y": 0.0885
                    },
                    "LeftMargin": 132.5,
                    "RightMargin": 132.5,
                    "TopMargin": -16.59,
                    "BottomMargin": 768.59,
                    "Tag": 55562,
                    "Children": [
                      {
                        "IsCustomSize": true,
                        "FontSize": 28,
                        "LabelText": "{TXT_UI_DIALOG-CRUSADE-TALENT-REVIEW_0}",
                        "FontResource": {
                          "Type": "Normal",
                          "Path": "font/ModeMinBStd.ttf",
                          "Plist": ""
                        },
                        "HorizontalAlignmentType": "HT_Center",
                        "OutlineColor": {
                          "R": 0,
                          "G": 0,
                          "B": 0
                        },
                        "ShadowColor": {
                          "R": 29,
                          "G": 16,
                          "B": 1
                        },
                        "ShadowOffsetX": 3.0,
                        "ShadowOffsetY": -3.0,
                        "ShadowEnabled": true,
                        "AnchorPoint": {
                          "ScaleX": 0.5,
                          "ScaleY": 0.5
                        },
                        "Position": {
                          "X": 157.5,
                          "Y": 41.4738
                        },
                        "Scale": {
                          "ScaleX": 1.0,
                          "ScaleY": 1.0
                        },
                        "CColor": {},
                        "IconVisible": false,
                        "PositionPercentXEnabled": true,
                        "PrePosition": {
                          "X": 0.5,
                          "Y": 0.5681
                        },
                        "PreSize": {
                          "X": 0.9206,
                          "Y": 0.4521
                        },
                        "LeftMargin": 12.5,
                        "RightMargin": 12.5,
                        "TopMargin": 15.0262,
                        "BottomMargin": 24.9738,
                        "Tag": 55563,
                        "ActionTag": 62702710,
                        "Size": {
                          "X": 290.0,
                          "Y": 33.0
                        },
                        "Name": "lbl_title",
                        "ctype": "TextObjectData"
                      }
                    ],
                    "ActionTag": 14423508,
                    "Size": {
                      "X": 315.0,
                      "Y": 73.0
                    },
                    "Name": "Image_4",
                    "ctype": "ImageViewObjectData"
                  },
                  {
                    "ClipAble": false,
                    "BackColorAlpha": 102,
                    "FileData": {
                      "Type": "MarkedSubImage",
                      "Path": "common/icon_grade_props_bg.png",
                      "Plist": "common/common.plist"
                    },
                    "SingleColor": {
                      "R": 150,
                      "G": 200
                    },
                    "FirstColor": {
                      "R": 150,
                      "G": 200
                    },
                    "EndColor": {},
                    "ColorVector": {
                      "ScaleY": 1.0
                    },
                    "Scale9Enable": true,
                    "Scale9OriginX": 40,
                    "Scale9OriginY": 21,
                    "Scale9Width": 44,
                    "Scale9Height": 24,
                    "TouchEnable": true,
                    "AnchorPoint": {
                      "ScaleX": 0.5,
                      "ScaleY": 1.0
                    },
                    "Position": {
                      "X": 290.0,
                      "Y": 720.0
                    },
                    "Scale": {
                      "ScaleX": 1.0,
                      "ScaleY": 1.0
                    },
                    "CColor": {},
                    "IconVisible": false,
                    "PositionPercentXEnabled": true,
                    "PrePosition": {
                      "X": 0.5,
                      "Y": 0.8727
                    },
                    "PreSize": {
                      "X": 0.8793,
                      "Y": 0.703
                    },
                    "LeftMargin": 35.0,
                    "RightMargin": 35.0,
                    "TopMargin": 105.0,
                    "BottomMargin": 140.0,
                    "Tag": 105,
                    "Children": [
                      {
                        "ItemMargin": 10,
                        "DirectionType": "Vertical",
                        "HorizontalType": "Align_HorizontalCenter",
                        "ScrollDirectionType": 0,
                        "ClipAble": true,
                        "BackColorAlpha": 100,
                        "SingleColor": {
                          "R": 150,
                          "G": 150
                        },
                        "FirstColor": {},
                        "EndColor": {
                          "R": 150,
                          "G": 150
                        },
                        "ColorVector": {
                          "ScaleY": -1.0
                        },
                        "Scale9Width": 1,
                        "Scale9Height": 1,
                        "TouchEnable": true,
                        "AnchorPoint": {
                          "ScaleX": 0.5,
                          "ScaleY": 1.0
                        },
                        "Position": {
                          "X": 255.0,
                          "Y": 580.0
                        },
                        "Scale": {
                          "ScaleX": 1.0,
                          "ScaleY": 1.0
                        },
                        "CColor": {},
                        "IconVisible": false,
                        "PositionPercentXEnabled": true,
                        "PrePosition": {
                          "X": 0.5,
                          "Y": 1.0
                        },
                        "PreSize": {
                          "X": 1.0,
                          "Y": 0.9828
                        },
                        "BottomMargin": 10.0,
                        "Tag": 106,
                        "ActionTag": -74521439,
                        "Size": {
                          "X": 510.0,
                          "Y": 570.0
                        },
                        "Name": "list_buff",
                        "ctype": "ListViewObjectData"
                      }
                    ],
                    "ActionTag": 41685177,
                    "Size": {
                      "X": 510.0,
                      "Y": 580.0
                    },
                    "Name": "pnl_content_buff",
                    "ctype": "PanelObjectData"
                  },
                  {
                    "FontSize": 14,
                    "ButtonText": "",
                    "TextColor": {
                      "R": 65,
                      "G": 65,
                      "B": 70
                    },
                    "NormalFileData": {
                      "Type": "MarkedSubImage",
                      "Path": "common/common_newbtn2.png",
                      "Plist": "common/common.plist"
                    },
                    "Scale9Enable": true,
                    "Scale9OriginX": 15,
                    "Scale9OriginY": 11,
                    "Scale9Width": 198,
                    "Scale9Height": 61,
                    "OutlineColor": {
                      "G": 0,
                      "B": 0
                    },
                    "ShadowColor": {
                      "R": 110,
                      "G": 110,
                      "B": 110
                    },
                    "ShadowOffsetX": 2.0,
                    "ShadowOffsetY": -2.0,
                    "TouchEnable": true,
                    "AnchorPoint": {
                      "ScaleX": 0.5,
                      "ScaleY": 0.5
                    },
                    "Position": {
                      "X": 290.0001,
                      "Y": 79.34
                    },
                    "Scale": {
                      "ScaleX": 1.0,
                      "ScaleY": 1.0
                    },
                    "CColor": {},
                    "IconVisible": false,
                    "PositionPercentXEnabled": true,
                    "PrePosition": {
                      "X": 0.5,
                      "Y": 0.0962
                    },
                    "PreSize": {
                      "X": 0.3931,
                      "Y": 0.1006
                    },
                    "LeftMargin": 176.0001,
                    "RightMargin": 175.9999,
                    "TopMargin": 704.16,
                    "BottomMargin": 37.84,
                    "Tag": 1568,
                    "Children": [
                      {
                        "IsCustomSize": true,
                        "FontSize": 28,
                        "LabelText": "{TXT_UI_DIALOG-CRUSADE-TALENT-REVIEW_5}",
                        "FontResource": {
                          "Type": "Normal",
                          "Path": "font/ModeMinBStd.ttf",
                          "Plist": ""
                        },
                        "HorizontalAlignmentType": "HT_Center",
                        "OutlineSize": 2,
                        "OutlineColor": {
                          "R": 76,
                          "G": 83,
                          "B": 98
                        },
                        "OutlineEnabled": true,
                        "ShadowColor": {
                          "R": 110,
                          "G": 110,
                          "B": 110
                        },
                        "ShadowOffsetX": 2.0,
                        "ShadowOffsetY": -2.0,
                        "AnchorPoint": {
                          "ScaleX": 0.5,
                          "ScaleY": 0.5
                        },
                        "Position": {
                          "X": 114.0,
                          "Y": 44.654
                        },
                        "Scale": {
                          "ScaleX": 1.0,
                          "ScaleY": 1.0
                        },
                        "CColor": {},
                        "IconVisible": false,
                        "PositionPercentXEnabled": true,
                        "PositionPercentYEnabled": true,
                        "PrePosition": {
                          "X": 0.5,
                          "Y": 0.538
                        },
                        "PreSize": {
                          "X": 0.7456,
                          "Y": 0.4217
                        },
                        "LeftMargin": 29.0,
                        "RightMargin": 29.0,
                        "TopMargin": 20.846,
                        "BottomMargin": 27.154,
                        "Tag": 1569,
                        "ActionTag": 1648861047,
                        "Size": {
                          "X": 170.0,
                          "Y": 35.0
                        },
                        "Name": "txt_left",
                        "ctype": "TextObjectData"
                      }
                    ],
                    "ActionTag": -552563317,
                    "Size": {
                      "X": 228.0,
                      "Y": 83.0
                    },
                    "Name": "btn_close",
                    "ctype": "ButtonObjectData"
                  },
                  {
                    "FontSize": 20,
                    "ButtonText": "",
                    "TextColor": {},
                    "NormalFileData": {
                      "Type": "MarkedSubImage",
                      "Path": "task/tab1_down.png",
                      "Plist": "task/task.plist"
                    },
                    "Scale9Enable": true,
                    "Scale9OriginX": 29,
                    "Scale9Width": 114,
                    "Scale9Height": 21,
                    "OutlineColor": {
                      "G": 0,
                      "B": 0
                    },
                    "ShadowColor": {
                      "R": 110,
                      "G": 110,
                      "B": 110
                    },
                    "ShadowOffsetX": 2.0,
                    "ShadowOffsetY": -2.0,
                    "TouchEnable": true,
                    "AnchorPoint": {
                      "ScaleX": 1.0,
                      "ScaleY": 0.5
                    },
                    "Position": {
                      "X": 166.9936,
                      "Y": 758.0012
                    },
                    "Scale": {
                      "ScaleX": 1.0,
                      "ScaleY": 1.0
                    },
                    "CColor": {},
                    "IconVisible": false,
                    "PrePosition": {
                      "X": 0.2879,
                      "Y": 0.9188
                    },
                    "PreSize": {
                      "X": 0.2069,
                      "Y": 0.0364
                    },
                    "LeftMargin": 46.9936,
                    "RightMargin": 413.0064,
                    "TopMargin": 51.9988,
                    "BottomMargin": 743.0012,
                    "Tag": 3232,
                    "Children": [
                      {
                        "IsCustomSize": true,
                        "FontSize": 18,
                        "LabelText": "{TXT_UI_DIALOG-CRUSADE-TALENT-REVIEW_1}",
                        "FontResource": {
                          "Type": "Normal",
                          "Path": "font/ModeMinBStd.ttf",
                          "Plist": ""
                        },
                        "HorizontalAlignmentType": "HT_Center",
                        "OutlineSize": 2,
                        "OutlineColor": {
                          "R": 103,
                          "G": 56,
                          "B": 31
                        },
                        "OutlineEnabled": true,
                        "ShadowColor": {
                          "R": 29,
                          "G": 16,
                          "B": 1
                        },
                        "ShadowOffsetX": 2.0,
                        "ShadowOffsetY": -2.0,
                        "AnchorPoint": {
                          "ScaleX": 0.5,
                          "ScaleY": 0.5
                        },
                        "Position": {
                          "X": 61.9999,
                          "Y": 15.0
                        },
                        "Scale": {
                          "ScaleX": 1.0,
                          "ScaleY": 1.0
                        },
                        "CColor": {},
                        "IconVisible": false,
                        "PositionPercentXEnabled": true,
                        "PositionPercentYEnabled": true,
                        "PrePosition": {
                          "X": 0.5167,
                          "Y": 0.5
                        },
                        "PreSize": {
                          "X": 0.9167,
                          "Y": 0.7667
                        },
                        "LeftMargin": 6.9999,
                        "RightMargin": 3.0001,
                        "TopMargin": 3.5,
                        "BottomMargin": 3.5,
                        "Tag": 3233,
                        "ActionTag": -449847024,
                        "Size": {
                          "X": 110.0,
                          "Y": 23.0
                        },
                        "Name": "txt_tag1",
                        "ctype": "TextObjectData"
                      }
                    ],
                    "ActionTag": 192888222,
                    "Size": {
                      "X": 120.0,
                      "Y": 30.0
                    },
                    "Name": "btn_tag1",
                    "ctype": "ButtonObjectData"
                  },
                  {
                    "FontSize": 14,
                    "ButtonText": "",
                    "TextColor": {
                      "R": 65,
                      "G": 65,
                      "B": 70
                    },
                    "NormalFileData": {
                      "Type": "MarkedSubImage",
                      "Path": "task/tab2.png",
                      "Plist": "task/task.plist"
                    },
                    "Scale9Enable": true,
                    "Scale9OriginX": 15,
                    "Scale9OriginY": 11,
                    "Scale9Width": 130,
                    "Scale9Height": 8,
                    "OutlineColor": {
                      "G": 0,
                      "B": 0
                    },
                    "ShadowColor": {
                      "R": 110,
                      "G": 110,
                      "B": 110
                    },
                    "ShadowOffsetX": 2.0,
                    "ShadowOffsetY": -2.0,
                    "TouchEnable": true,
                    "AnchorPoint": {
                      "ScaleX": 0.5,
                      "ScaleY": 0.5
                    },
                    "Position": {
                      "X": 228.001,
                      "Y": 758.0005
                    },
                    "Scale": {
                      "ScaleX": 1.0,
                      "ScaleY": 1.0
                    },
                    "CColor": {},
                    "IconVisible": false,
                    "PositionPercentXEnabled": true,
                    "PrePosition": {
                      "X": 0.3931,
                      "Y": 0.9188
                    },
                    "PreSize": {
                      "X": 0.2069,
                      "Y": 0.0364
                    },
                    "LeftMargin": 168.001,
                    "RightMargin": 291.999,
                    "TopMargin": 51.9995,
                    "BottomMargin": 743.0005,
                    "Tag": 93,
                    "Children": [
                      {
                        "IsCustomSize": true,
                        "FontSize": 20,
                        "LabelText": "{TXT_UI_DIALOG-CRUSADE-TALENT-REVIEW_2}",
                        "FontResource": {
                          "Type": "Normal",
                          "Path": "font/ModeMinBStd.ttf",
                          "Plist": ""
                        },
                        "HorizontalAlignmentType": "HT_Center",
                        "OutlineSize": 2,
                        "OutlineColor": {
                          "R": 103,
                          "G": 56,
                          "B": 31
                        },
                        "OutlineEnabled": true,
                        "ShadowColor": {
                          "R": 110,
                          "G": 110,
                          "B": 110
                        },
                        "ShadowOffsetX": 2.0,
                        "ShadowOffsetY": -2.0,
                        "AnchorPoint": {
                          "ScaleX": 0.5,
                          "ScaleY": 0.5
                        },
                        "Position": {
                          "X": 60.9998,
                          "Y": 15.0
                        },
                        "Scale": {
                          "ScaleX": 1.0,
                          "ScaleY": 1.0
                        },
                        "CColor": {},
                        "IconVisible": false,
                        "PrePosition": {
                          "X": 0.5083,
                          "Y": 0.5
                        },
                        "PreSize": {
                          "X": 0.9167,
                          "Y": 0.8
                        },
                        "LeftMargin": 5.9998,
                        "RightMargin": 4.0002,
                        "TopMargin": 3.0,
                        "BottomMargin": 3.0,
                        "Tag": 94,
                        "ActionTag": 1658640224,
                        "Size": {
                          "X": 110.0,
                          "Y": 24.0
                        },
                        "Name": "txt_tag2",
                        "ctype": "TextObjectData"
                      }
                    ],
                    "ActionTag": -282476174,
                    "Size": {
                      "X": 120.0,
                      "Y": 30.0
                    },
                    "Name": "btn_tag2",
                    "ctype": "ButtonObjectData"
                  },
                  {
                    "FontSize": 14,
                    "ButtonText": "",
                    "TextColor": {
                      "R": 65,
                      "G": 65,
                      "B": 70
                    },
                    "NormalFileData": {
                      "Type": "MarkedSubImage",
                      "Path": "task/tab2.png",
                      "Plist": "task/task.plist"
                    },
                    "Scale9Enable": true,
                    "Scale9OriginX": 15,
                    "Scale9OriginY": 11,
                    "Scale9Width": 130,
                    "Scale9Height": 8,
                    "OutlineColor": {
                      "G": 0,
                      "B": 0
                    },
                    "ShadowColor": {
                      "R": 110,
                      "G": 110,
                      "B": 110
                    },
                    "ShadowOffsetX": 2.0,
                    "ShadowOffsetY": -2.0,
                    "TouchEnable": true,
                    "AnchorPoint": {
                      "ScaleX": 0.5,
                      "ScaleY": 0.5
                    },
                    "Position": {
                      "X": 349.002,
                      "Y": 757.9973
                    },
                    "Scale": {
                      "ScaleX": 1.0,
                      "ScaleY": 1.0
                    },
                    "CColor": {},
                    "IconVisible": false,
                    "PositionPercentXEnabled": true,
                    "PrePosition": {
                      "X": 0.6017,
                      "Y": 0.9188
                    },
                    "PreSize": {
                      "X": 0.2069,
                      "Y": 0.0364
                    },
                    "LeftMargin": 289.002,
                    "RightMargin": 170.998,
                    "TopMargin": 52.0027,
                    "BottomMargin": 742.9973,
                    "Tag": 2486,
                    "Children": [
                      {
                        "IsCustomSize": true,
                        "FontSize": 20,
                        "LabelText": "{TXT_UI_DIALOG-CRUSADE-TALENT-REVIEW_3}",
                        "FontResource": {
                          "Type": "Normal",
                          "Path": "font/ModeMinBStd.ttf",
                          "Plist": ""
                        },
                        "HorizontalAlignmentType": "HT_Center",
                        "OutlineSize": 2,
                        "OutlineColor": {
                          "R": 103,
                          "G": 56,
                          "B": 31
                        },
                        "OutlineEnabled": true,
                        "ShadowColor": {
                          "R": 110,
                          "G": 110,
                          "B": 110
                        },
                        "ShadowOffsetX": 2.0,
                        "ShadowOffsetY": -2.0,
                        "AnchorPoint": {
                          "ScaleX": 0.5,
                          "ScaleY": 0.5
                        },
                        "Position": {
                          "X": 59.9988,
                          "Y": 15.0
                        },
                        "Scale": {
                          "ScaleX": 1.0,
                          "ScaleY": 1.0
                        },
                        "CColor": {},
                        "IconVisible": false,
                        "PrePosition": {
                          "X": 0.5,
                          "Y": 0.5
                        },
                        "PreSize": {
                          "X": 0.9167,
                          "Y": 0.8
                        },
                        "LeftMargin": 4.9988,
                        "RightMargin": 5.0012,
                        "TopMargin": 3.0,
                        "BottomMargin": 3.0,
                        "Tag": 2487,
                        "ActionTag": 246524432,
                        "Size": {
                          "X": 110.0,
                          "Y": 24.0
                        },
                        "Name": "txt_tag3",
                        "ctype": "TextObjectData"
                      }
                    ],
                    "ActionTag": -413981626,
                    "Size": {
                      "X": 120.0,
                      "Y": 30.0
                    },
                    "Name": "btn_tag3",
                    "ctype": "ButtonObjectData"
                  },
                  {
                    "FontSize": 20,
                    "ButtonText": "",
                    "TextColor": {},
                    "NormalFileData": {
                      "Type": "MarkedSubImage",
                      "Path": "task/tab3.png",
                      "Plist": "task/task.plist"
                    },
                    "Scale9Enable": true,
                    "Scale9OriginX": 29,
                    "Scale9OriginY": 9,
                    "Scale9Width": 101,
                    "Scale9Height": 12,
                    "OutlineColor": {
                      "G": 0,
                      "B": 0
                    },
                    "ShadowColor": {
                      "R": 110,
                      "G": 110,
                      "B": 110
                    },
                    "ShadowOffsetX": 2.0,
                    "ShadowOffsetY": -2.0,
                    "TouchEnable": true,
                    "AnchorPoint": {
                      "ScaleY": 0.5
                    },
                    "Position": {
                      "X": 410.3542,
                      "Y": 757.9973
                    },
                    "Scale": {
                      "ScaleX": 1.0,
                      "ScaleY": 1.0
                    },
                    "CColor": {},
                    "IconVisible": false,
                    "PrePosition": {
                      "X": 0.7075,
                      "Y": 0.9188
                    },
                    "PreSize": {
                      "X": 0.2069,
                      "Y": 0.0364
                    },
                    "LeftMargin": 410.3542,
                    "RightMargin": 49.6458,
                    "TopMargin": 52.0027,
                    "BottomMargin": 742.9973,
                    "Tag": 3230,
                    "Children": [
                      {
                        "IsCustomSize": true,
                        "FontSize": 18,
                        "LabelText": "{TXT_UI_DIALOG-CRUSADE-TALENT-REVIEW_4}",
                        "FontResource": {
                          "Type": "Normal",
                          "Path": "font/ModeMinBStd.ttf",
                          "Plist": ""
                        },
                        "HorizontalAlignmentType": "HT_Center",
                        "OutlineSize": 2,
                        "OutlineColor": {
                          "R": 103,
                          "G": 56,
                          "B": 31
                        },
                        "OutlineEnabled": true,
                        "ShadowColor": {
                          "R": 29,
                          "G": 16,
                          "B": 1
                        },
                        "ShadowOffsetX": 2.0,
                        "ShadowOffsetY": -2.0,
                        "AnchorPoint": {
                          "ScaleX": 0.5,
                          "ScaleY": 0.5
                        },
                        "Position": {
                          "X": 58.0,
                          "Y": 15.0
                        },
                        "Scale": {
                          "ScaleX": 1.0,
                          "ScaleY": 1.0
                        },
                        "CColor": {},
                        "IconVisible": false,
                        "PositionPercentXEnabled": true,
                        "PositionPercentYEnabled": true,
                        "PrePosition": {
                          "X": 0.4833,
                          "Y": 0.5
                        },
                        "PreSize": {
                          "X": 0.9167,
                          "Y": 0.7667
                        },
                        "LeftMargin": 3.0,
                        "RightMargin": 7.0,
                        "TopMargin": 3.5,
                        "BottomMargin": 3.5,
                        "Tag": 3231,
                        "ActionTag": 459115574,
                        "Size": {
                          "X": 110.0,
                          "Y": 23.0
                        },
                        "Name": "txt_tag4",
                        "ctype": "TextObjectData"
                      }
                    ],
                    "ActionTag": 1670447230,
                    "Size": {
                      "X": 120.0,
                      "Y": 30.0
                    },
                    "Name": "btn_tag4",
                    "ctype": "ButtonObjectData"
                  }
                ],
                "ActionTag": 2011700303,
                "Size": {
                  "X": 580.0,
                  "Y": 825.0
                },
                "Name": "Image_1",
                "ctype": "ImageViewObjectData"
              }
            ],
            "ActionTag": -1,
            "Size": {
              "X": 640.0,
              "Y": 1136.0
            },
            "Name": "Root",
            "ctype": "PanelObjectData"
          }
        ],
        "Size": {
          "X": 640.0,
          "Y": 1136.0
        },
        "Name": "UiEntity145648756",
        "ctype": "LayerObjectData"
      },
      "UsedResources": [
        "common/common.plist",
        "common/common.png",
        "common_ui/icon_club_boss_rank_bg.png",
        "Default/ImageFile.png",
        "font/ModeMinBStd.ttf",
        "pic/equip/equip.plist",
        "pic/equip/equip.png",
        "pic/icon/icon_atlas.plist",
        "pic/icon/icon_atlas.png",
        "task/task.plist",
        "task/task.png"
      ],
      "ctype": "GameFileData"
    }
  },
  "Type": "Layer"
}