{
  "ID": "900928f3-e6d0-42ea-85ac-2459352a2017",
  "Version": "3.10.0.0",
  "Name": "dialog-crusade-detail",
  "Content": {
    "Content": {
      "Animation": {
        "Duration": 60,
        "Speed": 0.5,
        "Timelines": [
          {
            "ActionTag": 1443350602,
            "Property": "Position",
            "Frames": [
              {
                "X": 506.0002,
                "Y": 239.0006,
                "FrameIndex": 0,
                "EasingData": {
                  "Type": 0
                },
                "ctype": "PointFrameData"
              },
              {
                "X": 566.6,
                "Y": 422.1019,
                "FrameIndex": 30,
                "EasingData": {
                  "Type": 0
                },
                "ctype": "PointFrameData"
              },
              {
                "X": 563.6,
                "Y": 422.1019,
                "FrameIndex": 60,
                "EasingData": {
                  "Type": 0
                },
                "ctype": "PointFrameData"
              }
            ],
            "ctype": "TimelineData"
          },
          {
            "ActionTag": -2026901759,
            "Property": "Position",
            "Frames": [
              {
                "X": -23.0,
                "Y": 239.0029,
                "FrameIndex": 0,
                "EasingData": {
                  "Type": 0
                },
                "ctype": "PointFrameData"
              },
              {
                "X": -5.0,
                "Y": 422.1021,
                "FrameIndex": 30,
                "EasingData": {
                  "Type": 0
                },
                "ctype": "PointFrameData"
              },
              {
                "X": -2.0,
                "Y": 422.1021,
                "FrameIndex": 60,
                "EasingData": {
                  "Type": 0
                },
                "ctype": "PointFrameData"
              }
            ],
            "ctype": "TimelineData"
          }
        ],
        "ctype": "TimelineActionData"
      },
      "AnimationList": [],
      "ObjectData": {
        "Tag": 482,
        "Children": [
          {
            "FileData": {
              "Type": "MarkedSubImage",
              "Path": "common_ui/img_TeamSelect.png",
              "Plist": "common_ui/common_panel_atlas.plist"
            },
            "Scale9OriginX": 9,
            "Scale9OriginY": 9,
            "Scale9Width": 10,
            "Scale9Height": 10,
            "AnchorPoint": {
              "ScaleX": 0.5,
              "ScaleY": 0.5
            },
            "Position": {
              "X": 759.9415,
              "Y": 381.0066
            },
            "Scale": {
              "ScaleX": 1.0,
              "ScaleY": 1.0
            },
            "CColor": {},
            "IconVisible": false,
            "PrePosition": {
              "X": 1.1874,
              "Y": 0.3354
            },
            "PreSize": {
              "X": 0.0437,
              "Y": 0.0246
            },
            "LeftMargin": 745.9415,
            "RightMargin": -133.9415,
            "TopMargin": 740.9934,
            "BottomMargin": 367.0066,
            "Tag": 2117,
            "ActionTag": -761833319,
            "Size": {
              "X": 28.0,
              "Y": 28.0
            },
            "Name": "prefab_img_dot",
            "ctype": "ImageViewObjectData"
          },
          {
            "ClipAble": false,
            "BackColorAlpha": 102,
            "SingleColor": {
              "R": 150,
              "G": 200
            },
            "FirstColor": {
              "R": 150,
              "G": 200
            },
            "EndColor": {},
            "ColorVector": {
              "ScaleY": 1.0
            },
            "Scale9Width": 1,
            "Scale9Height": 1,
            "AnchorPoint": {},
            "Position": {
              "X": 678.2687,
              "Y": 437.4794
            },
            "Scale": {
              "ScaleX": 1.0,
              "ScaleY": 1.0
            },
            "CColor": {},
            "IconVisible": false,
            "PrePosition": {
              "X": 1.0598,
              "Y": 0.3851
            },
            "PreSize": {
              "X": 0.6516,
              "Y": 0.0317
            },
            "LeftMargin": 678.2687,
            "RightMargin": -455.2687,
            "TopMargin": 662.5206,
            "BottomMargin": 437.4794,
            "Tag": 1187,
            "Children": [
              {
                "FileData": {
                  "Type": "MarkedSubImage",
                  "Path": "common/S_frame.png",
                  "Plist": "common/common.plist"
                },
                "Scale9Enable": true,
                "Scale9OriginX": 46,
                "Scale9OriginY": 9,
                "Scale9Width": 50,
                "Scale9Height": 12,
                "AnchorPoint": {
                  "ScaleY": 0.5
                },
                "Position": {
                  "X": 0.9734,
                  "Y": 16.89
                },
                "Scale": {
                  "ScaleX": 1.0,
                  "ScaleY": 1.0
                },
                "CColor": {},
                "IconVisible": false,
                "PrePosition": {
                  "X": 0.0023,
                  "Y": 0.4692
                },
                "PreSize": {
                  "X": 0.4077,
                  "Y": 0.8333
                },
                "LeftMargin": 0.9734,
                "RightMargin": 246.0266,
                "TopMargin": 4.11,
                "BottomMargin": 1.89,
                "Tag": 1188,
                "ActionTag": -538718418,
                "Size": {
                  "X": 170.0,
                  "Y": 30.0
                },
                "Name": "Image_37",
                "ctype": "ImageViewObjectData"
              },
              {
                "FileData": {
                  "Type": "MarkedSubImage",
                  "Path": "common/S_1_frame.png",
                  "Plist": "common/common.plist"
                },
                "Scale9Enable": true,
                "Scale9OriginX": 7,
                "Scale9OriginY": 1,
                "Scale9Width": 132,
                "Scale9Height": 1,
                "AnchorPoint": {
                  "ScaleX": 0.5
                },
                "Position": {
                  "X": 341.59,
                  "Y": 2.0
                },
                "Scale": {
                  "ScaleX": 1.0,
                  "ScaleY": 1.0
                },
                "CColor": {},
                "IconVisible": false,
                "PrePosition": {
                  "X": 0.8192,
                  "Y": 0.0556
                },
                "PreSize": {
                  "X": 0.3501,
                  "Y": 0.0556
                },
                "LeftMargin": 268.59,
                "RightMargin": 2.41,
                "TopMargin": 32.0,
                "BottomMargin": 2.0,
                "Tag": 1189,
                "ActionTag": -1578975972,
                "Size": {
                  "X": 146.0,
                  "Y": 2.0
                },
                "Name": "img_underline_0",
                "ctype": "ImageViewObjectData"
              },
              {
                "FileData": {
                  "Type": "MarkedSubImage",
                  "Path": "common/S_1_frame.png",
                  "Plist": "common/common.plist"
                },
                "Scale9Enable": true,
                "Scale9OriginX": 7,
                "Scale9OriginY": 1,
                "Scale9Width": 132,
                "Scale9Height": 1,
                "AnchorPoint": {
                  "ScaleX": 0.5
                },
                "Position": {
                  "X": 188.0,
                  "Y": 2.0
                },
                "Scale": {
                  "ScaleX": 1.0,
                  "ScaleY": 1.0
                },
                "CColor": {},
                "IconVisible": false,
                "PrePosition": {
                  "X": 0.4508,
                  "Y": 0.0556
                },
                "PreSize": {
                  "X": 0.3501,
                  "Y": 0.0556
                },
                "LeftMargin": 115.0,
                "RightMargin": 156.0,
                "TopMargin": 32.0,
                "BottomMargin": 2.0,
                "Tag": 1190,
                "ActionTag": 1938149001,
                "Size": {
                  "X": 146.0,
                  "Y": 2.0
                },
                "Name": "img_underline",
                "ctype": "ImageViewObjectData"
              },
              {
                "IsCustomSize": true,
                "FontSize": 18,
                "LabelText": "123456",
                "FontResource": {
                  "Type": "Normal",
                  "Path": "font/ModeMinBStd.ttf",
                  "Plist": ""
                },
                "HorizontalAlignmentType": "HT_Right",
                "OutlineSize": 2,
                "OutlineColor": {
                  "R": 46,
                  "G": 58,
                  "B": 130
                },
                "ShadowColor": {
                  "R": 0,
                  "G": 0,
                  "B": 0
                },
                "ShadowOffsetX": 2.0,
                "ShadowOffsetY": -2.0,
                "AnchorPoint": {
                  "ScaleX": 1.0,
                  "ScaleY": 0.5
                },
                "Position": {
                  "X": 414.47,
                  "Y": 15.4613
                },
                "Scale": {
                  "ScaleX": 1.0,
                  "ScaleY": 1.0
                },
                "CColor": {},
                "IconVisible": false,
                "PrePosition": {
                  "X": 0.9939,
                  "Y": 0.4295
                },
                "PreSize": {
                  "X": 0.2086,
                  "Y": 0.5556
                },
                "LeftMargin": 327.47,
                "RightMargin": 2.53,
                "TopMargin": 10.5387,
                "BottomMargin": 5.4613,
                "Tag": 1191,
                "ActionTag": -1245063132,
                "Size": {
                  "X": 87.0,
                  "Y": 20.0
                },
                "Name": "attributes_nums",
                "ctype": "TextObjectData"
              },
              {
                "IsCustomSize": true,
                "FontSize": 18,
                "LabelText": "{TXT_UI_DIALOG-BONUSSTAGE-BUFF_8}",
                "FontResource": {
                  "Type": "Normal",
                  "Path": "font/ModeMinBStd.ttf",
                  "Plist": ""
                },
                "OutlineSize": 2,
                "OutlineColor": {
                  "R": 131,
                  "G": 9,
                  "B": 25
                },
                "OutlineEnabled": true,
                "ShadowColor": {
                  "R": 110,
                  "G": 110,
                  "B": 110
                },
                "ShadowOffsetX": 2.0,
                "ShadowOffsetY": -2.0,
                "AnchorPoint": {
                  "ScaleX": 0.5,
                  "ScaleY": 1.0
                },
                "Position": {
                  "X": 87.0696,
                  "Y": 29.0
                },
                "Scale": {
                  "ScaleX": 1.0,
                  "ScaleY": 1.0
                },
                "CColor": {},
                "IconVisible": false,
                "PositionPercentXEnabled": true,
                "PrePosition": {
                  "X": 0.2088,
                  "Y": 0.8056
                },
                "PreSize": {
                  "X": 0.3645,
                  "Y": 0.6667
                },
                "LeftMargin": 11.0696,
                "RightMargin": 253.9304,
                "TopMargin": 7.0,
                "BottomMargin": 5.0,
                "Tag": 1192,
                "ActionTag": -44857339,
                "Size": {
                  "X": 152.0,
                  "Y": 24.0
                },
                "Name": "attributes_title",
                "ctype": "TextObjectData"
              }
            ],
            "ActionTag": 880561319,
            "Size": {
              "X": 417.0,
              "Y": 36.0
            },
            "Name": "ItemState",
            "ctype": "PanelObjectData"
          },
          {
            "ClipAble": false,
            "BackColorAlpha": 102,
            "SingleColor": {
              "R": 150,
              "G": 200
            },
            "FirstColor": {
              "R": 150,
              "G": 200
            },
            "EndColor": {},
            "ColorVector": {
              "ScaleY": 1.0
            },
            "Scale9Width": 1,
            "Scale9Height": 1,
            "TouchEnable": true,
            "AnchorPoint": {},
            "Position": {
              "X": -694.8563,
              "Y": 384.0193
            },
            "Scale": {
              "ScaleX": 1.0,
              "ScaleY": 1.0
            },
            "CColor": {},
            "IconVisible": false,
            "PrePosition": {
              "X": -1.0857,
              "Y": 0.338
            },
            "PreSize": {
              "X": 0.7344,
              "Y": 0.3169
            },
            "LeftMargin": -694.8563,
            "RightMargin": 864.8563,
            "TopMargin": 391.9807,
            "BottomMargin": 384.0193,
            "Tag": 294,
            "Children": [
              {
                "FileData": {
                  "Type": "MarkedSubImage",
                  "Path": "crusade/img_crusade_detailbg.png",
                  "Plist": "crusade/crusadePlist.plist"
                },
                "Scale9OriginX": 150,
                "Scale9OriginY": 69,
                "Scale9Width": 155,
                "Scale9Height": 72,
                "AnchorPoint": {
                  "ScaleX": 0.5,
                  "ScaleY": 0.5
                },
                "Position": {
                  "X": 235.0,
                  "Y": 250.0
                },
                "Scale": {
                  "ScaleX": 1.0,
                  "ScaleY": 1.0
                },
                "CColor": {},
                "IconVisible": false,
                "PrePosition": {
                  "X": 0.5,
                  "Y": 0.6944
                },
                "PreSize": {
                  "X": 0.9681,
                  "Y": 0.5833
                },
                "LeftMargin": 7.5,
                "RightMargin": 7.5,
                "TopMargin": 5.0,
                "BottomMargin": 145.0,
                "Tag": 295,
                "ActionTag": -450969455,
                "Size": {
                  "X": 455.0,
                  "Y": 210.0
                },
                "Name": "img_banner",
                "ctype": "ImageViewObjectData"
              },
              {
                "FileData": {
                  "Type": "MarkedSubImage",
                  "Path": "pic/battle_activity/battle_activity_part_26.png",
                  "Plist": "pic/battle_activity/battle_activity_atlas.plist"
                },
                "Scale9OriginX": 31,
                "Scale9OriginY": 10,
                "Scale9Width": 32,
                "Scale9Height": 11,
                "AnchorPoint": {
                  "ScaleX": 0.5,
                  "ScaleY": 0.5
                },
                "Position": {
                  "X": 235.0001,
                  "Y": 201.0
                },
                "Scale": {
                  "ScaleX": 1.0,
                  "ScaleY": 1.0
                },
                "CColor": {},
                "IconVisible": false,
                "PrePosition": {
                  "X": 0.5,
                  "Y": 0.5583
                },
                "PreSize": {
                  "X": 0.2,
                  "Y": 0.0861
                },
                "LeftMargin": 188.0001,
                "RightMargin": 187.9999,
                "TopMargin": 143.5,
                "BottomMargin": 185.5,
                "Tag": 671,
                "ActionTag": -186118943,
                "Size": {
                  "X": 94.0,
                  "Y": 31.0
                },
                "Name": "Image_10",
                "ctype": "ImageViewObjectData"
              },
              {
                "FileData": {
                  "Type": "MarkedSubImage",
                  "Path": "partner/img_Rect_Orange_1.png",
                  "Plist": "partner/partner.plist"
                },
                "Scale9OriginX": 32,
                "Scale9OriginY": 7,
                "Scale9Width": 34,
                "Scale9Height": 8,
                "AnchorPoint": {
                  "ScaleX": 0.5,
                  "ScaleY": 0.5
                },
                "Position": {
                  "X": 236.0,
                  "Y": 191.0
                },
                "Scale": {
                  "ScaleX": 1.0,
                  "ScaleY": 1.0
                },
                "CColor": {},
                "IconVisible": false,
                "PrePosition": {
                  "X": 0.5021,
                  "Y": 0.5306
                },
                "PreSize": {
                  "X": 0.2085,
                  "Y": 0.0611
                },
                "LeftMargin": 187.0,
                "RightMargin": 185.0,
                "TopMargin": 158.0,
                "BottomMargin": 180.0,
                "Tag": 1030,
                "Children": [
                  {
                    "IsCustomSize": true,
                    "FontSize": 18,
                    "LabelText": "",
                    "FontResource": {
                      "Type": "Normal",
                      "Path": "font/ModeMinBStd.ttf",
                      "Plist": ""
                    },
                    "HorizontalAlignmentType": "HT_Center",
                    "OutlineColor": {
                      "R": 57,
                      "G": 25,
                      "B": 9
                    },
                    "OutlineEnabled": true,
                    "ShadowColor": {
                      "R": 110,
                      "G": 110,
                      "B": 110
                    },
                    "ShadowOffsetX": 2.0,
                    "ShadowOffsetY": -2.0,
                    "AnchorPoint": {
                      "ScaleX": 0.5,
                      "ScaleY": 1.0
                    },
                    "Position": {
                      "X": 50.9992,
                      "Y": 20.5999
                    },
                    "Scale": {
                      "ScaleX": 1.0,
                      "ScaleY": 1.0
                    },
                    "CColor": {},
                    "IconVisible": false,
                    "PositionPercentXEnabled": true,
                    "PrePosition": {
                      "X": 0.5204,
                      "Y": 0.9364
                    },
                    "PreSize": {
                      "X": 1.0612,
                      "Y": 1.0
                    },
                    "LeftMargin": -1.0008,
                    "RightMargin": -4.9992,
                    "TopMargin": 1.4001,
                    "BottomMargin": -1.4001,
                    "Tag": 1031,
                    "ActionTag": 1172176420,
                    "Size": {
                      "X": 104.0,
                      "Y": 22.0
                    },
                    "Name": "txt_bottom",
                    "ctype": "TextObjectData"
                  }
                ],
                "ActionTag": -555661028,
                "Size": {
                  "X": 98.0,
                  "Y": 22.0
                },
                "Name": "item_bottomBg",
                "ctype": "ImageViewObjectData"
              },
              {
                "FileData": {
                  "Type": "Default",
                  "Path": "Default/ImageFile.png",
                  "Plist": ""
                },
                "Scale9OriginX": 15,
                "Scale9OriginY": 15,
                "Scale9Width": 16,
                "Scale9Height": 16,
                "AnchorPoint": {
                  "ScaleX": 0.5
                },
                "Position": {
                  "X": 235.0,
                  "Y": 203.5
                },
                "Scale": {
                  "ScaleX": 1.0,
                  "ScaleY": 1.0
                },
                "CColor": {},
                "IconVisible": false,
                "PrePosition": {
                  "X": 0.5,
                  "Y": 0.5653
                },
                "PreSize": {
                  "X": 0.2191,
                  "Y": 0.3306
                },
                "LeftMargin": 183.5,
                "RightMargin": 183.5,
                "TopMargin": 37.5,
                "BottomMargin": 203.5,
                "Tag": 361,
                "ActionTag": 1890547357,
                "Size": {
                  "X": 103.0,
                  "Y": 119.0
                },
                "Name": "img_sd",
                "ctype": "ImageViewObjectData"
              },
              {
                "IsCustomSize": true,
                "FontSize": 20,
                "LabelText": "",
                "FontResource": {
                  "Type": "Normal",
                  "Path": "font/ModeMinBStd.ttf",
                  "Plist": ""
                },
                "HorizontalAlignmentType": "HT_Center",
                "OutlineColor": {
                  "G": 0,
                  "B": 0
                },
                "ShadowColor": {
                  "R": 110,
                  "G": 110,
                  "B": 110
                },
                "ShadowOffsetX": 2.0,
                "ShadowOffsetY": -2.0,
                "AnchorPoint": {
                  "ScaleX": 0.5,
                  "ScaleY": 0.5
                },
                "Position": {
                  "X": 235.0002,
                  "Y": 165.0
                },
                "Scale": {
                  "ScaleX": 1.0,
                  "ScaleY": 1.0
                },
                "CColor": {},
                "IconVisible": false,
                "PrePosition": {
                  "X": 0.5,
                  "Y": 0.4583
                },
                "PreSize": {
                  "X": 0.6383,
                  "Y": 0.0667
                },
                "LeftMargin": 85.0002,
                "RightMargin": 84.9998,
                "TopMargin": 183.0,
                "BottomMargin": 153.0,
                "Tag": 1032,
                "ActionTag": -307366881,
                "Size": {
                  "X": 300.0,
                  "Y": 24.0
                },
                "Name": "txt_name",
                "ctype": "TextObjectData"
              },
              {
                "IsCustomSize": true,
                "FontSize": 20,
                "LabelText": "{TXT_UI_DIALOG-CRUSADE-DETAIL_2}",
                "FontResource": {
                  "Type": "Normal",
                  "Path": "font/ModeMinBStd.ttf",
                  "Plist": ""
                },
                "HorizontalAlignmentType": "HT_Center",
                "OutlineColor": {
                  "G": 0,
                  "B": 0
                },
                "ShadowColor": {
                  "R": 110,
                  "G": 110,
                  "B": 110
                },
                "ShadowOffsetX": 2.0,
                "ShadowOffsetY": -2.0,
                "AnchorPoint": {
                  "ScaleX": 0.5,
                  "ScaleY": 0.5
                },
                "Position": {
                  "X": 234.358,
                  "Y": 112.449
                },
                "Scale": {
                  "ScaleX": 1.0,
                  "ScaleY": 1.0
                },
                "CColor": {},
                "IconVisible": false,
                "PrePosition": {
                  "X": 0.4986,
                  "Y": 0.3124
                },
                "PreSize": {
                  "X": 0.9574,
                  "Y": 0.0667
                },
                "LeftMargin": 9.358,
                "RightMargin": 10.642,
                "TopMargin": 235.551,
                "BottomMargin": 100.449,
                "Tag": 1034,
                "ActionTag": 1028776497,
                "Size": {
                  "X": 450.0,
                  "Y": 24.0
                },
                "Name": "txt_name_0",
                "ctype": "TextObjectData"
              },
              {
                "ItemMargin": 2,
                "DirectionType": "Vertical",
                "HorizontalType": "Align_HorizontalCenter",
                "ScrollDirectionType": 0,
                "ClipAble": true,
                "BackColorAlpha": 102,
                "SingleColor": {
                  "R": 150,
                  "G": 150
                },
                "FirstColor": {
                  "R": 150,
                  "G": 150
                },
                "EndColor": {},
                "ColorVector": {
                  "ScaleY": 1.0
                },
                "Scale9Width": 1,
                "Scale9Height": 1,
                "TouchEnable": true,
                "AnchorPoint": {},
                "Position": {
                  "X": 0.0,
                  "Y": -4.0
                },
                "Scale": {
                  "ScaleX": 1.0,
                  "ScaleY": 1.0
                },
                "CColor": {},
                "IconVisible": false,
                "PrePosition": {
                  "X": 0.0,
                  "Y": -0.0111
                },
                "PreSize": {
                  "X": 1.0,
                  "Y": 0.2222
                },
                "TopMargin": 284.0,
                "BottomMargin": -4.0,
                "Tag": 1033,
                "ActionTag": -1753307752,
                "Size": {
                  "X": 470.0,
                  "Y": 80.0
                },
                "Name": "list_state",
                "ctype": "ListViewObjectData"
              }
            ],
            "ActionTag": 1139203141,
            "Size": {
              "X": 470.0,
              "Y": 360.0
            },
            "Name": "ItemBanner",
            "ctype": "PanelObjectData"
          },
          {
            "ClipAble": false,
            "BackColorAlpha": 191,
            "ComboBoxIndex": 1,
            "SingleColor": {
              "R": 0,
              "G": 0,
              "B": 0
            },
            "FirstColor": {
              "R": 150,
              "G": 200
            },
            "EndColor": {},
            "ColorVector": {
              "ScaleY": 1.0
            },
            "Scale9Width": 1,
            "Scale9Height": 1,
            "TouchEnable": true,
            "AnchorPoint": {},
            "Position": {
              "X": 0.0,
              "Y": 0.0
            },
            "Scale": {
              "ScaleX": 1.0,
              "ScaleY": 1.0
            },
            "CColor": {},
            "IconVisible": false,
            "PrePosition": {
              "X": 0.0,
              "Y": 0.0
            },
            "PreSize": {
              "X": 1.0,
              "Y": 1.0
            },
            "Tag": 495,
            "Children": [
              {
                "FileData": {
                  "Type": "MarkedSubImage",
                  "Path": "pic/icon/icon_popup_bg.png",
                  "Plist": "pic/icon/icon_atlas.plist"
                },
                "Scale9Enable": true,
                "Scale9OriginX": 59,
                "Scale9OriginY": 55,
                "Scale9Width": 9,
                "Scale9Height": 5,
                "AnchorPoint": {
                  "ScaleX": 0.5,
                  "ScaleY": 1.0
                },
                "Position": {
                  "X": 319.9997,
                  "Y": 980.0027
                },
                "Scale": {
                  "ScaleX": 1.0,
                  "ScaleY": 1.0
                },
                "CColor": {},
                "IconVisible": false,
                "PrePosition": {
                  "X": 0.5,
                  "Y": 0.8627
                },
                "PreSize": {
                  "X": 0.8781,
                  "Y": 0.7606
                },
                "LeftMargin": 38.9997,
                "RightMargin": 39.0004,
                "TopMargin": 155.9973,
                "BottomMargin": 116.0027,
                "Tag": 158,
                "Children": [
                  {
                    "FileData": {
                      "Type": "MarkedSubImage",
                      "Path": "pic/icon/icon_bg.png",
                      "Plist": "pic/icon/icon_atlas.plist"
                    },
                    "Scale9OriginX": 103,
                    "Scale9OriginY": 24,
                    "Scale9Width": 109,
                    "Scale9Height": 25,
                    "AnchorPoint": {
                      "ScaleX": 0.5,
                      "ScaleY": 0.5
                    },
                    "Position": {
                      "X": 279.0,
                      "Y": 842.8798
                    },
                    "Scale": {
                      "ScaleX": 1.0,
                      "ScaleY": 1.0
                    },
                    "CColor": {},
                    "IconVisible": false,
                    "PositionPercentYEnabled": true,
                    "PrePosition": {
                      "X": 0.4964,
                      "Y": 0.9756
                    },
                    "PreSize": {
                      "X": 0.5605,
                      "Y": 0.0845
                    },
                    "LeftMargin": 121.5,
                    "RightMargin": 125.5,
                    "TopMargin": -15.3798,
                    "BottomMargin": 806.3798,
                    "Tag": 160,
                    "Children": [
                      {
                        "IsCustomSize": true,
                        "FontSize": 28,
                        "LabelText": "{TXT_UI_DIALOG-CRUSADE-DETAIL_0}",
                        "FontResource": {
                          "Type": "Normal",
                          "Path": "font/ModeMinBStd.ttf",
                          "Plist": ""
                        },
                        "HorizontalAlignmentType": "HT_Center",
                        "OutlineColor": {
                          "R": 29,
                          "G": 16,
                          "B": 1
                        },
                        "ShadowColor": {
                          "R": 29,
                          "G": 16,
                          "B": 1
                        },
                        "ShadowOffsetX": 3.0,
                        "ShadowOffsetY": -3.0,
                        "ShadowEnabled": true,
                        "AnchorPoint": {
                          "ScaleX": 0.5,
                          "ScaleY": 0.5
                        },
                        "Position": {
                          "X": 156.4992,
                          "Y": 43.5743
                        },
                        "Scale": {
                          "ScaleX": 1.0,
                          "ScaleY": 1.0
                        },
                        "CColor": {},
                        "IconVisible": false,
                        "PrePosition": {
                          "X": 0.4968,
                          "Y": 0.5969
                        },
                        "PreSize": {
                          "X": 0.7937,
                          "Y": 0.4384
                        },
                        "LeftMargin": 31.4992,
                        "RightMargin": 33.5008,
                        "TopMargin": 13.4257,
                        "BottomMargin": 27.5743,
                        "Tag": 161,
                        "ActionTag": -2096015081,
                        "Size": {
                          "X": 250.0,
                          "Y": 32.0
                        },
                        "Name": "txt_title",
                        "ctype": "TextObjectData"
                      }
                    ],
                    "ActionTag": 542157181,
                    "Size": {
                      "X": 315.0,
                      "Y": 73.0
                    },
                    "Name": "Image_Title",
                    "ctype": "ImageViewObjectData"
                  },
                  {
                    "FileData": {
                      "Type": "MarkedSubImage",
                      "Path": "common/icon_grade_props_bg.png",
                      "Plist": "common/common.plist"
                    },
                    "Scale9Enable": true,
                    "Scale9OriginX": 38,
                    "Scale9OriginY": 17,
                    "Scale9Width": 48,
                    "Scale9Height": 32,
                    "AnchorPoint": {
                      "ScaleX": 0.5,
                      "ScaleY": 1.0
                    },
                    "Position": {
                      "X": 281.0,
                      "Y": 803.0
                    },
                    "Scale": {
                      "ScaleX": 1.0,
                      "ScaleY": 1.0
                    },
                    "CColor": {},
                    "IconVisible": false,
                    "PrePosition": {
                      "X": 0.5,
                      "Y": 0.9294
                    },
                    "PreSize": {
                      "X": 0.8577,
                      "Y": 0.2326
                    },
                    "LeftMargin": 40.0,
                    "RightMargin": 40.0,
                    "TopMargin": 61.0,
                    "BottomMargin": 602.0,
                    "Tag": 577,
                    "Children": [
                      {
                        "FileData": {
                          "Type": "MarkedSubImage",
                          "Path": "crusade/img_crusade_enemybuff.png",
                          "Plist": "crusade/crusadePlist.plist"
                        },
                        "Scale9OriginX": 58,
                        "Scale9OriginY": 7,
                        "Scale9Width": 41,
                        "Scale9Height": 9,
                        "AnchorPoint": {
                          "ScaleX": 0.5,
                          "ScaleY": 0.5
                        },
                        "Position": {
                          "X": 241.0,
                          "Y": 180.0
                        },
                        "Scale": {
                          "ScaleX": 1.0,
                          "ScaleY": 1.0
                        },
                        "CColor": {},
                        "IconVisible": false,
                        "PrePosition": {
                          "X": 0.5,
                          "Y": 0.8955
                        },
                        "PreSize": {
                          "X": 0.3257,
                          "Y": 0.1144
                        },
                        "LeftMargin": 162.5,
                        "RightMargin": 162.5,
                        "TopMargin": 9.5,
                        "BottomMargin": 168.5,
                        "Tag": 635,
                        "ActionTag": 1797063477,
                        "Size": {
                          "X": 157.0,
                          "Y": 23.0
                        },
                        "Name": "Image_31_0",
                        "ctype": "ImageViewObjectData"
                      },
                      {
                        "FileData": {
                          "Type": "MarkedSubImage",
                          "Path": "common_ui/img_TeamImg6.png",
                          "Plist": "common_ui/common_panel_atlas.plist"
                        },
                        "Scale9Enable": true,
                        "Scale9OriginX": 20,
                        "Scale9OriginY": 3,
                        "Scale9Width": 23,
                        "Scale9Height": 4,
                        "AnchorPoint": {
                          "ScaleY": 0.5
                        },
                        "Position": {
                          "X": 16.0,
                          "Y": 180.0
                        },
                        "Scale": {
                          "ScaleX": 1.0,
                          "ScaleY": 1.0
                        },
                        "CColor": {},
                        "IconVisible": false,
                        "PrePosition": {
                          "X": 0.0332,
                          "Y": 0.8955
                        },
                        "PreSize": {
                          "X": 0.1992,
                          "Y": 0.0498
                        },
                        "LeftMargin": 16.0,
                        "RightMargin": 370.0,
                        "TopMargin": 16.0,
                        "BottomMargin": 175.0,
                        "Tag": 636,
                        "ActionTag": 1462387347,
                        "Size": {
                          "X": 96.0,
                          "Y": 10.0
                        },
                        "Name": "Image_28_1",
                        "ctype": "ImageViewObjectData"
                      },
                      {
                        "FileData": {
                          "Type": "MarkedSubImage",
                          "Path": "common_ui/img_TeamImg6.png",
                          "Plist": "common_ui/common_panel_atlas.plist"
                        },
                        "Scale9Enable": true,
                        "Scale9OriginX": 20,
                        "Scale9OriginY": 3,
                        "Scale9Width": 23,
                        "Scale9Height": 4,
                        "AnchorPoint": {
                          "ScaleX": 1.0,
                          "ScaleY": 0.5
                        },
                        "Position": {
                          "X": 370.0,
                          "Y": 180.0
                        },
                        "Scale": {
                          "ScaleX": -1.0,
                          "ScaleY": 1.0
                        },
                        "CColor": {},
                        "IconVisible": false,
                        "PrePosition": {
                          "X": 0.7676,
                          "Y": 0.8955
                        },
                        "PreSize": {
                          "X": 0.2033,
                          "Y": 0.0498
                        },
                        "LeftMargin": 272.0,
                        "RightMargin": 112.0,
                        "TopMargin": 16.0,
                        "BottomMargin": 175.0,
                        "Tag": 637,
                        "ActionTag": 156433555,
                        "Size": {
                          "X": 98.0,
                          "Y": 10.0
                        },
                        "Name": "Image_28_0_0",
                        "ctype": "ImageViewObjectData"
                      },
                      {
                        "FileData": {
                          "Type": "Default",
                          "Path": "Default/ImageFile.png",
                          "Plist": ""
                        },
                        "Scale9OriginX": 15,
                        "Scale9OriginY": 15,
                        "Scale9Width": 16,
                        "Scale9Height": 16,
                        "AnchorPoint": {
                          "ScaleX": 0.5,
                          "ScaleY": 0.5
                        },
                        "Position": {
                          "X": 239.0,
                          "Y": 121.5685
                        },
                        "Scale": {
                          "ScaleX": 1.0,
                          "ScaleY": 1.0
                        },
                        "CColor": {},
                        "IconVisible": false,
                        "PrePosition": {
                          "X": 0.4959,
                          "Y": 0.6048
                        },
                        "PreSize": {
                          "X": 0.0954,
                          "Y": 0.2289
                        },
                        "LeftMargin": 216.0,
                        "RightMargin": 220.0,
                        "TopMargin": 56.4315,
                        "BottomMargin": 98.5685,
                        "Tag": 292,
                        "ActionTag": 1243880933,
                        "Size": {
                          "X": 46.0,
                          "Y": 46.0
                        },
                        "Name": "img_enemybuff",
                        "ctype": "ImageViewObjectData"
                      },
                      {
                        "IsCustomSize": true,
                        "FontSize": 20,
                        "LabelText": "",
                        "FontResource": {
                          "Type": "Normal",
                          "Path": "font/ModeMinBStd.ttf",
                          "Plist": ""
                        },
                        "HorizontalAlignmentType": "HT_Center",
                        "VerticalAlignmentType": "VT_Center",
                        "OutlineColor": {
                          "G": 0,
                          "B": 0
                        },
                        "ShadowColor": {
                          "R": 110,
                          "G": 110,
                          "B": 110
                        },
                        "ShadowOffsetX": 2.0,
                        "ShadowOffsetY": -2.0,
                        "AnchorPoint": {
                          "ScaleX": 0.5,
                          "ScaleY": 0.5
                        },
                        "Position": {
                          "X": 241.0001,
                          "Y": 47.9438
                        },
                        "Scale": {
                          "ScaleX": 1.0,
                          "ScaleY": 1.0
                        },
                        "CColor": {},
                        "IconVisible": false,
                        "PrePosition": {
                          "X": 0.5,
                          "Y": 0.2385
                        },
                        "PreSize": {
                          "X": 0.9336,
                          "Y": 0.2985
                        },
                        "LeftMargin": 16.0001,
                        "RightMargin": 15.9999,
                        "TopMargin": 123.0562,
                        "BottomMargin": 17.9438,
                        "Tag": 638,
                        "ActionTag": -1808662441,
                        "Size": {
                          "X": 450.0,
                          "Y": 60.0
                        },
                        "Name": "txt_enemybuff",
                        "ctype": "TextObjectData"
                      }
                    ],
                    "ActionTag": -240493338,
                    "Size": {
                      "X": 482.0,
                      "Y": 201.0
                    },
                    "Name": "img_enemybuff_bg",
                    "ctype": "ImageViewObjectData"
                  },
                  {
                    "FileData": {
                      "Type": "MarkedSubImage",
                      "Path": "common/icon_grade_props_bg.png",
                      "Plist": "common/common.plist"
                    },
                    "Scale9Enable": true,
                    "Scale9OriginX": 38,
                    "Scale9OriginY": 17,
                    "Scale9Width": 48,
                    "Scale9Height": 32,
                    "AnchorPoint": {
                      "ScaleX": 0.5,
                      "ScaleY": 1.0
                    },
                    "Position": {
                      "X": 281.0,
                      "Y": 581.9989
                    },
                    "Scale": {
                      "ScaleX": 1.0,
                      "ScaleY": 1.0
                    },
                    "CColor": {},
                    "IconVisible": false,
                    "PositionPercentXEnabled": true,
                    "PrePosition": {
                      "X": 0.5,
                      "Y": 0.6736
                    },
                    "PreSize": {
                      "X": 0.8577,
                      "Y": 0.5208
                    },
                    "LeftMargin": 40.0,
                    "RightMargin": 40.0,
                    "TopMargin": 282.0011,
                    "BottomMargin": 131.9989,
                    "Tag": 163,
                    "Children": [
                      {
                        "FileData": {
                          "Type": "MarkedSubImage",
                          "Path": "crusade/img_crusade_viptips.png",
                          "Plist": "crusade/crusadePlist.plist"
                        },
                        "Scale9OriginX": 58,
                        "Scale9OriginY": 7,
                        "Scale9Width": 62,
                        "Scale9Height": 10,
                        "AnchorPoint": {
                          "ScaleX": 0.5,
                          "ScaleY": 0.5
                        },
                        "Position": {
                          "X": 241.0,
                          "Y": 423.9984
                        },
                        "Scale": {
                          "ScaleX": 1.0,
                          "ScaleY": 1.0
                        },
                        "CColor": {},
                        "IconVisible": false,
                        "PrePosition": {
                          "X": 0.5,
                          "Y": 0.9422
                        },
                        "PreSize": {
                          "X": 0.3693,
                          "Y": 0.0533
                        },
                        "LeftMargin": 152.0,
                        "RightMargin": 152.0,
                        "TopMargin": 14.0016,
                        "BottomMargin": 411.9984,
                        "Tag": 634,
                        "ActionTag": 941142110,
                        "Size": {
                          "X": 178.0,
                          "Y": 24.0
                        },
                        "Name": "Image_31",
                        "ctype": "ImageViewObjectData"
                      },
                      {
                        "FileData": {
                          "Type": "MarkedSubImage",
                          "Path": "common_ui/img_TeamImg6.png",
                          "Plist": "common_ui/common_panel_atlas.plist"
                        },
                        "Scale9Enable": true,
                        "Scale9OriginX": 20,
                        "Scale9OriginY": 3,
                        "Scale9Width": 23,
                        "Scale9Height": 4,
                        "AnchorPoint": {
                          "ScaleY": 0.5
                        },
                        "Position": {
                          "X": 16.0,
                          "Y": 423.0
                        },
                        "Scale": {
                          "ScaleX": 1.0,
                          "ScaleY": 1.0
                        },
                        "CColor": {},
                        "IconVisible": false,
                        "PrePosition": {
                          "X": 0.0332,
                          "Y": 0.94
                        },
                        "PreSize": {
                          "X": 0.1992,
                          "Y": 0.0222
                        },
                        "LeftMargin": 16.0,
                        "RightMargin": 370.0,
                        "TopMargin": 22.0,
                        "BottomMargin": 418.0,
                        "Tag": 631,
                        "ActionTag": -566803939,
                        "Size": {
                          "X": 96.0,
                          "Y": 10.0
                        },
                        "Name": "Image_28",
                        "ctype": "ImageViewObjectData"
                      },
                      {
                        "FileData": {
                          "Type": "MarkedSubImage",
                          "Path": "common_ui/img_TeamImg6.png",
                          "Plist": "common_ui/common_panel_atlas.plist"
                        },
                        "Scale9Enable": true,
                        "Scale9OriginX": 20,
                        "Scale9OriginY": 3,
                        "Scale9Width": 23,
                        "Scale9Height": 4,
                        "AnchorPoint": {
                          "ScaleX": 1.0,
                          "ScaleY": 0.5
                        },
                        "Position": {
                          "X": 369.5008,
                          "Y": 423.0
                        },
                        "Scale": {
                          "ScaleX": -1.0,
                          "ScaleY": 1.0
                        },
                        "CColor": {},
                        "IconVisible": false,
                        "PrePosition": {
                          "X": 0.7666,
                          "Y": 0.94
                        },
                        "PreSize": {
                          "X": 0.2033,
                          "Y": 0.0222
                        },
                        "LeftMargin": 271.5008,
                        "RightMargin": 112.4992,
                        "TopMargin": 22.0,
                        "BottomMargin": 418.0,
                        "Tag": 633,
                        "ActionTag": -1068021962,
                        "Size": {
                          "X": 98.0,
                          "Y": 10.0
                        },
                        "Name": "Image_28_0",
                        "ctype": "ImageViewObjectData"
                      },
                      {
                        "ScrollDirectionType": 0,
                        "ClipAble": true,
                        "BackColorAlpha": 102,
                        "SingleColor": {
                          "R": 150,
                          "G": 150,
                          "B": 100
                        },
                        "FirstColor": {
                          "R": 150,
                          "G": 150,
                          "B": 100
                        },
                        "EndColor": {},
                        "ColorVector": {
                          "ScaleY": 1.0
                        },
                        "Scale9Width": 1,
                        "Scale9Height": 1,
                        "TouchEnable": true,
                        "AnchorPoint": {},
                        "Position": {
                          "X": 5.9995,
                          "Y": 47.0
                        },
                        "Scale": {
                          "ScaleX": 1.0,
                          "ScaleY": 1.0
                        },
                        "CColor": {},
                        "IconVisible": false,
                        "PrePosition": {
                          "X": 0.0124,
                          "Y": 0.1044
                        },
                        "PreSize": {
                          "X": 0.9751,
                          "Y": 0.8
                        },
                        "LeftMargin": 5.9995,
                        "RightMargin": 6.0005,
                        "TopMargin": 43.0,
                        "BottomMargin": 47.0,
                        "Tag": 2091,
                        "ActionTag": 2076641510,
                        "Size": {
                          "X": 470.0,
                          "Y": 360.0
                        },
                        "Name": "page_vip",
                        "ctype": "PageViewObjectData"
                      },
                      {
                        "FontSize": 14,
                        "ButtonText": "",
                        "TextColor": {
                          "R": 65,
                          "G": 65,
                          "B": 70
                        },
                        "NormalFileData": {
                          "Type": "MarkedSubImage",
                          "Path": "pic/button/button_arrow.png",
                          "Plist": "pic/button/common_btn_atlas.plist"
                        },
                        "Scale9Enable": true,
                        "Scale9OriginX": 15,
                        "Scale9OriginY": 11,
                        "Scale9Width": 5,
                        "Scale9Height": 21,
                        "OutlineColor": {
                          "G": 0,
                          "B": 0
                        },
                        "ShadowColor": {
                          "R": 110,
                          "G": 110,
                          "B": 110
                        },
                        "ShadowOffsetX": 2.0,
                        "ShadowOffsetY": -2.0,
                        "TouchEnable": true,
                        "AnchorPoint": {
                          "ScaleX": 0.5,
                          "ScaleY": 0.5
                        },
                        "Position": {
                          "X": 506.0002,
                          "Y": 239.0006
                        },
                        "Scale": {
                          "ScaleX": 1.0,
                          "ScaleY": 1.0
                        },
                        "CColor": {},
                        "IconVisible": false,
                        "PrePosition": {
                          "X": 1.0498,
                          "Y": 0.5311
                        },
                        "PreSize": {
                          "X": 0.0726,
                          "Y": 0.0956
                        },
                        "LeftMargin": 488.5002,
                        "RightMargin": -41.5001,
                        "TopMargin": 189.4994,
                        "BottomMargin": 217.5006,
                        "Tag": 2089,
                        "ActionTag": 1443350602,
                        "Size": {
                          "X": 35.0,
                          "Y": 43.0
                        },
                        "Name": "btn_right",
                        "ctype": "ButtonObjectData"
                      },
                      {
                        "FontSize": 14,
                        "ButtonText": "",
                        "TextColor": {
                          "R": 65,
                          "G": 65,
                          "B": 70
                        },
                        "NormalFileData": {
                          "Type": "MarkedSubImage",
                          "Path": "pic/button/button_arrow.png",
                          "Plist": "pic/button/common_btn_atlas.plist"
                        },
                        "Scale9Enable": true,
                        "Scale9OriginX": 15,
                        "Scale9OriginY": 11,
                        "Scale9Width": 5,
                        "Scale9Height": 21,
                        "OutlineColor": {
                          "G": 0,
                          "B": 0
                        },
                        "ShadowColor": {
                          "R": 110,
                          "G": 110,
                          "B": 110
                        },
                        "ShadowOffsetX": 2.0,
                        "ShadowOffsetY": -2.0,
                        "TouchEnable": true,
                        "AnchorPoint": {
                          "ScaleX": 0.5,
                          "ScaleY": 0.5
                        },
                        "Position": {
                          "X": -23.0,
                          "Y": 239.0029
                        },
                        "Scale": {
                          "ScaleX": 1.0,
                          "ScaleY": 1.0
                        },
                        "RotationSkewX": 180.0,
                        "RotationSkewY": 180.0,
                        "CColor": {},
                        "IconVisible": false,
                        "PrePosition": {
                          "X": -0.0477,
                          "Y": 0.5311
                        },
                        "PreSize": {
                          "X": 0.0726,
                          "Y": 0.0956
                        },
                        "LeftMargin": -40.5,
                        "RightMargin": 487.5,
                        "TopMargin": 189.4971,
                        "BottomMargin": 217.5029,
                        "Tag": 2090,
                        "ActionTag": -2026901759,
                        "Size": {
                          "X": 35.0,
                          "Y": 43.0
                        },
                        "Name": "btn_left",
                        "ctype": "ButtonObjectData"
                      },
                      {
                        "ItemMargin": 10,
                        "VerticalType": "Align_Bottom",
                        "ScrollDirectionType": 0,
                        "ClipAble": true,
                        "BackColorAlpha": 102,
                        "SingleColor": {
                          "R": 150,
                          "G": 150
                        },
                        "FirstColor": {
                          "R": 150,
                          "G": 150
                        },
                        "EndColor": {},
                        "ColorVector": {
                          "ScaleY": 1.0
                        },
                        "Scale9Width": 1,
                        "Scale9Height": 1,
                        "AnchorPoint": {
                          "ScaleX": 0.5
                        },
                        "Position": {
                          "X": 240.9997,
                          "Y": 6.0
                        },
                        "Scale": {
                          "ScaleX": 1.0,
                          "ScaleY": 1.0
                        },
                        "CColor": {},
                        "IconVisible": false,
                        "PositionPercentXEnabled": true,
                        "PrePosition": {
                          "X": 0.5,
                          "Y": 0.0133
                        },
                        "PreSize": {
                          "X": 0.8299,
                          "Y": 0.0667
                        },
                        "LeftMargin": 40.9997,
                        "RightMargin": 41.0003,
                        "TopMargin": 414.0,
                        "BottomMargin": 6.0,
                        "Tag": 2111,
                        "ActionTag": 2070203260,
                        "Size": {
                          "X": 400.0,
                          "Y": 30.0
                        },
                        "Name": "list_dots",
                        "ctype": "ListViewObjectData"
                      }
                    ],
                    "ActionTag": 1742912547,
                    "Size": {
                      "X": 482.0,
                      "Y": 450.0
                    },
                    "Name": "img_yojoubuff_bg",
                    "ctype": "ImageViewObjectData"
                  },
                  {
                    "FontSize": 14,
                    "ButtonText": "",
                    "TextColor": {
                      "R": 65,
                      "G": 65,
                      "B": 70
                    },
                    "DisabledFileData": {
                      "Type": "Default",
                      "Path": "Default/Button_Disable.png",
                      "Plist": ""
                    },
                    "PressedFileData": {
                      "Type": "Default",
                      "Path": "Default/Button_Press.png",
                      "Plist": ""
                    },
                    "NormalFileData": {
                      "Type": "MarkedSubImage",
                      "Path": "pic/button/button_close.png",
                      "Plist": "pic/button/common_btn_atlas.plist"
                    },
                    "Scale9Enable": true,
                    "Scale9OriginX": 15,
                    "Scale9OriginY": 11,
                    "Scale9Width": 52,
                    "Scale9Height": 60,
                    "OutlineColor": {
                      "G": 0,
                      "B": 0
                    },
                    "ShadowColor": {
                      "R": 110,
                      "G": 110,
                      "B": 110
                    },
                    "ShadowOffsetX": 2.0,
                    "ShadowOffsetY": -2.0,
                    "TouchEnable": true,
                    "AnchorPoint": {
                      "ScaleX": 0.5,
                      "ScaleY": 0.5
                    },
                    "Position": {
                      "X": 538.0134,
                      "Y": 836.9979
                    },
                    "Scale": {
                      "ScaleX": 0.9,
                      "ScaleY": 0.9
                    },
                    "CColor": {},
                    "IconVisible": false,
                    "PrePosition": {
                      "X": 0.9573,
                      "Y": 0.9687
                    },
                    "PreSize": {
                      "X": 0.1459,
                      "Y": 0.0949
                    },
                    "LeftMargin": 497.0134,
                    "RightMargin": -17.0134,
                    "TopMargin": -13.9979,
                    "BottomMargin": 795.9979,
                    "Tag": 165,
                    "ActionTag": 1948704661,
                    "Size": {
                      "X": 82.0,
                      "Y": 82.0
                    },
                    "Name": "btn_closeview",
                    "ctype": "ButtonObjectData"
                  },
                  {
                    "FontSize": 14,
                    "ButtonText": "",
                    "TextColor": {},
                    "NormalFileData": {
                      "Type": "MarkedSubImage",
                      "Path": "common/common_newbtn2.png",
                      "Plist": "common/common.plist"
                    },
                    "Scale9OriginX": 64,
                    "Scale9OriginY": 27,
                    "Scale9Width": 100,
                    "Scale9Height": 29,
                    "OutlineColor": {
                      "R": 0,
                      "G": 0,
                      "B": 0
                    },
                    "ShadowColor": {
                      "R": 0,
                      "G": 0,
                      "B": 0
                    },
                    "ShadowOffsetX": 2.0,
                    "ShadowOffsetY": -2.0,
                    "TouchEnable": true,
                    "AnchorPoint": {
                      "ScaleX": 0.5,
                      "ScaleY": 0.5
                    },
                    "Position": {
                      "X": 281.0,
                      "Y": 83.08
                    },
                    "Scale": {
                      "ScaleX": 1.0,
                      "ScaleY": 1.0
                    },
                    "CColor": {},
                    "IconVisible": false,
                    "PositionPercentXEnabled": true,
                    "PrePosition": {
                      "X": 0.5,
                      "Y": 0.0962
                    },
                    "PreSize": {
                      "X": 0.4057,
                      "Y": 0.0961
                    },
                    "LeftMargin": 167.0,
                    "RightMargin": 167.0,
                    "TopMargin": 739.42,
                    "BottomMargin": 41.58,
                    "Tag": 1862,
                    "Children": [
                      {
                        "IsCustomSize": true,
                        "FontSize": 26,
                        "LabelText": "{TXT_UI_DIALOG-CRUSADE-DETAIL_1}",
                        "FontResource": {
                          "Type": "Normal",
                          "Path": "font/ModeMinBStd.ttf",
                          "Plist": ""
                        },
                        "HorizontalAlignmentType": "HT_Center",
                        "OutlineSize": 2,
                        "OutlineColor": {
                          "R": 76,
                          "G": 83,
                          "B": 98
                        },
                        "OutlineEnabled": true,
                        "ShadowColor": {
                          "R": 110,
                          "G": 110,
                          "B": 110
                        },
                        "ShadowOffsetX": 2.0,
                        "ShadowOffsetY": -2.0,
                        "AnchorPoint": {
                          "ScaleX": 0.5,
                          "ScaleY": 0.5
                        },
                        "Position": {
                          "X": 114.0,
                          "Y": 42.43
                        },
                        "Scale": {
                          "ScaleX": 1.0,
                          "ScaleY": 1.0
                        },
                        "CColor": {},
                        "IconVisible": false,
                        "PositionPercentXEnabled": true,
                        "PrePosition": {
                          "X": 0.5,
                          "Y": 0.5112
                        },
                        "PreSize": {
                          "X": 0.4079,
                          "Y": 0.4096
                        },
                        "LeftMargin": 67.5,
                        "RightMargin": 67.5,
                        "TopMargin": 23.57,
                        "BottomMargin": 25.43,
                        "Tag": 1863,
                        "ActionTag": -116404067,
                        "Size": {
                          "X": 93.0,
                          "Y": 34.0
                        },
                        "Name": "Text_1",
                        "ctype": "TextObjectData"
                      }
                    ],
                    "ActionTag": -574875522,
                    "Size": {
                      "X": 228.0,
                      "Y": 83.0
                    },
                    "Name": "btn_close",
                    "ctype": "ButtonObjectData"
                  }
                ],
                "ActionTag": -2108481400,
                "Size": {
                  "X": 562.0,
                  "Y": 864.0
                },
                "Name": "pnl_body",
                "ctype": "ImageViewObjectData"
              }
            ],
            "ActionTag": 1429851547,
            "Size": {
              "X": 640.0,
              "Y": 1136.0
            },
            "Name": "Root",
            "ctype": "PanelObjectData"
          }
        ],
        "Size": {
          "X": 640.0,
          "Y": 1136.0
        },
        "Name": "Layer",
        "ctype": "LayerObjectData"
      },
      "UsedResources": [
        "common/common.plist",
        "common/common.png",
        "common_ui/common_panel_atlas.plist",
        "common_ui/common_panel_atlas.png",
        "crusade/crusadePlist.plist",
        "crusade/crusadePlist.png",
        "Default/Button_Disable.png",
        "Default/Button_Press.png",
        "Default/ImageFile.png",
        "font/ModeMinBStd.ttf",
        "partner/partner.plist",
        "partner/partner.png",
        "pic/battle_activity/battle_activity_atlas.plist",
        "pic/battle_activity/battle_activity_atlas.png",
        "pic/button/common_btn_atlas.plist",
        "pic/button/common_btn_atlas.png",
        "pic/icon/icon_atlas.plist",
        "pic/icon/icon_atlas.png"
      ],
      "ctype": "GameFileData"
    }
  },
  "Type": "Layer"
}