{
  "ID": "4e0fbbf4-7bdb-4517-a23a-27f8441b3cb4",
  "Version": "3.10.0.0",
  "Name": "dialog-crusade-reward-view",
  "Content": {
    "Content": {
      "Animation": {
        "Duration": 40,
        "Speed": 1.0,
        "Timelines": [
          {
            "ActionTag": 1684869072,
            "Property": "Position",
            "Frames": [
              {
                "X": 539.0,
                "Y": 915.0,
                "FrameIndex": 0,
                "EasingData": {
                  "Type": 0
                },
                "ctype": "PointFrameData"
              },
              {
                "X": 602.86,
                "Y": 965.34,
                "FrameIndex": 20,
                "EasingData": {
                  "Type": 0
                },
                "ctype": "PointFrameData"
              },
              {
                "X": 602.86,
                "Y": 1084.34,
                "FrameIndex": 40,
                "EasingData": {
                  "Type": 0
                },
                "ctype": "PointFrameData"
              }
            ],
            "ctype": "TimelineData"
          },
          {
            "ActionTag": 1684869072,
            "Property": "Scale",
            "Frames": [
              {
                "X": 0.9,
                "Y": 0.9,
                "FrameIndex": 0,
                "EasingData": {
                  "Type": 0
                },
                "ctype": "ScaleValueFrameData"
              },
              {
                "X": 0.9,
                "Y": 0.9,
                "FrameIndex": 20,
                "EasingData": {
                  "Type": 0
                },
                "ctype": "ScaleValueFrameData"
              },
              {
                "X": 0.9,
                "Y": 0.9,
                "FrameIndex": 40,
                "EasingData": {
                  "Type": 0
                },
                "ctype": "ScaleValueFrameData"
              }
            ],
            "ctype": "TimelineData"
          },
          {
            "ActionTag": 1684869072,
            "Property": "RotationSkew",
            "Frames": [
              {
                "X": 0.0,
                "Y": 0.0,
                "FrameIndex": 0,
                "EasingData": {
                  "Type": 0
                },
                "ctype": "ScaleValueFrameData"
              },
              {
                "X": 0.0,
                "Y": 0.0,
                "FrameIndex": 20,
                "EasingData": {
                  "Type": 0
                },
                "ctype": "ScaleValueFrameData"
              },
              {
                "X": 0.0,
                "Y": 0.0,
                "FrameIndex": 40,
                "EasingData": {
                  "Type": 0
                },
                "ctype": "ScaleValueFrameData"
              }
            ],
            "ctype": "TimelineData"
          }
        ],
        "ctype": "TimelineActionData"
      },
      "AnimationList": [],
      "ObjectData": {
        "Tag": 378,
        "Children": [
          {
            "ClipAble": true,
            "BackColorAlpha": 102,
            "SingleColor": {
              "R": 150,
              "G": 200
            },
            "FirstColor": {
              "R": 150,
              "G": 200
            },
            "EndColor": {},
            "ColorVector": {
              "ScaleY": 1.0
            },
            "Scale9Width": 1,
            "Scale9Height": 1,
            "TouchEnable": true,
            "AnchorPoint": {},
            "Position": {
              "X": -632.8973,
              "Y": 396.8188
            },
            "Scale": {
              "ScaleX": 1.0,
              "ScaleY": 1.0
            },
            "CColor": {},
            "IconVisible": false,
            "PrePosition": {
              "X": -0.9889,
              "Y": 0.3493
            },
            "PreSize": {
              "X": 0.7031,
              "Y": 0.132
            },
            "LeftMargin": -632.8973,
            "RightMargin": 822.8973,
            "TopMargin": 589.1812,
            "BottomMargin": 396.8188,
            "Tag": 455,
            "ActionTag": -1903060841,
            "Size": {
              "X": 450.0,
              "Y": 150.0
            },
            "Name": "PrefabRewardPnl",
            "ctype": "PanelObjectData"
          },
          {
            "ClipAble": false,
            "BackColorAlpha": 102,
            "SingleColor": {
              "R": 150,
              "G": 200
            },
            "FirstColor": {
              "R": 150,
              "G": 200
            },
            "EndColor": {},
            "ColorVector": {
              "ScaleY": 1.0
            },
            "Scale9Width": 1,
            "Scale9Height": 1,
            "TouchEnable": true,
            "AnchorPoint": {},
            "Position": {
              "X": -474.4797,
              "Y": 140.397
            },
            "Scale": {
              "ScaleX": 1.0,
              "ScaleY": 1.0
            },
            "CColor": {},
            "IconVisible": false,
            "PrePosition": {
              "X": -0.7414,
              "Y": 0.1236
            },
            "PreSize": {
              "X": 0.2344,
              "Y": 0.132
            },
            "LeftMargin": -474.4797,
            "RightMargin": 964.4797,
            "TopMargin": 845.603,
            "BottomMargin": 140.397,
            "Tag": 1446,
            "Children": [
              {
                "FileData": {
                  "Type": "MarkedSubImage",
                  "Path": "crusade/img_crusade_pointicon.png",
                  "Plist": "crusade/crusadePlist.plist"
                },
                "Scale9OriginX": 15,
                "Scale9OriginY": 15,
                "Scale9Width": 76,
                "Scale9Height": 65,
                "AnchorPoint": {
                  "ScaleX": 0.5,
                  "ScaleY": 0.5
                },
                "Position": {
                  "X": 75.0,
                  "Y": 85.59
                },
                "Scale": {
                  "ScaleX": 1.0,
                  "ScaleY": 1.0
                },
                "CColor": {},
                "IconVisible": false,
                "PositionPercentXEnabled": true,
                "PositionPercentYEnabled": true,
                "PrePosition": {
                  "X": 0.5,
                  "Y": 0.5706
                },
                "PreSize": {
                  "X": 0.7067,
                  "Y": 0.6333
                },
                "LeftMargin": 22.0,
                "RightMargin": 22.0,
                "TopMargin": 16.91,
                "BottomMargin": 38.09,
                "Tag": 1447,
                "Children": [
                  {
                    "FileData": {
                      "Type": "MarkedSubImage",
                      "Path": "crusade/img_crusade_box_1.png",
                      "Plist": "crusade/crusadePlist.plist"
                    },
                    "Scale9OriginX": 15,
                    "Scale9OriginY": 13,
                    "Scale9Width": 16,
                    "Scale9Height": 14,
                    "AnchorPoint": {
                      "ScaleX": 0.5,
                      "ScaleY": 0.5
                    },
                    "Position": {
                      "X": 54.06,
                      "Y": 56.05
                    },
                    "Scale": {
                      "ScaleX": 1.0,
                      "ScaleY": 1.0
                    },
                    "CColor": {},
                    "IconVisible": false,
                    "PositionPercentXEnabled": true,
                    "PositionPercentYEnabled": true,
                    "PrePosition": {
                      "X": 0.51,
                      "Y": 0.59
                    },
                    "PreSize": {
                      "X": 0.434,
                      "Y": 0.4211
                    },
                    "LeftMargin": 31.06,
                    "RightMargin": 28.94,
                    "TopMargin": 18.95,
                    "BottomMargin": 36.05,
                    "Tag": 1448,
                    "Children": [
                      {
                        "LabelText": "3/10",
                        "LabelBMFontFile_CNB": {
                          "Type": "Normal",
                          "Path": "bmtfont.proj/crusade_1.fnt",
                          "Plist": ""
                        },
                        "AnchorPoint": {
                          "ScaleX": 0.5,
                          "ScaleY": 0.5
                        },
                        "Position": {
                          "X": 23.0,
                          "Y": -7.0
                        },
                        "Scale": {
                          "ScaleX": 0.4,
                          "ScaleY": 0.4
                        },
                        "CColor": {},
                        "IconVisible": false,
                        "PositionPercentXEnabled": true,
                        "PrePosition": {
                          "X": 0.5,
                          "Y": -0.175
                        },
                        "PreSize": {
                          "X": 3.7609,
                          "Y": 0.8
                        },
                        "LeftMargin": -63.5,
                        "RightMargin": -63.5,
                        "TopMargin": 31.0,
                        "BottomMargin": -23.0,
                        "Tag": 1319,
                        "ActionTag": 1847951985,
                        "Size": {
                          "X": 173.0,
                          "Y": 32.0
                        },
                        "Name": "txt_boxnum",
                        "ctype": "TextBMFontObjectData"
                      }
                    ],
                    "ActionTag": -1114015117,
                    "Size": {
                      "X": 46.0,
                      "Y": 40.0
                    },
                    "Name": "img_box",
                    "ctype": "ImageViewObjectData"
                  },
                  {
                    "FileData": {
                      "Type": "MarkedSubImage",
                      "Path": "crusade/img_crusade_weizhanling.png",
                      "Plist": "crusade/crusadePlist.plist"
                    },
                    "Scale9OriginX": 20,
                    "Scale9OriginY": 9,
                    "Scale9Width": 23,
                    "Scale9Height": 10,
                    "AnchorPoint": {
                      "ScaleX": 0.5,
                      "ScaleY": 0.5
                    },
                    "Position": {
                      "X": 53.0,
                      "Y": 21.0
                    },
                    "Scale": {
                      "ScaleX": 1.0,
                      "ScaleY": 1.0
                    },
                    "CColor": {},
                    "IconVisible": false,
                    "PositionPercentXEnabled": true,
                    "PrePosition": {
                      "X": 0.5,
                      "Y": 0.2211
                    },
                    "PreSize": {
                      "X": 0.5943,
                      "Y": 0.2947
                    },
                    "LeftMargin": 21.5,
                    "RightMargin": 21.5,
                    "TopMargin": 60.0,
                    "BottomMargin": 7.0,
                    "Tag": 1320,
                    "ActionTag": -1507877284,
                    "Size": {
                      "X": 63.0,
                      "Y": 28.0
                    },
                    "Name": "img_state",
                    "ctype": "ImageViewObjectData"
                  }
                ],
                "ActionTag": 1867833355,
                "Size": {
                  "X": 106.0,
                  "Y": 95.0
                },
                "Name": "img_bg",
                "ctype": "ImageViewObjectData"
              },
              {
                "FileData": {
                  "Type": "MarkedSubImage",
                  "Path": "pic/battle_activity/bame_bg.png",
                  "Plist": "pic/battle_activity/battle_activity_atlas.plist"
                },
                "Scale9Enable": true,
                "Scale9OriginX": 16,
                "Scale9OriginY": 7,
                "Scale9Width": 18,
                "Scale9Height": 10,
                "AnchorPoint": {
                  "ScaleX": 0.5,
                  "ScaleY": 0.5
                },
                "Position": {
                  "X": 78.0,
                  "Y": 20.1916
                },
                "Scale": {
                  "ScaleX": 1.0,
                  "ScaleY": 1.0
                },
                "CColor": {},
                "IconVisible": false,
                "PositionPercentXEnabled": true,
                "PrePosition": {
                  "X": 0.52,
                  "Y": 0.1346
                },
                "PreSize": {
                  "X": 0.8,
                  "Y": 0.16
                },
                "LeftMargin": 18.0,
                "RightMargin": 12.0,
                "TopMargin": 117.8084,
                "BottomMargin": 8.1916,
                "Tag": 1451,
                "Children": [
                  {
                    "IsCustomSize": true,
                    "FontSize": 18,
                    "LabelText": "",
                    "FontResource": {
                      "Type": "Normal",
                      "Path": "font/ModeMinBStd.ttf",
                      "Plist": ""
                    },
                    "HorizontalAlignmentType": "HT_Center",
                    "OutlineSize": 2,
                    "OutlineColor": {
                      "R": 103,
                      "G": 56,
                      "B": 31
                    },
                    "OutlineEnabled": true,
                    "ShadowColor": {
                      "R": 110,
                      "G": 110,
                      "B": 110
                    },
                    "ShadowOffsetX": 2.0,
                    "ShadowOffsetY": -2.0,
                    "AnchorPoint": {
                      "ScaleX": 0.5,
                      "ScaleY": 0.5
                    },
                    "Position": {
                      "X": 60.0,
                      "Y": 9.0
                    },
                    "Scale": {
                      "ScaleX": 1.0,
                      "ScaleY": 1.0
                    },
                    "CColor": {},
                    "IconVisible": false,
                    "PositionPercentXEnabled": true,
                    "PositionPercentYEnabled": true,
                    "PrePosition": {
                      "X": 0.5,
                      "Y": 0.375
                    },
                    "PreSize": {
                      "X": 0.8333,
                      "Y": 1.0417
                    },
                    "LeftMargin": 10.0,
                    "RightMargin": 10.0,
                    "TopMargin": 2.5,
                    "BottomMargin": -3.5,
                    "Tag": 1452,
                    "ActionTag": -228172497,
                    "Size": {
                      "X": 100.0,
                      "Y": 25.0
                    },
                    "Name": "txt_point_name",
                    "ctype": "TextObjectData"
                  }
                ],
                "ActionTag": 1326798349,
                "Size": {
                  "X": 120.0,
                  "Y": 24.0
                },
                "Name": "img_name_bg",
                "ctype": "ImageViewObjectData"
              }
            ],
            "ActionTag": 1280531105,
            "Size": {
              "X": 150.0,
              "Y": 150.0
            },
            "Name": "ItemReward",
            "ctype": "PanelObjectData"
          },
          {
            "ClipAble": false,
            "BackColorAlpha": 192,
            "ComboBoxIndex": 1,
            "SingleColor": {
              "R": 10,
              "G": 10,
              "B": 10
            },
            "FirstColor": {},
            "EndColor": {
              "R": 150,
              "G": 200
            },
            "ColorVector": {
              "ScaleX": 0.0,
              "ScaleY": -1.0
            },
            "Scale9Width": 1,
            "Scale9Height": 1,
            "TouchEnable": true,
            "AnchorPoint": {},
            "Position": {
              "X": 0.0,
              "Y": 0.0
            },
            "Scale": {
              "ScaleX": 1.0,
              "ScaleY": 1.0
            },
            "CColor": {},
            "IconVisible": false,
            "PrePosition": {
              "X": 0.0,
              "Y": 0.0
            },
            "PreSize": {
              "X": 1.0,
              "Y": 1.0
            },
            "Tag": 55549,
            "Children": [
              {
                "FileData": {
                  "Type": "MarkedSubImage",
                  "Path": "pic/icon/icon_popup_bg.png",
                  "Plist": "pic/icon/icon_atlas.plist"
                },
                "Scale9Enable": true,
                "Scale9OriginX": 56,
                "Scale9OriginY": 55,
                "Scale9Width": 15,
                "Scale9Height": 7,
                "AnchorPoint": {
                  "ScaleX": 0.5,
                  "ScaleY": 1.0
                },
                "Position": {
                  "X": 320.0,
                  "Y": 1033.4192
                },
                "Scale": {
                  "ScaleX": 1.0,
                  "ScaleY": 1.0
                },
                "CColor": {},
                "IconVisible": false,
                "PositionPercentXEnabled": true,
                "PositionPercentYEnabled": true,
                "PrePosition": {
                  "X": 0.5,
                  "Y": 0.9097
                },
                "PreSize": {
                  "X": 0.8813,
                  "Y": 0.8275
                },
                "LeftMargin": 38.0,
                "RightMargin": 38.0,
                "TopMargin": 102.5808,
                "BottomMargin": 93.4192,
                "Tag": 830,
                "Children": [
                  {
                    "FileData": {
                      "Type": "MarkedSubImage",
                      "Path": "pic/icon/icon_bg.png",
                      "Plist": "pic/icon/icon_atlas.plist"
                    },
                    "Scale9Enable": true,
                    "Scale9OriginX": 42,
                    "Scale9OriginY": 24,
                    "Scale9Width": 231,
                    "Scale9Height": 25,
                    "AnchorPoint": {
                      "ScaleX": 0.5,
                      "ScaleY": 0.5
                    },
                    "Position": {
                      "X": 279.0108,
                      "Y": 918.0989
                    },
                    "Scale": {
                      "ScaleX": 1.0,
                      "ScaleY": 1.0
                    },
                    "CColor": {},
                    "IconVisible": false,
                    "PositionPercentXEnabled": true,
                    "PrePosition": {
                      "X": 0.4947,
                      "Y": 0.9767
                    },
                    "PreSize": {
                      "X": 0.5585,
                      "Y": 0.0777
                    },
                    "LeftMargin": 121.5108,
                    "RightMargin": 127.4892,
                    "TopMargin": -14.5989,
                    "BottomMargin": 881.5989,
                    "Tag": 55562,
                    "Children": [
                      {
                        "IsCustomSize": true,
                        "FontSize": 28,
                        "LabelText": "{TXT_UI_DIALOG-CRUSADE-REWARD-VIEW_0}",
                        "FontResource": {
                          "Type": "Normal",
                          "Path": "font/ModeMinBStd.ttf",
                          "Plist": ""
                        },
                        "HorizontalAlignmentType": "HT_Center",
                        "OutlineColor": {
                          "R": 0,
                          "G": 0,
                          "B": 0
                        },
                        "ShadowColor": {
                          "R": 29,
                          "G": 16,
                          "B": 1
                        },
                        "ShadowOffsetX": 3.0,
                        "ShadowOffsetY": -3.0,
                        "ShadowEnabled": true,
                        "AnchorPoint": {
                          "ScaleX": 0.5,
                          "ScaleY": 0.5
                        },
                        "Position": {
                          "X": 157.5,
                          "Y": 41.4738
                        },
                        "Scale": {
                          "ScaleX": 1.0,
                          "ScaleY": 1.0
                        },
                        "CColor": {},
                        "IconVisible": false,
                        "PositionPercentXEnabled": true,
                        "PrePosition": {
                          "X": 0.5,
                          "Y": 0.5681
                        },
                        "PreSize": {
                          "X": 0.9206,
                          "Y": 0.4521
                        },
                        "LeftMargin": 12.5,
                        "RightMargin": 12.5,
                        "TopMargin": 15.0262,
                        "BottomMargin": 24.9738,
                        "Tag": 55563,
                        "ActionTag": 62702710,
                        "Size": {
                          "X": 290.0,
                          "Y": 33.0
                        },
                        "Name": "lbl_title",
                        "ctype": "TextObjectData"
                      }
                    ],
                    "ActionTag": 14423508,
                    "Size": {
                      "X": 315.0,
                      "Y": 73.0
                    },
                    "Name": "Image_4",
                    "ctype": "ImageViewObjectData"
                  },
                  {
                    "ClipAble": false,
                    "BackColorAlpha": 102,
                    "FileData": {
                      "Type": "MarkedSubImage",
                      "Path": "common/icon_grade_props_bg.png",
                      "Plist": "common/common.plist"
                    },
                    "SingleColor": {
                      "R": 150,
                      "G": 200
                    },
                    "FirstColor": {
                      "R": 150,
                      "G": 200
                    },
                    "EndColor": {},
                    "ColorVector": {
                      "ScaleY": 1.0
                    },
                    "Scale9Enable": true,
                    "Scale9OriginX": 40,
                    "Scale9OriginY": 21,
                    "Scale9Width": 44,
                    "Scale9Height": 24,
                    "TouchEnable": true,
                    "AnchorPoint": {
                      "ScaleX": 0.5,
                      "ScaleY": 1.0
                    },
                    "Position": {
                      "X": 282.0,
                      "Y": 883.0046
                    },
                    "Scale": {
                      "ScaleX": 1.0,
                      "ScaleY": 1.0
                    },
                    "CColor": {},
                    "IconVisible": false,
                    "PositionPercentXEnabled": true,
                    "PrePosition": {
                      "X": 0.5,
                      "Y": 0.9394
                    },
                    "PreSize": {
                      "X": 0.8546,
                      "Y": 0.7096
                    },
                    "LeftMargin": 41.0,
                    "RightMargin": 41.0,
                    "TopMargin": 56.9954,
                    "BottomMargin": 216.0046,
                    "Tag": 105,
                    "Children": [
                      {
                        "ItemMargin": 10,
                        "DirectionType": "Vertical",
                        "HorizontalType": "Align_HorizontalCenter",
                        "ScrollDirectionType": 0,
                        "ClipAble": true,
                        "BackColorAlpha": 100,
                        "SingleColor": {
                          "R": 150,
                          "G": 150
                        },
                        "FirstColor": {},
                        "EndColor": {
                          "R": 150,
                          "G": 150
                        },
                        "ColorVector": {
                          "ScaleX": 0.0,
                          "ScaleY": -1.0
                        },
                        "Scale9Width": 1,
                        "Scale9Height": 1,
                        "TouchEnable": true,
                        "AnchorPoint": {
                          "ScaleX": 0.5,
                          "ScaleY": 1.0
                        },
                        "Position": {
                          "X": 231.9866,
                          "Y": 664.0002
                        },
                        "Scale": {
                          "ScaleX": 1.0,
                          "ScaleY": 1.0
                        },
                        "CColor": {},
                        "IconVisible": false,
                        "PositionPercentXEnabled": true,
                        "PrePosition": {
                          "X": 0.4813,
                          "Y": 0.9955
                        },
                        "PreSize": {
                          "X": 0.9481,
                          "Y": 0.955
                        },
                        "LeftMargin": 3.4866,
                        "RightMargin": 21.5134,
                        "TopMargin": 2.9998,
                        "BottomMargin": 27.0002,
                        "Tag": 106,
                        "ActionTag": -74521439,
                        "Size": {
                          "X": 457.0,
                          "Y": 637.0
                        },
                        "Name": "list_crusade_reward",
                        "ctype": "ListViewObjectData"
                      }
                    ],
                    "ActionTag": 41685177,
                    "Size": {
                      "X": 482.0,
                      "Y": 667.0
                    },
                    "Name": "pnl_rewardbox",
                    "ctype": "PanelObjectData"
                  },
                  {
                    "FontSize": 14,
                    "ButtonText": "",
                    "TextColor": {
                      "R": 65,
                      "G": 65,
                      "B": 70
                    },
                    "NormalFileData": {
                      "Type": "MarkedSubImage",
                      "Path": "common/common_newbtn1.png",
                      "Plist": "common/common.plist"
                    },
                    "Scale9Enable": true,
                    "Scale9OriginX": 35,
                    "Scale9OriginY": 16,
                    "Scale9Width": 161,
                    "Scale9Height": 51,
                    "OutlineColor": {
                      "G": 0,
                      "B": 0
                    },
                    "ShadowColor": {
                      "R": 110,
                      "G": 110,
                      "B": 110
                    },
                    "ShadowOffsetX": 2.0,
                    "ShadowOffsetY": -2.0,
                    "TouchEnable": true,
                    "AnchorPoint": {
                      "ScaleX": 0.5,
                      "ScaleY": 0.5
                    },
                    "Position": {
                      "X": 281.9997,
                      "Y": 79.9999
                    },
                    "Scale": {
                      "ScaleX": 1.0,
                      "ScaleY": 1.0
                    },
                    "CColor": {},
                    "IconVisible": false,
                    "PrePosition": {
                      "X": 0.5,
                      "Y": 0.0851
                    },
                    "PreSize": {
                      "X": 0.4043,
                      "Y": 0.0883
                    },
                    "LeftMargin": 167.9997,
                    "RightMargin": 168.0003,
                    "TopMargin": 818.5001,
                    "BottomMargin": 38.4999,
                    "Tag": 339,
                    "Children": [
                      {
                        "FileData": {
                          "Type": "MarkedSubImage",
                          "Path": "common/Dress_ImgRedP.png",
                          "Plist": "common/common.plist"
                        },
                        "Scale9OriginX": 6,
                        "Scale9OriginY": 6,
                        "Scale9Width": 26,
                        "Scale9Height": 26,
                        "AnchorPoint": {
                          "ScaleX": 0.5,
                          "ScaleY": 0.5
                        },
                        "Position": {
                          "X": 210.8498,
                          "Y": 68.919
                        },
                        "Scale": {
                          "ScaleX": 1.0,
                          "ScaleY": 1.0
                        },
                        "CColor": {},
                        "IconVisible": false,
                        "PrePosition": {
                          "X": 0.9248,
                          "Y": 0.8303
                        },
                        "PreSize": {
                          "X": 0.1667,
                          "Y": 0.4578
                        },
                        "LeftMargin": 191.8498,
                        "RightMargin": -1.8498,
                        "TopMargin": -4.919,
                        "BottomMargin": 49.919,
                        "Tag": 1544,
                        "ActionTag": 1460331697,
                        "Size": {
                          "X": 38.0,
                          "Y": 38.0
                        },
                        "Name": "img_red_dot",
                        "ctype": "ImageViewObjectData"
                      },
                      {
                        "IsCustomSize": true,
                        "FontSize": 30,
                        "LabelText": "{TXT_UI_DIALOG-CRUSADE-REWARD-VIEW_2}",
                        "FontResource": {
                          "Type": "Normal",
                          "Path": "font/ModeMinBStd.ttf",
                          "Plist": ""
                        },
                        "HorizontalAlignmentType": "HT_Center",
                        "OutlineSize": 2,
                        "OutlineColor": {
                          "R": 131,
                          "G": 25,
                          "B": 22
                        },
                        "OutlineEnabled": true,
                        "ShadowColor": {
                          "R": 110,
                          "G": 110,
                          "B": 110
                        },
                        "ShadowOffsetX": 2.0,
                        "ShadowOffsetY": -2.0,
                        "AnchorPoint": {
                          "ScaleX": 0.5,
                          "ScaleY": 0.5
                        },
                        "Position": {
                          "X": 114.0,
                          "Y": 44.8532
                        },
                        "Scale": {
                          "ScaleX": 1.0,
                          "ScaleY": 1.0
                        },
                        "CColor": {},
                        "IconVisible": false,
                        "PositionPercentXEnabled": true,
                        "PositionPercentYEnabled": true,
                        "PrePosition": {
                          "X": 0.5,
                          "Y": 0.5404
                        },
                        "PreSize": {
                          "X": 0.75,
                          "Y": 0.4578
                        },
                        "LeftMargin": 28.5,
                        "RightMargin": 28.5,
                        "TopMargin": 19.1468,
                        "BottomMargin": 25.8532,
                        "Tag": 340,
                        "ActionTag": -560319230,
                        "Size": {
                          "X": 171.0,
                          "Y": 38.0
                        },
                        "Name": "text",
                        "ctype": "TextObjectData"
                      }
                    ],
                    "ActionTag": 1488425526,
                    "Size": {
                      "X": 228.0,
                      "Y": 83.0
                    },
                    "Name": "btn_get",
                    "ctype": "ButtonObjectData"
                  },
                  {
                    "FontSize": 20,
                    "ButtonText": "",
                    "TextColor": {
                      "R": 0,
                      "G": 0,
                      "B": 0
                    },
                    "NormalFileData": {
                      "Type": "MarkedSubImage",
                      "Path": "pic/button/button_close.png",
                      "Plist": "pic/button/common_btn_atlas.plist"
                    },
                    "Scale9Enable": true,
                    "Scale9OriginX": 15,
                    "Scale9OriginY": 11,
                    "Scale9Width": 52,
                    "Scale9Height": 60,
                    "OutlineColor": {
                      "G": 0,
                      "B": 0
                    },
                    "ShadowColor": {
                      "R": 110,
                      "G": 110,
                      "B": 110
                    },
                    "ShadowOffsetX": 2.0,
                    "ShadowOffsetY": -2.0,
                    "TouchEnable": true,
                    "AnchorPoint": {
                      "ScaleX": 0.5,
                      "ScaleY": 0.5
                    },
                    "Position": {
                      "X": 539.0,
                      "Y": 915.0
                    },
                    "Scale": {
                      "ScaleX": 0.9,
                      "ScaleY": 0.9
                    },
                    "CColor": {},
                    "IconVisible": false,
                    "PrePosition": {
                      "X": 0.9557,
                      "Y": 0.9734
                    },
                    "PreSize": {
                      "X": 0.1454,
                      "Y": 0.0872
                    },
                    "LeftMargin": 498.0,
                    "RightMargin": -16.0,
                    "TopMargin": -16.0,
                    "BottomMargin": 874.0,
                    "Tag": 236,
                    "ActionTag": 1684869072,
                    "Size": {
                      "X": 82.0,
                      "Y": 82.0
                    },
                    "Name": "btn_closeview",
                    "ctype": "ButtonObjectData"
                  },
                  {
                    "IsCustomSize": true,
                    "FontSize": 20,
                    "LabelText": "{TXT_UI_DIALOG-CRUSADE-REWARD-VIEW_1}",
                    "FontResource": {
                      "Type": "Normal",
                      "Path": "font/ModeMinBStd.ttf",
                      "Plist": ""
                    },
                    "HorizontalAlignmentType": "HT_Center",
                    "VerticalAlignmentType": "VT_Center",
                    "OutlineColor": {
                      "G": 0,
                      "B": 0
                    },
                    "ShadowColor": {
                      "R": 110,
                      "G": 110,
                      "B": 110
                    },
                    "ShadowOffsetX": 2.0,
                    "ShadowOffsetY": -2.0,
                    "AnchorPoint": {
                      "ScaleX": 0.5,
                      "ScaleY": 0.5
                    },
                    "Position": {
                      "X": 282.0,
                      "Y": 187.0002
                    },
                    "Scale": {
                      "ScaleX": 1.0,
                      "ScaleY": 1.0
                    },
                    "CColor": {
                      "R": 227,
                      "G": 228,
                      "B": 89
                    },
                    "IconVisible": false,
                    "PositionPercentXEnabled": true,
                    "PrePosition": {
                      "X": 0.5,
                      "Y": 0.1989
                    },
                    "PreSize": {
                      "X": 0.8865,
                      "Y": 0.0585
                    },
                    "LeftMargin": 32.0,
                    "RightMargin": 32.0,
                    "TopMargin": 725.4998,
                    "BottomMargin": 159.5002,
                    "Tag": 287,
                    "ActionTag": -948838270,
                    "Size": {
                      "X": 500.0,
                      "Y": 55.0
                    },
                    "Name": "Text_16",
                    "ctype": "TextObjectData"
                  },
                  {
                    "FileData": {
                      "Type": "MarkedSubImage",
                      "Path": "common/common_name_bg.png",
                      "Plist": "common/common.plist"
                    },
                    "Scale9Enable": true,
                    "Scale9OriginX": 50,
                    "Scale9Width": 108,
                    "Scale9Height": 34,
                    "AnchorPoint": {
                      "ScaleX": 0.5,
                      "ScaleY": 0.5
                    },
                    "Position": {
                      "X": 282.0,
                      "Y": 138.9996
                    },
                    "Scale": {
                      "ScaleX": 1.0,
                      "ScaleY": 1.0
                    },
                    "CColor": {},
                    "IconVisible": false,
                    "PrePosition": {
                      "X": 0.5,
                      "Y": 0.1479
                    },
                    "PreSize": {
                      "X": 0.523,
                      "Y": 0.0319
                    },
                    "LeftMargin": 134.5,
                    "RightMargin": 134.5,
                    "TopMargin": 786.0004,
                    "BottomMargin": 123.9996,
                    "Tag": 285,
                    "Children": [
                      {
                        "IsCustomSize": true,
                        "FontSize": 20,
                        "LabelText": "",
                        "FontResource": {
                          "Type": "Normal",
                          "Path": "font/ModeMinBStd.ttf",
                          "Plist": ""
                        },
                        "HorizontalAlignmentType": "HT_Center",
                        "OutlineColor": {
                          "G": 0,
                          "B": 0
                        },
                        "ShadowColor": {
                          "R": 110,
                          "G": 110,
                          "B": 110
                        },
                        "ShadowOffsetX": 2.0,
                        "ShadowOffsetY": -2.0,
                        "AnchorPoint": {
                          "ScaleX": 0.5,
                          "ScaleY": 0.5
                        },
                        "Position": {
                          "X": 147.5,
                          "Y": 14.0
                        },
                        "Scale": {
                          "ScaleX": 1.0,
                          "ScaleY": 1.0
                        },
                        "CColor": {},
                        "IconVisible": false,
                        "PrePosition": {
                          "X": 0.5,
                          "Y": 0.4667
                        },
                        "PreSize": {
                          "X": 0.678,
                          "Y": 0.8
                        },
                        "LeftMargin": 47.5,
                        "RightMargin": 47.5,
                        "TopMargin": 4.0,
                        "BottomMargin": 2.0,
                        "Tag": 383,
                        "ActionTag": -1924825571,
                        "Size": {
                          "X": 200.0,
                          "Y": 24.0
                        },
                        "Name": "txt_reward_countdown",
                        "ctype": "TextObjectData"
                      }
                    ],
                    "ActionTag": 457555771,
                    "Size": {
                      "X": 295.0,
                      "Y": 30.0
                    },
                    "Name": "img_time_bg",
                    "ctype": "ImageViewObjectData"
                  }
                ],
                "ActionTag": 2011700303,
                "Size": {
                  "X": 564.0,
                  "Y": 940.0
                },
                "Name": "pnl_body",
                "ctype": "ImageViewObjectData"
              }
            ],
            "ActionTag": -1,
            "Size": {
              "X": 640.0,
              "Y": 1136.0
            },
            "Name": "Root",
            "ctype": "PanelObjectData"
          }
        ],
        "Size": {
          "X": 640.0,
          "Y": 1136.0
        },
        "Name": "UiEntity145648756",
        "ctype": "LayerObjectData"
      },
      "UsedResources": [
        "bmtfont.proj/crusade_1.fnt",
        "bmtfont.proj/crusade_1.png",
        "common/common.plist",
        "common/common.png",
        "crusade/crusadePlist.plist",
        "crusade/crusadePlist.png",
        "font/ModeMinBStd.ttf",
        "pic/battle_activity/battle_activity_atlas.plist",
        "pic/battle_activity/battle_activity_atlas.png",
        "pic/button/common_btn_atlas.plist",
        "pic/button/common_btn_atlas.png",
        "pic/icon/icon_atlas.plist",
        "pic/icon/icon_atlas.png"
      ],
      "ctype": "GameFileData"
    }
  },
  "Type": "Layer"
}