{
  "ID": "9be93238-8bb8-46ee-91d6-8ed82e6c6c4f",
  "Version": "3.10.0.0",
  "Name": "dialog-sandbeach-running-role-select",
  "Content": {
    "Content": {
      "Animation": {
        "Duration": 0,
        "Speed": 1.0,
        "Timelines": [],
        "ctype": "TimelineActionData"
      },
      "AnimationList": [],
      "ObjectData": {
        "Tag": 425,
        "Children": [
          {
            "ClipAble": false,
            "BackColorAlpha": 102,
            "SingleColor": {
              "R": 150,
              "G": 200
            },
            "FirstColor": {
              "R": 150,
              "G": 200
            },
            "EndColor": {},
            "ColorVector": {
              "ScaleY": 1.0
            },
            "Scale9Width": 1,
            "Scale9Height": 1,
            "TouchEnable": true,
            "AnchorPoint": {
              "ScaleY": 1.0
            },
            "Position": {
              "X": 745.0306,
              "Y": 637.98
            },
            "Scale": {
              "ScaleX": 1.0,
              "ScaleY": 1.0
            },
            "CColor": {},
            "IconVisible": false,
            "PrePosition": {
              "X": 1.1641,
              "Y": 0.5616
            },
            "PreSize": {
              "X": 0.2188,
              "Y": 0.1232
            },
            "LeftMargin": 745.0306,
            "RightMargin": -245.0306,
            "TopMargin": 498.02,
            "BottomMargin": 497.98,
            "Tag": 463,
            "Children": [
              {
                "FileData": {
                  "Type": "Default",
                  "Path": "Default/ImageFile.png",
                  "Plist": ""
                },
                "Scale9OriginX": 15,
                "Scale9OriginY": 15,
                "Scale9Width": 16,
                "Scale9Height": 16,
                "AnchorPoint": {
                  "ScaleX": 0.5
                },
                "Position": {
                  "X": 70.0,
                  "Y": 0.0
                },
                "Scale": {
                  "ScaleX": 1.0,
                  "ScaleY": 1.0
                },
                "CColor": {},
                "IconVisible": false,
                "PositionPercentXEnabled": true,
                "PositionPercentYEnabled": true,
                "PrePosition": {
                  "X": 0.5,
                  "Y": 0.0
                },
                "PercentWidthEnable": true,
                "PercentHeightEnable": true,
                "PercentWidthEnabled": true,
                "PercentHeightEnabled": true,
                "PreSize": {
                  "X": 1.0,
                  "Y": 1.0
                },
                "Tag": 464,
                "ActionTag": 108797652,
                "Size": {
                  "X": 140.0,
                  "Y": 140.0
                },
                "Name": "img_role",
                "ctype": "ImageViewObjectData"
              },
              {
                "FontSize": 14,
                "ButtonText": "",
                "TextColor": {
                  "R": 65,
                  "G": 65,
                  "B": 70
                },
                "Scale9Enable": true,
                "Scale9OriginX": -15,
                "Scale9OriginY": -4,
                "Scale9Width": 30,
                "Scale9Height": 8,
                "OutlineColor": {
                  "G": 0,
                  "B": 0
                },
                "ShadowColor": {
                  "R": 110,
                  "G": 110,
                  "B": 110
                },
                "ShadowOffsetX": 2.0,
                "ShadowOffsetY": -2.0,
                "TouchEnable": true,
                "AnchorPoint": {
                  "ScaleX": 0.5,
                  "ScaleY": 0.5
                },
                "Position": {
                  "X": 70.0,
                  "Y": 70.0
                },
                "Scale": {
                  "ScaleX": 1.0,
                  "ScaleY": 1.0
                },
                "CColor": {},
                "IconVisible": false,
                "PositionPercentXEnabled": true,
                "PositionPercentYEnabled": true,
                "PrePosition": {
                  "X": 0.5,
                  "Y": 0.5
                },
                "PreSize": {
                  "X": 1.0,
                  "Y": 1.0
                },
                "Tag": 522,
                "ActionTag": -1522009304,
                "Size": {
                  "X": 140.0,
                  "Y": 140.0
                },
                "Name": "btn_click",
                "ctype": "ButtonObjectData"
              }
            ],
            "ActionTag": -50105024,
            "Size": {
              "X": 140.0,
              "Y": 140.0
            },
            "Name": "RoleItem",
            "ctype": "PanelObjectData"
          },
          {
            "ClipAble": false,
            "BackColorAlpha": 191,
            "ComboBoxIndex": 1,
            "SingleColor": {
              "R": 0,
              "G": 0,
              "B": 0
            },
            "FirstColor": {
              "R": 150,
              "G": 200
            },
            "EndColor": {},
            "ColorVector": {
              "ScaleY": 1.0
            },
            "Scale9Width": 1,
            "Scale9Height": 1,
            "TouchEnable": true,
            "AnchorPoint": {
              "ScaleX": 0.5,
              "ScaleY": 0.5
            },
            "Position": {
              "X": 320.0,
              "Y": 568.0
            },
            "Scale": {
              "ScaleX": 1.0,
              "ScaleY": 1.0
            },
            "CColor": {},
            "IconVisible": false,
            "PositionPercentXEnabled": true,
            "PositionPercentYEnabled": true,
            "PrePosition": {
              "X": 0.5,
              "Y": 0.5
            },
            "PreSize": {
              "X": 1.0,
              "Y": 1.0
            },
            "Tag": 426,
            "Children": [
              {
                "ClipAble": false,
                "BackColorAlpha": 102,
                "SingleColor": {
                  "R": 150,
                  "G": 200
                },
                "FirstColor": {
                  "R": 150,
                  "G": 200
                },
                "EndColor": {},
                "ColorVector": {
                  "ScaleY": 1.0
                },
                "Scale9Width": 1,
                "Scale9Height": 1,
                "TouchEnable": true,
                "AnchorPoint": {},
                "Position": {
                  "X": 0.0,
                  "Y": 0.0
                },
                "Scale": {
                  "ScaleX": 1.0,
                  "ScaleY": 1.0
                },
                "CColor": {},
                "IconVisible": false,
                "PrePosition": {
                  "X": 0.0,
                  "Y": 0.0
                },
                "PreSize": {
                  "X": 1.0,
                  "Y": 1.0
                },
                "Tag": 318,
                "Children": [
                  {
                    "FileData": {
                      "Type": "Normal",
                      "Path": "sandbeach/img_sandbeach_select_bg.png",
                      "Plist": ""
                    },
                    "Scale9Enable": true,
                    "Scale9OriginX": 55,
                    "Scale9OriginY": 48,
                    "Scale9Width": 487,
                    "Scale9Height": 923,
                    "TouchEnable": true,
                    "AnchorPoint": {
                      "ScaleX": 0.5
                    },
                    "Position": {
                      "X": 299.52,
                      "Y": 71.2
                    },
                    "Scale": {
                      "ScaleX": 1.0,
                      "ScaleY": 1.0
                    },
                    "CColor": {},
                    "IconVisible": false,
                    "PositionPercentXEnabled": true,
                    "PrePosition": {
                      "X": 0.468,
                      "Y": 0.0627
                    },
                    "PreSize": {
                      "X": 0.9391,
                      "Y": 0.8988
                    },
                    "LeftMargin": -0.98,
                    "RightMargin": 39.98,
                    "TopMargin": 43.8,
                    "BottomMargin": 71.2,
                    "Tag": 427,
                    "Children": [
                      {
                        "IsCustomSize": true,
                        "FontSize": 20,
                        "LabelText": "",
                        "FontResource": {
                          "Type": "Normal",
                          "Path": "font/ModeMinBStd.ttf",
                          "Plist": ""
                        },
                        "HorizontalAlignmentType": "HT_Center",
                        "OutlineColor": {
                          "R": 43,
                          "G": 68,
                          "B": 110
                        },
                        "ShadowColor": {
                          "R": 0,
                          "G": 0,
                          "B": 0
                        },
                        "ShadowOffsetX": 1.0,
                        "ShadowOffsetY": -1.0,
                        "ShadowEnabled": true,
                        "AnchorPoint": {
                          "ScaleX": 0.5,
                          "ScaleY": 1.0
                        },
                        "Position": {
                          "X": 399.8718,
                          "Y": 700.9362
                        },
                        "Scale": {
                          "ScaleX": 1.0,
                          "ScaleY": 1.0
                        },
                        "CColor": {},
                        "IconVisible": false,
                        "PositionPercentXEnabled": true,
                        "PrePosition": {
                          "X": 0.6653,
                          "Y": 0.6865
                        },
                        "PreSize": {
                          "X": 0.5657,
                          "Y": 0.0245
                        },
                        "LeftMargin": 229.8718,
                        "RightMargin": 31.1282,
                        "TopMargin": 320.0638,
                        "BottomMargin": 675.9362,
                        "Tag": 584,
                        "ActionTag": 730439035,
                        "Size": {
                          "X": 340.0,
                          "Y": 25.0
                        },
                        "Name": "txt_time",
                        "ctype": "TextObjectData"
                      },
                      {
                        "ClipAble": false,
                        "BackColorAlpha": 102,
                        "FileData": {
                          "Type": "MarkedSubImage",
                          "Path": "sandbeach/img_sandbeach_select_back.png",
                          "Plist": "sandbeach/sandbeachPlist.plist"
                        },
                        "SingleColor": {
                          "R": 150,
                          "G": 200
                        },
                        "FirstColor": {
                          "R": 150,
                          "G": 200
                        },
                        "EndColor": {},
                        "ColorVector": {
                          "ScaleY": 1.0
                        },
                        "Scale9Enable": true,
                        "Scale9OriginX": 25,
                        "Scale9OriginY": 33,
                        "Scale9Width": 27,
                        "Scale9Height": 12,
                        "TouchEnable": true,
                        "AnchorPoint": {
                          "ScaleX": 0.5,
                          "ScaleY": 1.0
                        },
                        "Position": {
                          "X": 319.732,
                          "Y": 642.0421
                        },
                        "Scale": {
                          "ScaleX": 1.0,
                          "ScaleY": 1.0
                        },
                        "CColor": {},
                        "IconVisible": false,
                        "PositionPercentXEnabled": true,
                        "PrePosition": {
                          "X": 0.532,
                          "Y": 0.6288
                        },
                        "PreSize": {
                          "X": 0.8719,
                          "Y": 0.5093
                        },
                        "LeftMargin": 57.732,
                        "RightMargin": 19.268,
                        "TopMargin": 378.9579,
                        "BottomMargin": 122.0421,
                        "Tag": 3117,
                        "Children": [
                          {
                            "InnerNodeSize": {
                              "Width": 525,
                              "Height": 1000
                            },
                            "ScrollDirectionType": "Vertical",
                            "ClipAble": true,
                            "BackColorAlpha": 102,
                            "SingleColor": {
                              "G": 150,
                              "B": 100
                            },
                            "FirstColor": {
                              "G": 150,
                              "B": 100
                            },
                            "EndColor": {},
                            "ColorVector": {
                              "ScaleY": 1.0
                            },
                            "Scale9Width": 1,
                            "Scale9Height": 1,
                            "TouchEnable": true,
                            "AnchorPoint": {
                              "ScaleY": 1.0
                            },
                            "Position": {
                              "X": 0.0,
                              "Y": 520.0
                            },
                            "Scale": {
                              "ScaleX": 1.0,
                              "ScaleY": 1.0
                            },
                            "CColor": {},
                            "IconVisible": false,
                            "PositionPercentXEnabled": true,
                            "PositionPercentYEnabled": true,
                            "PrePosition": {
                              "X": 0.0,
                              "Y": 1.0
                            },
                            "PercentWidthEnable": true,
                            "PercentWidthEnabled": true,
                            "PreSize": {
                              "X": 1.0,
                              "Y": 0.9885
                            },
                            "BottomMargin": 6.0,
                            "Tag": 711,
                            "ActionTag": -806976938,
                            "Size": {
                              "X": 524.0,
                              "Y": 514.0
                            },
                            "Name": "item_list",
                            "ctype": "ScrollViewObjectData"
                          }
                        ],
                        "ActionTag": 597961735,
                        "Size": {
                          "X": 524.0,
                          "Y": 520.0
                        },
                        "Name": "pnl_content",
                        "ctype": "PanelObjectData"
                      },
                      {
                        "FileData": {
                          "Type": "MarkedSubImage",
                          "Path": "sandbeach/img_sandbeach_flower.png",
                          "Plist": "sandbeach/sandbeachPlist.plist"
                        },
                        "Scale9OriginX": 211,
                        "Scale9OriginY": 43,
                        "Scale9Width": 218,
                        "Scale9Height": 45,
                        "AnchorPoint": {
                          "ScaleX": 0.5,
                          "ScaleY": 0.5
                        },
                        "Position": {
                          "X": 324.4799,
                          "Y": 26.0005
                        },
                        "Scale": {
                          "ScaleX": 1.0,
                          "ScaleY": 1.0
                        },
                        "CColor": {},
                        "IconVisible": false,
                        "PositionPercentXEnabled": true,
                        "PrePosition": {
                          "X": 0.5399,
                          "Y": 0.0255
                        },
                        "PreSize": {
                          "X": 1.0649,
                          "Y": 0.1283
                        },
                        "LeftMargin": 4.4799,
                        "RightMargin": -43.4799,
                        "TopMargin": 929.4995,
                        "BottomMargin": -39.4995,
                        "Tag": 583,
                        "ActionTag": -1351154005,
                        "Size": {
                          "X": 640.0,
                          "Y": 131.0
                        },
                        "Name": "img",
                        "ctype": "ImageViewObjectData"
                      },
                      {
                        "IsCustomSize": true,
                        "FontSize": 20,
                        "LabelText": "{TXT_UI_DIALOG-SANDBEACH-RUNNING-ROLE-SELECT_0}",
                        "FontResource": {
                          "Type": "Normal",
                          "Path": "font/ModeMinBStd.ttf",
                          "Plist": ""
                        },
                        "HorizontalAlignmentType": "HT_Center",
                        "OutlineColor": {
                          "R": 43,
                          "G": 68,
                          "B": 110
                        },
                        "OutlineEnabled": true,
                        "ShadowColor": {
                          "R": 110,
                          "G": 110,
                          "B": 110
                        },
                        "ShadowOffsetX": 2.0,
                        "ShadowOffsetY": -2.0,
                        "AnchorPoint": {
                          "ScaleX": 0.5,
                          "ScaleY": 1.0
                        },
                        "Position": {
                          "X": 284.874,
                          "Y": -109.7656
                        },
                        "Scale": {
                          "ScaleX": 1.0,
                          "ScaleY": 1.0
                        },
                        "CColor": {},
                        "IconVisible": false,
                        "PositionPercentXEnabled": true,
                        "PrePosition": {
                          "X": 0.474,
                          "Y": -0.1075
                        },
                        "PercentWidthEnable": true,
                        "PercentWidthEnabled": true,
                        "PreSize": {
                          "X": 1.0,
                          "Y": 0.0529
                        },
                        "LeftMargin": -15.626,
                        "RightMargin": 15.626,
                        "TopMargin": 1130.7656,
                        "BottomMargin": -163.7656,
                        "Tag": 283,
                        "ActionTag": -43095066,
                        "Size": {
                          "X": 601.0,
                          "Y": 54.0
                        },
                        "Name": "txt_game_tip",
                        "ctype": "TextObjectData"
                      },
                      {
                        "FontSize": 25,
                        "ButtonText": "",
                        "TextColor": {},
                        "NormalFileData": {
                          "Type": "MarkedSubImage",
                          "Path": "pic/button/button_close.png",
                          "Plist": "pic/button/common_btn_atlas.plist"
                        },
                        "Scale9OriginX": 22,
                        "Scale9OriginY": 29,
                        "Scale9Width": 38,
                        "Scale9Height": 24,
                        "OutlineColor": {
                          "R": 0,
                          "G": 0,
                          "B": 0
                        },
                        "ShadowColor": {
                          "R": 0,
                          "G": 0,
                          "B": 0
                        },
                        "ShadowOffsetX": 2.0,
                        "ShadowOffsetY": -2.0,
                        "TouchEnable": true,
                        "AnchorPoint": {
                          "ScaleX": 0.5,
                          "ScaleY": 0.5
                        },
                        "Position": {
                          "X": 598.4157,
                          "Y": 932.0115
                        },
                        "Scale": {
                          "ScaleX": 1.0,
                          "ScaleY": 1.0
                        },
                        "CColor": {},
                        "IconVisible": false,
                        "PositionPercentXEnabled": true,
                        "PositionPercentYEnabled": true,
                        "PrePosition": {
                          "X": 0.9957,
                          "Y": 0.9128
                        },
                        "PreSize": {
                          "X": 0.1364,
                          "Y": 0.0803
                        },
                        "LeftMargin": 557.4157,
                        "RightMargin": -38.4157,
                        "TopMargin": 47.9885,
                        "BottomMargin": 891.0115,
                        "Tag": 220,
                        "ActionTag": -1485463768,
                        "Size": {
                          "X": 82.0,
                          "Y": 82.0
                        },
                        "Name": "btn_close",
                        "ctype": "ButtonObjectData"
                      }
                    ],
                    "ActionTag": -250976753,
                    "Size": {
                      "X": 601.0,
                      "Y": 1021.0
                    },
                    "Name": "img_bg",
                    "ctype": "ImageViewObjectData"
                  },
                  {
                    "FontSize": 25,
                    "ButtonText": "",
                    "TextColor": {},
                    "NormalFileData": {
                      "Type": "MarkedSubImage",
                      "Path": "common/common_newbtn2.png",
                      "Plist": "common/common.plist"
                    },
                    "Scale9OriginX": 75,
                    "Scale9OriginY": 29,
                    "Scale9Width": 78,
                    "Scale9Height": 25,
                    "OutlineColor": {
                      "R": 0,
                      "G": 0,
                      "B": 0
                    },
                    "ShadowColor": {
                      "R": 0,
                      "G": 0,
                      "B": 0
                    },
                    "ShadowOffsetX": 2.0,
                    "ShadowOffsetY": -2.0,
                    "TouchEnable": true,
                    "AnchorPoint": {
                      "ScaleX": 0.5
                    },
                    "Position": {
                      "X": 320.0,
                      "Y": 105.1818
                    },
                    "Scale": {
                      "ScaleX": 1.0,
                      "ScaleY": 1.0
                    },
                    "CColor": {},
                    "IconVisible": false,
                    "PositionPercentXEnabled": true,
                    "PrePosition": {
                      "X": 0.5,
                      "Y": 0.0926
                    },
                    "PreSize": {
                      "X": 0.3562,
                      "Y": 0.0731
                    },
                    "LeftMargin": 206.0,
                    "RightMargin": 206.0,
                    "TopMargin": 947.8182,
                    "BottomMargin": 105.1818,
                    "Tag": 585,
                    "Children": [
                      {
                        "IsCustomSize": true,
                        "FontSize": 26,
                        "LabelText": "{TXT_UI_DIALOG-SANDBEACH-RUNNING-ROLE-SELECT_1}",
                        "FontResource": {
                          "Type": "Normal",
                          "Path": "font/ModeMinBStd.ttf",
                          "Plist": ""
                        },
                        "HorizontalAlignmentType": "HT_Center",
                        "OutlineSize": 2,
                        "OutlineColor": {
                          "R": 76,
                          "G": 83,
                          "B": 98
                        },
                        "OutlineEnabled": true,
                        "ShadowColor": {
                          "R": 110,
                          "G": 110,
                          "B": 110
                        },
                        "ShadowOffsetX": 2.0,
                        "ShadowOffsetY": -2.0,
                        "AnchorPoint": {
                          "ScaleX": 0.5,
                          "ScaleY": 0.5
                        },
                        "Position": {
                          "X": 114.0,
                          "Y": 45.91
                        },
                        "Scale": {
                          "ScaleX": 1.0,
                          "ScaleY": 1.0
                        },
                        "CColor": {},
                        "IconVisible": false,
                        "PositionPercentXEnabled": true,
                        "PrePosition": {
                          "X": 0.5,
                          "Y": 0.5531
                        },
                        "PreSize": {
                          "X": 0.7237,
                          "Y": 0.3614
                        },
                        "LeftMargin": 31.5,
                        "RightMargin": 31.5,
                        "TopMargin": 22.09,
                        "BottomMargin": 30.91,
                        "Tag": 586,
                        "ActionTag": -1182244601,
                        "Size": {
                          "X": 165.0,
                          "Y": 30.0
                        },
                        "Name": "txt_btn_desc",
                        "ctype": "TextObjectData"
                      }
                    ],
                    "ActionTag": -1796928271,
                    "Size": {
                      "X": 228.0,
                      "Y": 83.0
                    },
                    "Name": "btn_cancle",
                    "ctype": "ButtonObjectData"
                  }
                ],
                "ActionTag": 831197552,
                "Size": {
                  "X": 640.0,
                  "Y": 1136.0
                },
                "Name": "pnl_body",
                "ctype": "PanelObjectData"
              }
            ],
            "ActionTag": 1366335466,
            "Size": {
              "X": 640.0,
              "Y": 1136.0
            },
            "Name": "Root",
            "ctype": "PanelObjectData"
          }
        ],
        "Size": {
          "X": 640.0,
          "Y": 1136.0
        },
        "Name": "Layer",
        "ctype": "LayerObjectData"
      },
      "UsedResources": [
        "common/common.plist",
        "common/common.png",
        "Default/ImageFile.png",
        "font/ModeMinBStd.ttf",
        "pic/button/common_btn_atlas.plist",
        "pic/button/common_btn_atlas.png",
        "sandbeach/img_sandbeach_select_bg.png",
        "sandbeach/sandbeachPlist.plist",
        "sandbeach/sandbeachPlist.png"
      ],
      "ctype": "GameFileData"
    }
  },
  "Type": "Layer"
}