{
  "ID": "e70cd0bb-2713-4a4b-b3e9-7f0bf48ae16c",
  "Version": "3.10.0.0",
  "Name": "push-activity-list",
  "Content": {
    "Content": {
      "Animation": {
        "Duration": 0,
        "Speed": 1.0,
        "Timelines": [],
        "ctype": "TimelineActionData"
      },
      "AnimationList": [],
      "ObjectData": {
        "Tag": 82,
        "Children": [
          {
            "ClipAble": false,
            "BackColorAlpha": 102,
            "SingleColor": {
              "R": 150,
              "G": 200
            },
            "FirstColor": {
              "R": 150,
              "G": 200
            },
            "EndColor": {},
            "ColorVector": {
              "ScaleY": 1.0
            },
            "Scale9Width": 1,
            "Scale9Height": 1,
            "TouchEnable": true,
            "AnchorPoint": {
              "ScaleX": 0.5,
              "ScaleY": 0.5
            },
            "Position": {
              "X": -237.8755,
              "Y": 542.6483
            },
            "Scale": {
              "ScaleX": 1.0,
              "ScaleY": 1.0
            },
            "CColor": {},
            "IconVisible": false,
            "PrePosition": {
              "X": -0.3717,
              "Y": 0.4777
            },
            "PreSize": {
              "X": 0.1562,
              "Y": 0.088
            },
            "LeftMargin": -287.8755,
            "RightMargin": 827.8755,
            "TopMargin": 543.3517,
            "BottomMargin": 492.6483,
            "Tag": 166,
            "Children": [
              {
                "FileData": {
                  "Type": "MarkedSubImage",
                  "Path": "common/icon_bag_0.png",
                  "Plist": "common/common.plist"
                },
                "Scale9OriginX": 35,
                "Scale9OriginY": 35,
                "Scale9Width": 31,
                "Scale9Height": 31,
                "AnchorPoint": {
                  "ScaleX": 0.5,
                  "ScaleY": 0.5
                },
                "Position": {
                  "X": 50.0,
                  "Y": 50.0
                },
                "Scale": {
                  "ScaleX": 1.0,
                  "ScaleY": 1.0
                },
                "CColor": {},
                "IconVisible": false,
                "PositionPercentXEnabled": true,
                "PositionPercentYEnabled": true,
                "PrePosition": {
                  "X": 0.5,
                  "Y": 0.5
                },
                "PreSize": {
                  "X": 1.0,
                  "Y": 1.0
                },
                "Tag": 167,
                "Children": [
                  {
                    "FileData": {
                      "Type": "Default",
                      "Path": "Default/ImageFile.png",
                      "Plist": ""
                    },
                    "Scale9OriginX": 19,
                    "Scale9OriginY": 19,
                    "Scale9Width": 8,
                    "Scale9Height": 8,
                    "AnchorPoint": {
                      "ScaleX": 0.5,
                      "ScaleY": 0.5
                    },
                    "Position": {
                      "X": 50.0,
                      "Y": 50.0
                    },
                    "Scale": {
                      "ScaleX": 1.0,
                      "ScaleY": 1.0
                    },
                    "CColor": {},
                    "IconVisible": false,
                    "PositionPercentXEnabled": true,
                    "PositionPercentYEnabled": true,
                    "PrePosition": {
                      "X": 0.5,
                      "Y": 0.5
                    },
                    "PreSize": {
                      "X": 0.85,
                      "Y": 0.85
                    },
                    "LeftMargin": 7.5,
                    "RightMargin": 7.5,
                    "TopMargin": 7.5,
                    "BottomMargin": 7.5,
                    "Tag": 168,
                    "ActionTag": -1362018732,
                    "Size": {
                      "X": 85.0,
                      "Y": 85.0
                    },
                    "Name": "img_item",
                    "ctype": "ImageViewObjectData"
                  }
                ],
                "ActionTag": 2047676143,
                "Size": {
                  "X": 100.0,
                  "Y": 100.0
                },
                "Name": "img_box_bg",
                "ctype": "ImageViewObjectData"
              },
              {
                "ClipAble": true,
                "BackColorAlpha": 102,
                "SingleColor": {
                  "R": 150,
                  "G": 200
                },
                "FirstColor": {
                  "R": 150,
                  "G": 200
                },
                "EndColor": {},
                "ColorVector": {
                  "ScaleY": 1.0
                },
                "Scale9Width": 1,
                "Scale9Height": 1,
                "AnchorPoint": {
                  "ScaleX": 0.5,
                  "ScaleY": 0.5
                },
                "Position": {
                  "X": 50.0,
                  "Y": 50.0
                },
                "Scale": {
                  "ScaleX": 1.0,
                  "ScaleY": 1.0
                },
                "CColor": {},
                "IconVisible": false,
                "PositionPercentXEnabled": true,
                "PositionPercentYEnabled": true,
                "PrePosition": {
                  "X": 0.5,
                  "Y": 0.5
                },
                "PreSize": {
                  "X": 1.0,
                  "Y": 1.0
                },
                "Tag": 185,
                "Children": [
                  {
                    "FileData": {
                      "Type": "MarkedSubImage",
                      "Path": "pic/offline_report/img_8.png",
                      "Plist": "pic/offline_report/offine_report.plist"
                    },
                    "Scale9OriginX": 78,
                    "Scale9OriginY": 78,
                    "Scale9Width": 81,
                    "Scale9Height": 83,
                    "AnchorPoint": {
                      "ScaleX": 0.5,
                      "ScaleY": 0.5
                    },
                    "Position": {
                      "X": -22.0002,
                      "Y": 91.9971
                    },
                    "Scale": {
                      "ScaleX": 0.4,
                      "ScaleY": 1.5
                    },
                    "RotationSkewX": 25.0,
                    "RotationSkewY": 25.0,
                    "CColor": {},
                    "IconVisible": false,
                    "PrePosition": {
                      "X": -0.22,
                      "Y": 0.92
                    },
                    "PreSize": {
                      "X": 1.1,
                      "Y": 1.1
                    },
                    "LeftMargin": -77.0002,
                    "RightMargin": 67.0002,
                    "TopMargin": -46.9971,
                    "BottomMargin": 36.9971,
                    "Tag": 186,
                    "ActionTag": 1112570623,
                    "Size": {
                      "X": 110.0,
                      "Y": 110.0
                    },
                    "Name": "img_blink",
                    "ctype": "ImageViewObjectData"
                  }
                ],
                "ActionTag": 1082027042,
                "Size": {
                  "X": 100.0,
                  "Y": 100.0
                },
                "Name": "panel_blink",
                "ctype": "PanelObjectData"
              },
              {
                "IsCustomSize": true,
                "FontSize": 18,
                "LabelText": "x88",
                "FontResource": {
                  "Type": "Normal",
                  "Path": "font/ModeMinBStd.ttf",
                  "Plist": ""
                },
                "HorizontalAlignmentType": "HT_Right",
                "OutlineSize": 2,
                "OutlineColor": {
                  "R": 103,
                  "G": 56,
                  "B": 31
                },
                "OutlineEnabled": true,
                "ShadowColor": {
                  "R": 110,
                  "G": 110,
                  "B": 110
                },
                "ShadowOffsetX": 2.0,
                "ShadowOffsetY": -2.0,
                "AnchorPoint": {
                  "ScaleX": 1.0,
                  "ScaleY": 0.5
                },
                "Position": {
                  "X": 93.9592,
                  "Y": 16.4038
                },
                "Scale": {
                  "ScaleX": 1.0,
                  "ScaleY": 1.0
                },
                "CColor": {},
                "IconVisible": false,
                "PrePosition": {
                  "X": 0.9396,
                  "Y": 0.164
                },
                "PreSize": {
                  "X": 1.0,
                  "Y": 0.22
                },
                "LeftMargin": -6.0408,
                "RightMargin": 6.0408,
                "TopMargin": 72.5962,
                "BottomMargin": 5.4038,
                "Tag": 169,
                "ActionTag": 1798729477,
                "Size": {
                  "X": 100.0,
                  "Y": 22.0
                },
                "Name": "txt_count",
                "ctype": "TextObjectData"
              },
              {
                "FileData": {
                  "Type": "MarkedSubImage",
                  "Path": "common/common_sale.png",
                  "Plist": "common/common.plist"
                },
                "Scale9OriginX": 10,
                "Scale9OriginY": 10,
                "Scale9Width": 67,
                "Scale9Height": 27,
                "AnchorPoint": {
                  "ScaleX": 0.5,
                  "ScaleY": 0.5
                },
                "Position": {
                  "X": 70.9193,
                  "Y": 89.3737
                },
                "Scale": {
                  "ScaleX": 0.8,
                  "ScaleY": 0.8
                },
                "CColor": {},
                "IconVisible": false,
                "PrePosition": {
                  "X": 0.7092,
                  "Y": 0.8937
                },
                "PreSize": {
                  "X": 0.87,
                  "Y": 0.47
                },
                "LeftMargin": 27.4193,
                "RightMargin": -14.4193,
                "TopMargin": -12.8737,
                "BottomMargin": 65.8737,
                "Tag": 99,
                "ActionTag": 975936694,
                "Size": {
                  "X": 87.0,
                  "Y": 47.0
                },
                "VisibleForFrame": false,
                "Name": "img_gem_sale",
                "ctype": "ImageViewObjectData"
              }
            ],
            "ActionTag": 2106702233,
            "Size": {
              "X": 100.0,
              "Y": 100.0
            },
            "Name": "ItemFirstPayReward",
            "ctype": "PanelObjectData"
          },
          {
            "ClipAble": false,
            "BackColorAlpha": 191,
            "ComboBoxIndex": 1,
            "SingleColor": {
              "R": 0,
              "G": 0,
              "B": 0
            },
            "FirstColor": {
              "R": 150,
              "G": 200
            },
            "EndColor": {},
            "ColorVector": {
              "ScaleY": 1.0
            },
            "Scale9Width": 1,
            "Scale9Height": 1,
            "TouchEnable": true,
            "AnchorPoint": {},
            "Position": {
              "X": 0.0,
              "Y": 0.0
            },
            "Scale": {
              "ScaleX": 1.0,
              "ScaleY": 1.0
            },
            "CColor": {},
            "IconVisible": false,
            "PrePosition": {
              "X": 0.0,
              "Y": 0.0
            },
            "PreSize": {
              "X": 1.0,
              "Y": 1.0
            },
            "Tag": 99,
            "Children": [
              {
                "ClipAble": false,
                "BackColorAlpha": 102,
                "SingleColor": {
                  "R": 150,
                  "G": 200
                },
                "FirstColor": {
                  "R": 150,
                  "G": 200
                },
                "EndColor": {},
                "ColorVector": {
                  "ScaleY": 1.0
                },
                "Scale9Width": 1,
                "Scale9Height": 1,
                "AnchorPoint": {
                  "ScaleX": 0.5,
                  "ScaleY": 0.5
                },
                "Position": {
                  "X": 320.0,
                  "Y": 568.0
                },
                "Scale": {
                  "ScaleX": 1.0,
                  "ScaleY": 1.0
                },
                "CColor": {},
                "IconVisible": false,
                "PositionPercentYEnabled": true,
                "PrePosition": {
                  "X": 0.5,
                  "Y": 0.5
                },
                "PreSize": {
                  "X": 1.0,
                  "Y": 0.7042
                },
                "TopMargin": 168.0,
                "BottomMargin": 168.0,
                "Tag": 102,
                "Children": [
                  {
                    "FileData": {
                      "Type": "MarkedSubImage",
                      "Path": "pic/icon/icon_popup_bg.png",
                      "Plist": "pic/icon/icon_atlas.plist"
                    },
                    "Scale9Enable": true,
                    "Scale9OriginX": 62,
                    "Scale9OriginY": 46,
                    "Scale9Width": 15,
                    "Scale9Height": 20,
                    "AnchorPoint": {
                      "ScaleX": 0.5,
                      "ScaleY": 1.0
                    },
                    "Position": {
                      "X": 319.9816,
                      "Y": 783.04
                    },
                    "Scale": {
                      "ScaleX": 1.0,
                      "ScaleY": 1.0
                    },
                    "CColor": {},
                    "IconVisible": false,
                    "PrePosition": {
                      "X": 0.5,
                      "Y": 0.9788
                    },
                    "PreSize": {
                      "X": 0.8766,
                      "Y": 0.9937
                    },
                    "LeftMargin": 39.4816,
                    "RightMargin": 39.5184,
                    "TopMargin": 16.96,
                    "BottomMargin": -11.96,
                    "Tag": 103,
                    "ActionTag": -430555373,
                    "Size": {
                      "X": 561.0,
                      "Y": 795.0
                    },
                    "Name": "img_bg",
                    "ctype": "ImageViewObjectData"
                  },
                  {
                    "FileData": {
                      "Type": "MarkedSubImage",
                      "Path": "pic/icon/icon_bg.png",
                      "Plist": "pic/icon/icon_atlas.plist"
                    },
                    "Scale9Enable": true,
                    "Scale9OriginX": 42,
                    "Scale9OriginY": 24,
                    "Scale9Width": 231,
                    "Scale9Height": 25,
                    "AnchorPoint": {
                      "ScaleX": 0.5,
                      "ScaleY": 0.5
                    },
                    "Position": {
                      "X": 320.0,
                      "Y": 770.885
                    },
                    "Scale": {
                      "ScaleX": 1.0,
                      "ScaleY": 1.0
                    },
                    "CColor": {},
                    "IconVisible": false,
                    "PrePosition": {
                      "X": 0.5,
                      "Y": 0.9636
                    },
                    "PreSize": {
                      "X": 0.5703,
                      "Y": 0.0913
                    },
                    "LeftMargin": 137.5,
                    "RightMargin": 137.5,
                    "TopMargin": -7.385,
                    "BottomMargin": 734.385,
                    "Tag": 104,
                    "Children": [
                      {
                        "IsCustomSize": true,
                        "FontSize": 27,
                        "LabelText": "",
                        "FontResource": {
                          "Type": "Normal",
                          "Path": "font/ModeMinBStd.ttf",
                          "Plist": ""
                        },
                        "HorizontalAlignmentType": "HT_Center",
                        "OutlineColor": {
                          "G": 0,
                          "B": 0
                        },
                        "ShadowColor": {
                          "R": 29,
                          "G": 16,
                          "B": 1
                        },
                        "ShadowOffsetX": 3.0,
                        "ShadowOffsetY": -3.0,
                        "ShadowEnabled": true,
                        "AnchorPoint": {
                          "ScaleX": 0.5,
                          "ScaleY": 0.5
                        },
                        "Position": {
                          "X": 182.5,
                          "Y": 40.8066
                        },
                        "Scale": {
                          "ScaleX": 1.0,
                          "ScaleY": 1.0
                        },
                        "CColor": {},
                        "IconVisible": false,
                        "PositionPercentXEnabled": true,
                        "PrePosition": {
                          "X": 0.5,
                          "Y": 0.559
                        },
                        "PreSize": {
                          "X": 1.0,
                          "Y": 0.411
                        },
                        "TopMargin": 17.1934,
                        "BottomMargin": 25.8066,
                        "Tag": 105,
                        "ActionTag": -781018445,
                        "Size": {
                          "X": 365.0,
                          "Y": 30.0
                        },
                        "Name": "txt_title",
                        "ctype": "TextObjectData"
                      }
                    ],
                    "ActionTag": 2012716833,
                    "Size": {
                      "X": 365.0,
                      "Y": 73.0
                    },
                    "Name": "Image_7",
                    "ctype": "ImageViewObjectData"
                  },
                  {
                    "ScrollDirectionType": 0,
                    "ClipAble": true,
                    "SingleColor": {
                      "R": 150,
                      "G": 150,
                      "B": 100
                    },
                    "FirstColor": {
                      "R": 150,
                      "G": 150,
                      "B": 100
                    },
                    "EndColor": {},
                    "ColorVector": {
                      "ScaleY": 1.0
                    },
                    "Scale9Width": 1,
                    "Scale9Height": 1,
                    "TouchEnable": true,
                    "AnchorPoint": {
                      "ScaleX": 0.5
                    },
                    "Position": {
                      "X": 321.024,
                      "Y": 143.2294
                    },
                    "Scale": {
                      "ScaleX": 1.0,
                      "ScaleY": 1.0
                    },
                    "CColor": {},
                    "IconVisible": false,
                    "PositionPercentXEnabled": true,
                    "PrePosition": {
                      "X": 0.5016,
                      "Y": 0.179
                    },
                    "PreSize": {
                      "X": 0.7547,
                      "Y": 0.7675
                    },
                    "LeftMargin": 79.524,
                    "RightMargin": 77.476,
                    "TopMargin": 42.7706,
                    "BottomMargin": 143.2294,
                    "Tag": 284,
                    "ActionTag": -598822124,
                    "Size": {
                      "X": 483.0,
                      "Y": 614.0
                    },
                    "Name": "pageviw_contrainer",
                    "ctype": "PageViewObjectData"
                  },
                  {
                    "FontSize": 14,
                    "ButtonText": "",
                    "TextColor": {},
                    "NormalFileData": {
                      "Type": "MarkedSubImage",
                      "Path": "pic/button/button_close.png",
                      "Plist": "pic/button/common_btn_atlas.plist"
                    },
                    "Scale9OriginX": 22,
                    "Scale9OriginY": 22,
                    "Scale9Width": 38,
                    "Scale9Height": 38,
                    "OutlineColor": {
                      "R": 0,
                      "G": 0,
                      "B": 0
                    },
                    "ShadowColor": {
                      "R": 0,
                      "G": 0,
                      "B": 0
                    },
                    "ShadowOffsetX": 2.0,
                    "ShadowOffsetY": -2.0,
                    "TouchEnable": true,
                    "AnchorPoint": {
                      "ScaleX": 0.5,
                      "ScaleY": 0.5
                    },
                    "Position": {
                      "X": 577.54,
                      "Y": 768.1566
                    },
                    "Scale": {
                      "ScaleX": 1.0,
                      "ScaleY": 1.0
                    },
                    "CColor": {},
                    "IconVisible": false,
                    "PrePosition": {
                      "X": 0.9024,
                      "Y": 0.9602
                    },
                    "PreSize": {
                      "X": 0.1063,
                      "Y": 0.085
                    },
                    "LeftMargin": 543.54,
                    "RightMargin": 28.46,
                    "TopMargin": -2.1566,
                    "BottomMargin": 734.1566,
                    "Tag": 791,
                    "ActionTag": 184031876,
                    "Size": {
                      "X": 68.0,
                      "Y": 68.0
                    },
                    "Name": "btn_close",
                    "ctype": "ButtonObjectData"
                  },
                  {
                    "ItemMargin": 10,
                    "VerticalType": "Align_VerticalCenter",
                    "ScrollDirectionType": 0,
                    "ClipAble": true,
                    "BackColorAlpha": 102,
                    "SingleColor": {
                      "R": 150,
                      "G": 150
                    },
                    "FirstColor": {
                      "R": 150,
                      "G": 150
                    },
                    "EndColor": {},
                    "ColorVector": {
                      "ScaleY": 1.0
                    },
                    "Scale9Width": 1,
                    "Scale9Height": 1,
                    "AnchorPoint": {
                      "ScaleX": 0.5
                    },
                    "Position": {
                      "X": 322.816,
                      "Y": 99.605
                    },
                    "Scale": {
                      "ScaleX": 1.0,
                      "ScaleY": 1.0
                    },
                    "CColor": {},
                    "IconVisible": false,
                    "PositionPercentXEnabled": true,
                    "PrePosition": {
                      "X": 0.5044,
                      "Y": 0.1245
                    },
                    "PreSize": {
                      "X": 0.625,
                      "Y": 0.0375
                    },
                    "LeftMargin": 122.816,
                    "RightMargin": 117.184,
                    "TopMargin": 670.395,
                    "BottomMargin": 99.605,
                    "Tag": 122,
                    "ActionTag": 614191633,
                    "Size": {
                      "X": 400.0,
                      "Y": 30.0
                    },
                    "Name": "list_dots",
                    "ctype": "ListViewObjectData"
                  },
                  {
                    "FontSize": 24,
                    "ButtonText": "",
                    "TextColor": {
                      "R": 65,
                      "G": 65,
                      "B": 70
                    },
                    "DisabledFileData": {
                      "Type": "MarkedSubImage",
                      "Path": "common_ui/seven_party_20.png",
                      "Plist": "common_ui/common_slider_atlas.plist"
                    },
                    "PressedFileData": {
                      "Type": "MarkedSubImage",
                      "Path": "common_ui/seven_party_20.png",
                      "Plist": "common_ui/common_slider_atlas.plist"
                    },
                    "NormalFileData": {
                      "Type": "MarkedSubImage",
                      "Path": "common_ui/seven_party_20.png",
                      "Plist": "common_ui/common_slider_atlas.plist"
                    },
                    "Scale9Enable": true,
                    "Scale9OriginX": 15,
                    "Scale9OriginY": 11,
                    "Scale9Width": 118,
                    "Scale9Height": 49,
                    "OutlineColor": {
                      "G": 0,
                      "B": 0
                    },
                    "ShadowColor": {
                      "R": 110,
                      "G": 110,
                      "B": 110
                    },
                    "ShadowOffsetX": 2.0,
                    "ShadowOffsetY": -2.0,
                    "TouchEnable": true,
                    "AnchorPoint": {
                      "ScaleX": 0.5,
                      "ScaleY": 0.5
                    },
                    "Position": {
                      "X": 469.6993,
                      "Y": 64.4867
                    },
                    "Scale": {
                      "ScaleX": 1.0,
                      "ScaleY": 1.0
                    },
                    "CColor": {},
                    "IconVisible": false,
                    "PrePosition": {
                      "X": 0.7339,
                      "Y": 0.0806
                    },
                    "PreSize": {
                      "X": 0.2313,
                      "Y": 0.0887
                    },
                    "LeftMargin": 395.6993,
                    "RightMargin": 96.3007,
                    "TopMargin": 700.0133,
                    "BottomMargin": 28.9867,
                    "Tag": 114,
                    "Children": [
                      {
                        "IsCustomSize": true,
                        "FontSize": 22,
                        "LabelText": "{TXT_UI_DIALOG-DAMAGE-STATISTICS_10}",
                        "FontResource": {
                          "Type": "Normal",
                          "Path": "font/ModeMinBStd.ttf",
                          "Plist": ""
                        },
                        "HorizontalAlignmentType": "HT_Center",
                        "OutlineSize": 2,
                        "OutlineColor": {
                          "R": 137,
                          "G": 9,
                          "B": 25
                        },
                        "OutlineEnabled": true,
                        "ShadowColor": {
                          "R": 110,
                          "G": 110,
                          "B": 110
                        },
                        "ShadowOffsetX": 2.0,
                        "ShadowOffsetY": -2.0,
                        "AnchorPoint": {
                          "ScaleX": 0.5,
                          "ScaleY": 0.5
                        },
                        "Position": {
                          "X": 74.1795,
                          "Y": 35.47
                        },
                        "Scale": {
                          "ScaleX": 1.0,
                          "ScaleY": 1.0
                        },
                        "CColor": {},
                        "IconVisible": false,
                        "PrePosition": {
                          "X": 0.5012,
                          "Y": 0.4996
                        },
                        "PreSize": {
                          "X": 1.1149,
                          "Y": 0.493
                        },
                        "LeftMargin": -8.3205,
                        "RightMargin": -8.6795,
                        "TopMargin": 18.03,
                        "BottomMargin": 17.97,
                        "Tag": 221,
                        "ActionTag": -699490684,
                        "Size": {
                          "X": 165.0,
                          "Y": 35.0
                        },
                        "Name": "txt",
                        "ctype": "TextObjectData"
                      }
                    ],
                    "ActionTag": 723351138,
                    "Size": {
                      "X": 148.0,
                      "Y": 71.0
                    },
                    "Name": "btn_next",
                    "ctype": "ButtonObjectData"
                  },
                  {
                    "FontSize": 24,
                    "ButtonText": "",
                    "TextColor": {
                      "R": 65,
                      "G": 65,
                      "B": 70
                    },
                    "DisabledFileData": {
                      "Type": "MarkedSubImage",
                      "Path": "common_ui/seven_party_21.png",
                      "Plist": "common_ui/common_slider_atlas.plist"
                    },
                    "PressedFileData": {
                      "Type": "MarkedSubImage",
                      "Path": "common_ui/seven_party_21.png",
                      "Plist": "common_ui/common_slider_atlas.plist"
                    },
                    "NormalFileData": {
                      "Type": "MarkedSubImage",
                      "Path": "common_ui/seven_party_21.png",
                      "Plist": "common_ui/common_slider_atlas.plist"
                    },
                    "Scale9Enable": true,
                    "Scale9OriginX": 15,
                    "Scale9OriginY": 11,
                    "Scale9Width": 118,
                    "Scale9Height": 49,
                    "OutlineColor": {
                      "G": 0,
                      "B": 0
                    },
                    "ShadowColor": {
                      "R": 110,
                      "G": 110,
                      "B": 110
                    },
                    "ShadowOffsetX": 2.0,
                    "ShadowOffsetY": -2.0,
                    "TouchEnable": true,
                    "AnchorPoint": {
                      "ScaleX": 0.5,
                      "ScaleY": 0.5
                    },
                    "Position": {
                      "X": 172.9685,
                      "Y": 64.4899
                    },
                    "Scale": {
                      "ScaleX": 1.0,
                      "ScaleY": 1.0
                    },
                    "CColor": {},
                    "IconVisible": false,
                    "PrePosition": {
                      "X": 0.2703,
                      "Y": 0.0806
                    },
                    "PreSize": {
                      "X": 0.2313,
                      "Y": 0.0887
                    },
                    "LeftMargin": 98.9685,
                    "RightMargin": 393.0315,
                    "TopMargin": 700.0101,
                    "BottomMargin": 28.9899,
                    "Tag": 46,
                    "Children": [
                      {
                        "IsCustomSize": true,
                        "FontSize": 22,
                        "LabelText": "{TXT_UI_DIALOG-DAMAGE-STATISTICS_9}",
                        "FontResource": {
                          "Type": "Normal",
                          "Path": "font/ModeMinBStd.ttf",
                          "Plist": ""
                        },
                        "HorizontalAlignmentType": "HT_Center",
                        "OutlineSize": 2,
                        "OutlineColor": {
                          "R": 137,
                          "G": 9,
                          "B": 25
                        },
                        "OutlineEnabled": true,
                        "ShadowColor": {
                          "R": 110,
                          "G": 110,
                          "B": 110
                        },
                        "ShadowOffsetX": 2.0,
                        "ShadowOffsetY": -2.0,
                        "AnchorPoint": {
                          "ScaleX": 0.5,
                          "ScaleY": 0.5
                        },
                        "Position": {
                          "X": 74.7828,
                          "Y": 35.4742
                        },
                        "Scale": {
                          "ScaleX": 1.0,
                          "ScaleY": 1.0
                        },
                        "CColor": {},
                        "IconVisible": false,
                        "PrePosition": {
                          "X": 0.5053,
                          "Y": 0.4996
                        },
                        "PreSize": {
                          "X": 1.1149,
                          "Y": 0.493
                        },
                        "LeftMargin": -7.7172,
                        "RightMargin": -9.2828,
                        "TopMargin": 18.0258,
                        "BottomMargin": 17.9742,
                        "Tag": 47,
                        "ActionTag": 1977634904,
                        "Size": {
                          "X": 165.0,
                          "Y": 35.0
                        },
                        "Name": "txt",
                        "ctype": "TextObjectData"
                      }
                    ],
                    "ActionTag": 67135417,
                    "Size": {
                      "X": 148.0,
                      "Y": 71.0
                    },
                    "Name": "btn_pre",
                    "ctype": "ButtonObjectData"
                  },
                  {
                    "FontSize": 24,
                    "ButtonText": "",
                    "TextColor": {
                      "R": 65,
                      "G": 65,
                      "B": 70
                    },
                    "NormalFileData": {
                      "Type": "MarkedSubImage",
                      "Path": "common/common_newbtn2.png",
                      "Plist": "common/common.plist"
                    },
                    "Scale9Enable": true,
                    "Scale9OriginX": 15,
                    "Scale9OriginY": 11,
                    "Scale9Width": 198,
                    "Scale9Height": 61,
                    "OutlineColor": {
                      "G": 0,
                      "B": 0
                    },
                    "ShadowColor": {
                      "R": 110,
                      "G": 110,
                      "B": 110
                    },
                    "ShadowOffsetX": 2.0,
                    "ShadowOffsetY": -2.0,
                    "TouchEnable": true,
                    "AnchorPoint": {
                      "ScaleX": 0.5,
                      "ScaleY": 0.5
                    },
                    "Position": {
                      "X": 323.1966,
                      "Y": 65.5629
                    },
                    "Scale": {
                      "ScaleX": 1.0,
                      "ScaleY": 1.0
                    },
                    "CColor": {},
                    "IconVisible": false,
                    "PrePosition": {
                      "X": 0.505,
                      "Y": 0.082
                    },
                    "PreSize": {
                      "X": 0.2734,
                      "Y": 0.085
                    },
                    "LeftMargin": 235.6966,
                    "RightMargin": 229.3034,
                    "TopMargin": 700.4371,
                    "BottomMargin": 31.5629,
                    "Tag": 528,
                    "Children": [
                      {
                        "IsCustomSize": true,
                        "FontSize": 22,
                        "LabelText": "{TXT_UI_PUSH-ACTIVITY_4}",
                        "FontResource": {
                          "Type": "Normal",
                          "Path": "font/ModeMinBStd.ttf",
                          "Plist": ""
                        },
                        "HorizontalAlignmentType": "HT_Center",
                        "OutlineSize": 2,
                        "OutlineColor": {
                          "R": 76,
                          "G": 83,
                          "B": 98
                        },
                        "OutlineEnabled": true,
                        "ShadowColor": {
                          "R": 110,
                          "G": 110,
                          "B": 110
                        },
                        "ShadowOffsetX": 2.0,
                        "ShadowOffsetY": -2.0,
                        "AnchorPoint": {
                          "ScaleX": 0.5,
                          "ScaleY": 0.5
                        },
                        "Position": {
                          "X": 88.06,
                          "Y": 30.6662
                        },
                        "Scale": {
                          "ScaleX": 1.0,
                          "ScaleY": 1.0
                        },
                        "CColor": {},
                        "IconVisible": false,
                        "PositionPercentXEnabled": true,
                        "PrePosition": {
                          "X": 0.5032,
                          "Y": 0.451
                        },
                        "PreSize": {
                          "X": 1.0343,
                          "Y": 0.5588
                        },
                        "LeftMargin": -2.44,
                        "RightMargin": -3.56,
                        "TopMargin": 18.3338,
                        "BottomMargin": 11.6662,
                        "Tag": 529,
                        "ActionTag": -829493954,
                        "Size": {
                          "X": 181.0,
                          "Y": 38.0
                        },
                        "Name": "txt",
                        "ctype": "TextObjectData"
                      }
                    ],
                    "ActionTag": 1664617427,
                    "Size": {
                      "X": 175.0,
                      "Y": 68.0
                    },
                    "Name": "btn_cancel",
                    "ctype": "ButtonObjectData"
                  }
                ],
                "ActionTag": 1453954737,
                "Size": {
                  "X": 640.0,
                  "Y": 800.0
                },
                "Name": "pnl_body",
                "ctype": "PanelObjectData"
              }
            ],
            "ActionTag": -1219573097,
            "Size": {
              "X": 640.0,
              "Y": 1136.0
            },
            "Name": "Root",
            "ctype": "PanelObjectData"
          },
          {
            "FileData": {
              "Type": "MarkedSubImage",
              "Path": "common/icon_point_normal.png",
              "Plist": "common/common.plist"
            },
            "Scale9OriginX": 5,
            "Scale9OriginY": 6,
            "Scale9Width": 8,
            "Scale9Height": 7,
            "AnchorPoint": {
              "ScaleX": 0.5252,
              "ScaleY": 0.6671
            },
            "Position": {
              "X": -287.5958,
              "Y": 137.2799
            },
            "Scale": {
              "ScaleX": 1.0,
              "ScaleY": 1.0
            },
            "CColor": {},
            "IconVisible": false,
            "PrePosition": {
              "X": -0.4494,
              "Y": 0.1208
            },
            "PreSize": {
              "X": 0.0281,
              "Y": 0.0167
            },
            "LeftMargin": -297.0494,
            "RightMargin": 919.0494,
            "TopMargin": 992.395,
            "BottomMargin": 124.605,
            "Tag": 231,
            "ActionTag": 1753293852,
            "Size": {
              "X": 18.0,
              "Y": 19.0
            },
            "Name": "prefab_pageview_point",
            "ctype": "ImageViewObjectData"
          },
          {
            "ClipAble": false,
            "BackColorAlpha": 102,
            "SingleColor": {
              "R": 150,
              "G": 200
            },
            "FirstColor": {
              "R": 150,
              "G": 200
            },
            "EndColor": {},
            "ColorVector": {
              "ScaleY": 1.0
            },
            "Scale9Width": 1,
            "Scale9Height": 1,
            "TouchEnable": true,
            "AnchorPoint": {
              "ScaleX": 0.5,
              "ScaleY": 0.5
            },
            "Position": {
              "X": -193.8875,
              "Y": 249.4191
            },
            "Scale": {
              "ScaleX": 1.0,
              "ScaleY": 1.0
            },
            "CColor": {},
            "IconVisible": false,
            "PrePosition": {
              "X": -0.3029,
              "Y": 0.2196
            },
            "PreSize": {
              "X": 0.0625,
              "Y": 0.088
            },
            "LeftMargin": -213.8875,
            "RightMargin": 813.8875,
            "TopMargin": 836.5809,
            "BottomMargin": 199.4191,
            "Tag": 189,
            "Children": [
              {
                "FileData": {
                  "Type": "MarkedSubImage",
                  "Path": "pic/pay_activity/superActivity_plus.png",
                  "Plist": "pic/pay_activity/pay_activity_atlas.plist"
                },
                "Scale9OriginX": 11,
                "Scale9OriginY": 11,
                "Scale9Width": 13,
                "Scale9Height": 13,
                "AnchorPoint": {
                  "ScaleX": 0.5,
                  "ScaleY": 0.5
                },
                "Position": {
                  "X": 20.0,
                  "Y": 50.0
                },
                "Scale": {
                  "ScaleX": 1.0,
                  "ScaleY": 1.0
                },
                "CColor": {},
                "IconVisible": false,
                "PositionPercentXEnabled": true,
                "PositionPercentYEnabled": true,
                "PrePosition": {
                  "X": 0.5,
                  "Y": 0.5
                },
                "PreSize": {
                  "X": 0.875,
                  "Y": 0.35
                },
                "LeftMargin": 2.5,
                "RightMargin": 2.5,
                "TopMargin": 32.5,
                "BottomMargin": 32.5,
                "Tag": 190,
                "ActionTag": -1194388406,
                "Size": {
                  "X": 35.0,
                  "Y": 35.0
                },
                "Name": "img_add",
                "ctype": "ImageViewObjectData"
              }
            ],
            "ActionTag": -433916352,
            "Size": {
              "X": 40.0,
              "Y": 100.0
            },
            "Name": "item_add",
            "ctype": "PanelObjectData"
          },
          {
            "ClipAble": false,
            "BackColorAlpha": 100,
            "SingleColor": {
              "R": 150,
              "G": 200
            },
            "FirstColor": {},
            "EndColor": {
              "R": 150,
              "G": 200
            },
            "ColorVector": {
              "ScaleX": 0.0,
              "ScaleY": -1.0
            },
            "Scale9Width": 1,
            "Scale9Height": 1,
            "TouchEnable": true,
            "AnchorPoint": {
              "ScaleX": 0.5,
              "ScaleY": 0.5
            },
            "Position": {
              "X": -574.241,
              "Y": 758.7871
            },
            "Scale": {
              "ScaleX": 1.0,
              "ScaleY": 1.0
            },
            "CColor": {},
            "IconVisible": false,
            "PrePosition": {
              "X": -0.8973,
              "Y": 0.6679
            },
            "PreSize": {
              "X": 0.7516,
              "Y": 0.5299
            },
            "LeftMargin": -814.741,
            "RightMargin": 973.741,
            "TopMargin": 76.2129,
            "BottomMargin": 457.7871,
            "Tag": 268,
            "Children": [
              {
                "FileData": {
                  "Type": "Default",
                  "Path": "Default/ImageFile.png",
                  "Plist": ""
                },
                "Scale9OriginX": 17,
                "Scale9OriginY": 17,
                "Scale9Width": 12,
                "Scale9Height": 12,
                "TouchEnable": true,
                "AnchorPoint": {
                  "ScaleX": 0.5,
                  "ScaleY": 1.0
                },
                "Position": {
                  "X": 240.0,
                  "Y": 602.0
                },
                "Scale": {
                  "ScaleX": 1.0,
                  "ScaleY": 1.0
                },
                "CColor": {},
                "IconVisible": false,
                "PrePosition": {
                  "X": 0.499,
                  "Y": 1.0
                },
                "PreSize": {
                  "X": 1.0,
                  "Y": 1.0
                },
                "LeftMargin": -0.5,
                "RightMargin": 0.5,
                "Tag": 106,
                "Children": [
                  {
                    "FileData": {
                      "Type": "Default",
                      "Path": "Default/ImageFile.png",
                      "Plist": ""
                    },
                    "Scale9Width": 46,
                    "Scale9Height": 46,
                    "AnchorPoint": {},
                    "Position": {
                      "X": 33.5538,
                      "Y": 431.0156
                    },
                    "Scale": {
                      "ScaleX": 1.0,
                      "ScaleY": 1.0
                    },
                    "CColor": {},
                    "IconVisible": false,
                    "PrePosition": {
                      "X": 0.0698,
                      "Y": 0.716
                    },
                    "PreSize": {
                      "X": 0.2807,
                      "Y": 0.2326
                    },
                    "LeftMargin": 33.5538,
                    "RightMargin": 312.4462,
                    "TopMargin": 30.9844,
                    "BottomMargin": 431.0156,
                    "Tag": 36,
                    "ActionTag": -1735756854,
                    "Size": {
                      "X": 135.0,
                      "Y": 140.0
                    },
                    "Name": "img_tag",
                    "ctype": "ImageViewObjectData"
                  },
                  {
                    "FileData": {
                      "Type": "MarkedSubImage",
                      "Path": "common/common_time_bg.png",
                      "Plist": "common/common.plist"
                    },
                    "Scale9Enable": true,
                    "Scale9OriginX": 20,
                    "Scale9OriginY": 10,
                    "Scale9Width": 184,
                    "Scale9Height": 4,
                    "AnchorPoint": {
                      "ScaleX": 0.5,
                      "ScaleY": 0.5
                    },
                    "Position": {
                      "X": 254.2566,
                      "Y": 19.0702
                    },
                    "Scale": {
                      "ScaleX": 1.0,
                      "ScaleY": 1.0
                    },
                    "CColor": {},
                    "IconVisible": false,
                    "PositionPercentXEnabled": true,
                    "PrePosition": {
                      "X": 0.5286,
                      "Y": 0.0317
                    },
                    "PreSize": {
                      "X": 0.6653,
                      "Y": 0.0399
                    },
                    "LeftMargin": 94.2566,
                    "RightMargin": 66.7434,
                    "TopMargin": 570.9298,
                    "BottomMargin": 7.0702,
                    "Tag": 830,
                    "Children": [
                      {
                        "IsCustomSize": true,
                        "FontSize": 18,
                        "LabelText": "{TXT_UI_PUSH-ACTIVITY_0}",
                        "FontResource": {
                          "Type": "Normal",
                          "Path": "font/ModeMinBStd.ttf",
                          "Plist": ""
                        },
                        "HorizontalAlignmentType": "HT_Center",
                        "OutlineSize": 2,
                        "OutlineColor": {
                          "G": 0,
                          "B": 0
                        },
                        "ShadowColor": {
                          "R": 110,
                          "G": 110,
                          "B": 110
                        },
                        "ShadowOffsetX": 2.0,
                        "ShadowOffsetY": -2.0,
                        "AnchorPoint": {
                          "ScaleX": 0.5,
                          "ScaleY": 0.5
                        },
                        "Position": {
                          "X": 160.0,
                          "Y": 7.03
                        },
                        "Scale": {
                          "ScaleX": 1.0,
                          "ScaleY": 1.0
                        },
                        "CColor": {},
                        "IconVisible": false,
                        "PositionPercentXEnabled": true,
                        "PrePosition": {
                          "X": 0.5,
                          "Y": 0.2929
                        },
                        "PreSize": {
                          "X": 1.4062,
                          "Y": 1.1667
                        },
                        "LeftMargin": -65.0,
                        "RightMargin": -65.0,
                        "TopMargin": 2.97,
                        "BottomMargin": -6.97,
                        "Tag": 70,
                        "ActionTag": -790308021,
                        "Size": {
                          "X": 450.0,
                          "Y": 28.0
                        },
                        "Name": "txt_timeout",
                        "ctype": "TextObjectData"
                      }
                    ],
                    "ActionTag": -1856565772,
                    "Size": {
                      "X": 320.0,
                      "Y": 24.0
                    },
                    "VisibleForFrame": false,
                    "Name": "img_time_bg",
                    "ctype": "ImageViewObjectData"
                  },
                  {
                    "IsCustomSize": true,
                    "FontSize": 18,
                    "LabelText": "{TXT_UI_PUSH-ACTIVITY_6}",
                    "FontResource": {
                      "Type": "Normal",
                      "Path": "font/ModeMinBStd.ttf",
                      "Plist": ""
                    },
                    "HorizontalAlignmentType": "HT_Center",
                    "OutlineColor": {
                      "G": 0,
                      "B": 0
                    },
                    "ShadowColor": {
                      "R": 110,
                      "G": 110,
                      "B": 110
                    },
                    "ShadowOffsetX": 2.0,
                    "ShadowOffsetY": -2.0,
                    "AnchorPoint": {
                      "ScaleX": 0.5,
                      "ScaleY": 1.0
                    },
                    "Position": {
                      "X": 244.5885,
                      "Y": 33.3775
                    },
                    "Scale": {
                      "ScaleX": 1.0,
                      "ScaleY": 1.0
                    },
                    "CColor": {
                      "R": 227,
                      "G": 228,
                      "B": 89
                    },
                    "IconVisible": false,
                    "PositionPercentXEnabled": true,
                    "PrePosition": {
                      "X": 0.5085,
                      "Y": 0.0554
                    },
                    "PreSize": {
                      "X": 0.9709,
                      "Y": 0.0498
                    },
                    "LeftMargin": 11.0885,
                    "RightMargin": 2.9115,
                    "TopMargin": 568.6225,
                    "BottomMargin": 3.3775,
                    "Tag": 185,
                    "ActionTag": 742162003,
                    "Size": {
                      "X": 467.0,
                      "Y": 30.0
                    },
                    "VisibleForFrame": false,
                    "Name": "txt_gold_gacha_info",
                    "ctype": "TextObjectData"
                  },
                  {
                    "FileData": {
                      "Type": "Normal",
                      "Path": "common_ui/icon_pay_activity_21.png",
                      "Plist": ""
                    },
                    "Scale9Enable": true,
                    "Scale9OriginX": 129,
                    "Scale9OriginY": 9,
                    "Scale9Width": 260,
                    "Scale9Height": 230,
                    "AnchorPoint": {
                      "ScaleX": 0.5
                    },
                    "Position": {
                      "X": 238.557,
                      "Y": -4.83
                    },
                    "Scale": {
                      "ScaleX": 0.9,
                      "ScaleY": 0.9
                    },
                    "CColor": {},
                    "IconVisible": false,
                    "PrePosition": {
                      "X": 0.496,
                      "Y": -0.008
                    },
                    "PreSize": {
                      "X": 1.0769,
                      "Y": 0.412
                    },
                    "LeftMargin": -20.443,
                    "RightMargin": -16.557,
                    "TopMargin": 358.83,
                    "BottomMargin": -4.83,
                    "Tag": 160,
                    "Children": [
                      {
                        "FileData": {
                          "Type": "MarkedSubImage",
                          "Path": "pic/pay_activity/icon_pay_activity_22.png",
                          "Plist": "pic/pay_activity/pay_activity_atlas.plist"
                        },
                        "Scale9OriginX": 129,
                        "Scale9OriginY": 9,
                        "Scale9Width": 135,
                        "Scale9Height": 11,
                        "AnchorPoint": {
                          "ScaleX": 0.5
                        },
                        "Position": {
                          "X": 259.0,
                          "Y": 193.8314
                        },
                        "Scale": {
                          "ScaleX": 0.9974,
                          "ScaleY": 1.0
                        },
                        "CColor": {},
                        "IconVisible": false,
                        "PositionPercentXEnabled": true,
                        "PrePosition": {
                          "X": 0.5,
                          "Y": 0.7816
                        },
                        "PreSize": {
                          "X": 0.7587,
                          "Y": 0.1169
                        },
                        "LeftMargin": 62.5,
                        "RightMargin": 62.5,
                        "TopMargin": 25.1686,
                        "BottomMargin": 193.8314,
                        "Tag": 161,
                        "ActionTag": -1025031261,
                        "Size": {
                          "X": 393.0,
                          "Y": 29.0
                        },
                        "Name": "img_title",
                        "ctype": "ImageViewObjectData"
                      },
                      {
                        "FileData": {
                          "Type": "MarkedSubImage",
                          "Path": "partner/img_Cricle5.png",
                          "Plist": "partner/partner.plist"
                        },
                        "Scale9Enable": true,
                        "Scale9OriginX": 14,
                        "Scale9OriginY": 11,
                        "Scale9Width": 5,
                        "Scale9Height": 8,
                        "AnchorPoint": {
                          "ScaleX": 0.5
                        },
                        "Position": {
                          "X": 259.0,
                          "Y": 63.2793
                        },
                        "Scale": {
                          "ScaleX": 0.9974,
                          "ScaleY": 1.0
                        },
                        "CColor": {},
                        "IconVisible": false,
                        "PositionPercentXEnabled": true,
                        "PrePosition": {
                          "X": 0.5,
                          "Y": 0.2552
                        },
                        "PreSize": {
                          "X": 0.8514,
                          "Y": 0.4919
                        },
                        "LeftMargin": 38.5,
                        "RightMargin": 38.5,
                        "TopMargin": 62.7207,
                        "BottomMargin": 63.2793,
                        "Tag": 162,
                        "ActionTag": 1481638852,
                        "Size": {
                          "X": 441.0,
                          "Y": 122.0
                        },
                        "Name": "Image_listBg",
                        "ctype": "ImageViewObjectData"
                      },
                      {
                        "ItemMargin": 8,
                        "VerticalType": "Align_VerticalCenter",
                        "ScrollDirectionType": 0,
                        "ClipAble": true,
                        "BackColorAlpha": 102,
                        "SingleColor": {
                          "R": 150,
                          "G": 150
                        },
                        "FirstColor": {
                          "R": 150,
                          "G": 150
                        },
                        "EndColor": {},
                        "ColorVector": {
                          "ScaleY": 1.0
                        },
                        "Scale9Width": 1,
                        "Scale9Height": 1,
                        "TouchEnable": true,
                        "AnchorPoint": {
                          "ScaleX": 0.5,
                          "ScaleY": 0.5
                        },
                        "Position": {
                          "X": 259.0,
                          "Y": 124.7159
                        },
                        "Scale": {
                          "ScaleX": 1.0,
                          "ScaleY": 1.0
                        },
                        "CColor": {},
                        "IconVisible": false,
                        "PositionPercentXEnabled": true,
                        "PrePosition": {
                          "X": 0.5,
                          "Y": 0.5029
                        },
                        "PreSize": {
                          "X": 0.8475,
                          "Y": 0.4677
                        },
                        "LeftMargin": 39.5,
                        "RightMargin": 39.5,
                        "TopMargin": 65.2841,
                        "BottomMargin": 66.7159,
                        "Tag": 163,
                        "ActionTag": -1662362449,
                        "Size": {
                          "X": 439.0,
                          "Y": 116.0
                        },
                        "Name": "list_reward_item",
                        "ctype": "ListViewObjectData"
                      },
                      {
                        "FileData": {
                          "Type": "MarkedSubImage",
                          "Path": "pic/equip/equip_Img5.png",
                          "Plist": "pic/equip/equip.plist"
                        },
                        "Scale9Enable": true,
                        "Scale9OriginX": 34,
                        "Scale9OriginY": 7,
                        "Scale9Width": 69,
                        "Scale9Height": 16,
                        "AnchorPoint": {
                          "ScaleX": 0.5,
                          "ScaleY": 0.5
                        },
                        "Position": {
                          "X": 259.0,
                          "Y": 43.99
                        },
                        "Scale": {
                          "ScaleX": 1.0,
                          "ScaleY": 1.0
                        },
                        "CColor": {},
                        "IconVisible": false,
                        "PositionPercentXEnabled": true,
                        "PrePosition": {
                          "X": 0.5,
                          "Y": 0.1774
                        },
                        "PreSize": {
                          "X": 0.6467,
                          "Y": 0.121
                        },
                        "LeftMargin": 91.5,
                        "RightMargin": 91.5,
                        "TopMargin": 189.01,
                        "BottomMargin": 28.99,
                        "Tag": 164,
                        "Children": [
                          {
                            "IsCustomSize": true,
                            "FontSize": 20,
                            "LabelText": "{TXT_UI_PUSH-ACTIVITY_7}",
                            "FontResource": {
                              "Type": "Normal",
                              "Path": "font/ModeMinBStd.ttf",
                              "Plist": ""
                            },
                            "HorizontalAlignmentType": "HT_Center",
                            "OutlineColor": {
                              "R": 109,
                              "G": 0,
                              "B": 0
                            },
                            "ShadowColor": {
                              "R": 110,
                              "G": 110,
                              "B": 110
                            },
                            "ShadowOffsetX": 2.0,
                            "ShadowOffsetY": -2.0,
                            "AnchorPoint": {
                              "ScaleX": 0.5,
                              "ScaleY": 0.5
                            },
                            "Position": {
                              "X": 167.5,
                              "Y": 13.5
                            },
                            "Scale": {
                              "ScaleX": 1.0,
                              "ScaleY": 1.0
                            },
                            "CColor": {},
                            "IconVisible": false,
                            "PositionPercentXEnabled": true,
                            "PrePosition": {
                              "X": 0.5,
                              "Y": 0.45
                            },
                            "PreSize": {
                              "X": 1.1761,
                              "Y": 0.8
                            },
                            "LeftMargin": -29.5,
                            "RightMargin": -29.5,
                            "TopMargin": 4.5,
                            "BottomMargin": 1.5,
                            "Tag": 165,
                            "ActionTag": -193497814,
                            "Size": {
                              "X": 394.0,
                              "Y": 24.0
                            },
                            "Name": "txt_deadline",
                            "ctype": "TextObjectData"
                          }
                        ],
                        "ActionTag": 107222571,
                        "Size": {
                          "X": 335.0,
                          "Y": 30.0
                        },
                        "Name": "img_deadline_bg",
                        "ctype": "ImageViewObjectData"
                      },
                      {
                        "FileData": {
                          "Type": "Default",
                          "Path": "Default/ImageFile.png",
                          "Plist": ""
                        },
                        "Scale9Width": 46,
                        "Scale9Height": 46,
                        "AnchorPoint": {
                          "ScaleX": 0.5,
                          "ScaleY": 0.5
                        },
                        "Position": {
                          "X": 28.46,
                          "Y": 234.12
                        },
                        "Scale": {
                          "ScaleX": 1.0,
                          "ScaleY": 1.0
                        },
                        "CColor": {},
                        "IconVisible": false,
                        "PrePosition": {
                          "X": 0.0549,
                          "Y": 0.944
                        },
                        "PreSize": {
                          "X": 0.0888,
                          "Y": 0.1855
                        },
                        "LeftMargin": 5.46,
                        "RightMargin": 466.54,
                        "TopMargin": -9.12,
                        "BottomMargin": 211.12,
                        "Tag": 178,
                        "ActionTag": 923797688,
                        "Size": {
                          "X": 46.0,
                          "Y": 46.0
                        },
                        "VisibleForFrame": false,
                        "Name": "img_gem_tag",
                        "ctype": "ImageViewObjectData"
                      }
                    ],
                    "ActionTag": -1453459069,
                    "Size": {
                      "X": 518.0,
                      "Y": 248.0
                    },
                    "Name": "img_itemlist_bg",
                    "ctype": "ImageViewObjectData"
                  },
                  {
                    "FileData": {
                      "Type": "MarkedSubImage",
                      "Path": "common_ui/Dress_ImgTips.png",
                      "Plist": "common_ui/common_slider_atlas.plist"
                    },
                    "Scale9Enable": true,
                    "Scale9OriginX": 210,
                    "Scale9OriginY": 98,
                    "Scale9Width": 132,
                    "Scale9Height": 46,
                    "AnchorPoint": {
                      "ScaleX": 0.5,
                      "ScaleY": 1.0
                    },
                    "Position": {
                      "X": 237.3754,
                      "Y": 361.9698
                    },
                    "Scale": {
                      "ScaleX": 0.9,
                      "ScaleY": 0.9
                    },
                    "CColor": {},
                    "IconVisible": false,
                    "PrePosition": {
                      "X": 0.4935,
                      "Y": 0.6013
                    },
                    "PreSize": {
                      "X": 1.0146,
                      "Y": 0.2691
                    },
                    "LeftMargin": -6.6246,
                    "RightMargin": -0.3754,
                    "TopMargin": 240.0302,
                    "BottomMargin": 199.9698,
                    "Tag": 297,
                    "Children": [
                      {
                        "IsCustomSize": true,
                        "FontSize": 20,
                        "LabelText": "{TXT_UI_PUSH-ACTIVITY_8}",
                        "FontResource": {
                          "Type": "Normal",
                          "Path": "font/ModeMinBStd.ttf",
                          "Plist": ""
                        },
                        "OutlineColor": {
                          "R": 0,
                          "G": 0,
                          "B": 0
                        },
                        "ShadowColor": {
                          "R": 0,
                          "G": 0,
                          "B": 0
                        },
                        "ShadowOffsetX": 2.0,
                        "ShadowOffsetY": -2.0,
                        "AnchorPoint": {
                          "ScaleY": 1.0
                        },
                        "Position": {
                          "X": 13.1398,
                          "Y": 98.455
                        },
                        "Scale": {
                          "ScaleX": 1.0,
                          "ScaleY": 1.0
                        },
                        "CColor": {
                          "R": 119,
                          "G": 41,
                          "B": 41
                        },
                        "IconVisible": false,
                        "PrePosition": {
                          "X": 0.0269,
                          "Y": 0.6077
                        },
                        "PreSize": {
                          "X": 0.9467,
                          "Y": 0.5062
                        },
                        "LeftMargin": 13.1398,
                        "RightMargin": 12.8602,
                        "TopMargin": 63.545,
                        "BottomMargin": 16.455,
                        "Tag": 298,
                        "ActionTag": -176104023,
                        "Size": {
                          "X": 462.0,
                          "Y": 82.0
                        },
                        "Name": "txt_say_content",
                        "ctype": "TextObjectData"
                      },
                      {
                        "IsCustomSize": true,
                        "FontSize": 22,
                        "LabelText": "{TXT_UI_PUSH-ACTIVITY_9}",
                        "FontResource": {
                          "Type": "Normal",
                          "Path": "font/ModeMinBStd.ttf",
                          "Plist": ""
                        },
                        "OutlineSize": 2,
                        "OutlineColor": {
                          "R": 71,
                          "G": 48,
                          "B": 40
                        },
                        "OutlineEnabled": true,
                        "ShadowColor": {
                          "R": 0,
                          "G": 0,
                          "B": 0
                        },
                        "ShadowOffsetX": 2.0,
                        "ShadowOffsetY": -2.0,
                        "AnchorPoint": {
                          "ScaleY": 1.0
                        },
                        "Position": {
                          "X": 12.3088,
                          "Y": 130.785
                        },
                        "Scale": {
                          "ScaleX": 1.0,
                          "ScaleY": 1.0
                        },
                        "CColor": {},
                        "IconVisible": false,
                        "PrePosition": {
                          "X": 0.0252,
                          "Y": 0.8073
                        },
                        "PreSize": {
                          "X": 0.8627,
                          "Y": 0.1605
                        },
                        "LeftMargin": 12.3088,
                        "RightMargin": 54.6912,
                        "TopMargin": 31.215,
                        "BottomMargin": 104.785,
                        "Tag": 299,
                        "ActionTag": -276787921,
                        "Size": {
                          "X": 421.0,
                          "Y": 26.0
                        },
                        "Name": "txt_say_name",
                        "ctype": "TextObjectData"
                      }
                    ],
                    "ActionTag": 669701603,
                    "Size": {
                      "X": 488.0,
                      "Y": 162.0
                    },
                    "Name": "img_say_bg",
                    "ctype": "ImageViewObjectData"
                  }
                ],
                "ActionTag": 1103833519,
                "Size": {
                  "X": 481.0,
                  "Y": 602.0
                },
                "Name": "img_banner",
                "ctype": "ImageViewObjectData"
              }
            ],
            "ActionTag": -2069479561,
            "ZOrder": 5,
            "Size": {
              "X": 481.0,
              "Y": 602.0
            },
            "Name": "prefab_banner",
            "ctype": "PanelObjectData"
          }
        ],
        "Size": {
          "X": 640.0,
          "Y": 1136.0
        },
        "Name": "Layer",
        "ctype": "LayerObjectData"
      },
      "UsedResources": [
        "common/common.plist",
        "common/common.png",
        "common_ui/common_slider_atlas.plist",
        "common_ui/common_slider_atlas.png",
        "common_ui/icon_pay_activity_21.png",
        "Default/ImageFile.png",
        "font/ModeMinBStd.ttf",
        "partner/partner.plist",
        "partner/partner.png",
        "pic/button/common_btn_atlas.plist",
        "pic/button/common_btn_atlas.png",
        "pic/equip/equip.plist",
        "pic/equip/equip.png",
        "pic/icon/icon_atlas.plist",
        "pic/icon/icon_atlas.png",
        "pic/offline_report/offine_report.plist",
        "pic/offline_report/offine_report.png",
        "pic/pay_activity/pay_activity_atlas.plist",
        "pic/pay_activity/pay_activity_atlas.png"
      ],
      "ctype": "GameFileData"
    }
  },
  "Type": "Layer"
}