{
  "ID": "61d58019-035f-43a8-bb8a-cc93602f6d3c",
  "Version": "3.10.0.0",
  "Name": "push-activity",
  "Content": {
    "Content": {
      "Animation": {
        "Duration": 0,
        "Speed": 1.0,
        "Timelines": [],
        "ctype": "TimelineActionData"
      },
      "AnimationList": [],
      "ObjectData": {
        "Tag": 82,
        "Children": [
          {
            "ClipAble": false,
            "BackColorAlpha": 102,
            "SingleColor": {
              "R": 150,
              "G": 200
            },
            "FirstColor": {
              "R": 150,
              "G": 200
            },
            "EndColor": {},
            "ColorVector": {
              "ScaleY": 1.0
            },
            "Scale9Width": 1,
            "Scale9Height": 1,
            "TouchEnable": true,
            "AnchorPoint": {
              "ScaleX": 0.5,
              "ScaleY": 0.5
            },
            "Position": {
              "X": -237.8755,
              "Y": 542.6483
            },
            "Scale": {
              "ScaleX": 1.0,
              "ScaleY": 1.0
            },
            "CColor": {},
            "IconVisible": false,
            "PrePosition": {
              "X": -0.3717,
              "Y": 0.4777
            },
            "PreSize": {
              "X": 0.1562,
              "Y": 0.088
            },
            "LeftMargin": -287.8755,
            "RightMargin": 827.8755,
            "TopMargin": 543.3517,
            "BottomMargin": 492.6483,
            "Tag": 166,
            "Children": [
              {
                "FileData": {
                  "Type": "MarkedSubImage",
                  "Path": "common/icon_bag_0.png",
                  "Plist": "common/common.plist"
                },
                "Scale9OriginX": 35,
                "Scale9OriginY": 35,
                "Scale9Width": 31,
                "Scale9Height": 31,
                "AnchorPoint": {
                  "ScaleX": 0.5,
                  "ScaleY": 0.5
                },
                "Position": {
                  "X": 50.0,
                  "Y": 50.0
                },
                "Scale": {
                  "ScaleX": 1.0,
                  "ScaleY": 1.0
                },
                "CColor": {},
                "IconVisible": false,
                "PositionPercentXEnabled": true,
                "PositionPercentYEnabled": true,
                "PrePosition": {
                  "X": 0.5,
                  "Y": 0.5
                },
                "PreSize": {
                  "X": 1.0,
                  "Y": 1.0
                },
                "Tag": 167,
                "Children": [
                  {
                    "FileData": {
                      "Type": "Default",
                      "Path": "Default/ImageFile.png",
                      "Plist": ""
                    },
                    "Scale9OriginX": 19,
                    "Scale9OriginY": 19,
                    "Scale9Width": 8,
                    "Scale9Height": 8,
                    "AnchorPoint": {
                      "ScaleX": 0.5,
                      "ScaleY": 0.5
                    },
                    "Position": {
                      "X": 50.0,
                      "Y": 50.0
                    },
                    "Scale": {
                      "ScaleX": 1.0,
                      "ScaleY": 1.0
                    },
                    "CColor": {},
                    "IconVisible": false,
                    "PositionPercentXEnabled": true,
                    "PositionPercentYEnabled": true,
                    "PrePosition": {
                      "X": 0.5,
                      "Y": 0.5
                    },
                    "PreSize": {
                      "X": 0.85,
                      "Y": 0.85
                    },
                    "LeftMargin": 7.5,
                    "RightMargin": 7.5,
                    "TopMargin": 7.5,
                    "BottomMargin": 7.5,
                    "Tag": 168,
                    "ActionTag": -1362018732,
                    "Size": {
                      "X": 85.0,
                      "Y": 85.0
                    },
                    "Name": "img_item",
                    "ctype": "ImageViewObjectData"
                  }
                ],
                "ActionTag": 2047676143,
                "Size": {
                  "X": 100.0,
                  "Y": 100.0
                },
                "Name": "img_box_bg",
                "ctype": "ImageViewObjectData"
              },
              {
                "ClipAble": true,
                "BackColorAlpha": 102,
                "SingleColor": {
                  "R": 150,
                  "G": 200
                },
                "FirstColor": {
                  "R": 150,
                  "G": 200
                },
                "EndColor": {},
                "ColorVector": {
                  "ScaleY": 1.0
                },
                "Scale9Width": 1,
                "Scale9Height": 1,
                "AnchorPoint": {
                  "ScaleX": 0.5,
                  "ScaleY": 0.5
                },
                "Position": {
                  "X": 50.0,
                  "Y": 50.0
                },
                "Scale": {
                  "ScaleX": 1.0,
                  "ScaleY": 1.0
                },
                "CColor": {},
                "IconVisible": false,
                "PositionPercentXEnabled": true,
                "PositionPercentYEnabled": true,
                "PrePosition": {
                  "X": 0.5,
                  "Y": 0.5
                },
                "PreSize": {
                  "X": 1.0,
                  "Y": 1.0
                },
                "Tag": 185,
                "Children": [
                  {
                    "FileData": {
                      "Type": "MarkedSubImage",
                      "Path": "pic/offline_report/img_8.png",
                      "Plist": "pic/offline_report/offine_report.plist"
                    },
                    "Scale9OriginX": 78,
                    "Scale9OriginY": 78,
                    "Scale9Width": 81,
                    "Scale9Height": 83,
                    "AnchorPoint": {
                      "ScaleX": 0.5,
                      "ScaleY": 0.5
                    },
                    "Position": {
                      "X": -22.0002,
                      "Y": 91.9971
                    },
                    "Scale": {
                      "ScaleX": 0.4,
                      "ScaleY": 1.5
                    },
                    "RotationSkewX": 25.0,
                    "RotationSkewY": 25.0,
                    "CColor": {},
                    "IconVisible": false,
                    "PrePosition": {
                      "X": -0.22,
                      "Y": 0.92
                    },
                    "PreSize": {
                      "X": 1.1,
                      "Y": 1.1
                    },
                    "LeftMargin": -77.0002,
                    "RightMargin": 67.0002,
                    "TopMargin": -46.9971,
                    "BottomMargin": 36.9971,
                    "Tag": 186,
                    "ActionTag": 1112570623,
                    "Size": {
                      "X": 110.0,
                      "Y": 110.0
                    },
                    "Name": "img_blink",
                    "ctype": "ImageViewObjectData"
                  }
                ],
                "ActionTag": 1082027042,
                "Size": {
                  "X": 100.0,
                  "Y": 100.0
                },
                "Name": "panel_blink",
                "ctype": "PanelObjectData"
              },
              {
                "IsCustomSize": true,
                "FontSize": 18,
                "LabelText": "x88",
                "FontResource": {
                  "Type": "Normal",
                  "Path": "font/ModeMinBStd.ttf",
                  "Plist": ""
                },
                "HorizontalAlignmentType": "HT_Right",
                "OutlineSize": 2,
                "OutlineColor": {
                  "R": 103,
                  "G": 56,
                  "B": 31
                },
                "OutlineEnabled": true,
                "ShadowColor": {
                  "R": 110,
                  "G": 110,
                  "B": 110
                },
                "ShadowOffsetX": 2.0,
                "ShadowOffsetY": -2.0,
                "AnchorPoint": {
                  "ScaleX": 1.0,
                  "ScaleY": 0.5
                },
                "Position": {
                  "X": 93.9592,
                  "Y": 16.4038
                },
                "Scale": {
                  "ScaleX": 1.0,
                  "ScaleY": 1.0
                },
                "CColor": {},
                "IconVisible": false,
                "PrePosition": {
                  "X": 0.9396,
                  "Y": 0.164
                },
                "PreSize": {
                  "X": 1.0,
                  "Y": 0.22
                },
                "LeftMargin": -6.0408,
                "RightMargin": 6.0408,
                "TopMargin": 72.5962,
                "BottomMargin": 5.4038,
                "Tag": 169,
                "ActionTag": 1798729477,
                "Size": {
                  "X": 100.0,
                  "Y": 22.0
                },
                "Name": "txt_count",
                "ctype": "TextObjectData"
              },
              {
                "FileData": {
                  "Type": "MarkedSubImage",
                  "Path": "common/common_sale.png",
                  "Plist": "common/common.plist"
                },
                "Scale9OriginX": 10,
                "Scale9OriginY": 10,
                "Scale9Width": 67,
                "Scale9Height": 27,
                "AnchorPoint": {
                  "ScaleX": 0.5,
                  "ScaleY": 0.5
                },
                "Position": {
                  "X": 70.9193,
                  "Y": 89.3737
                },
                "Scale": {
                  "ScaleX": 0.8,
                  "ScaleY": 0.8
                },
                "CColor": {},
                "IconVisible": false,
                "PrePosition": {
                  "X": 0.7092,
                  "Y": 0.8937
                },
                "PreSize": {
                  "X": 0.87,
                  "Y": 0.47
                },
                "LeftMargin": 27.4193,
                "RightMargin": -14.4193,
                "TopMargin": -12.8737,
                "BottomMargin": 65.8737,
                "Tag": 99,
                "ActionTag": 975936694,
                "Size": {
                  "X": 87.0,
                  "Y": 47.0
                },
                "VisibleForFrame": false,
                "Name": "img_gem_sale",
                "ctype": "ImageViewObjectData"
              }
            ],
            "ActionTag": 2106702233,
            "Size": {
              "X": 100.0,
              "Y": 100.0
            },
            "Name": "ItemFirstPayReward",
            "ctype": "PanelObjectData"
          },
          {
            "ClipAble": false,
            "BackColorAlpha": 191,
            "ComboBoxIndex": 1,
            "SingleColor": {
              "R": 0,
              "G": 0,
              "B": 0
            },
            "FirstColor": {
              "R": 150,
              "G": 200
            },
            "EndColor": {},
            "ColorVector": {
              "ScaleY": 1.0
            },
            "Scale9Width": 1,
            "Scale9Height": 1,
            "TouchEnable": true,
            "AnchorPoint": {},
            "Position": {
              "X": 0.0,
              "Y": 0.0
            },
            "Scale": {
              "ScaleX": 1.0,
              "ScaleY": 1.0
            },
            "CColor": {},
            "IconVisible": false,
            "PrePosition": {
              "X": 0.0,
              "Y": 0.0
            },
            "PreSize": {
              "X": 1.0,
              "Y": 1.0
            },
            "Tag": 99,
            "Children": [
              {
                "ClipAble": false,
                "BackColorAlpha": 102,
                "SingleColor": {
                  "R": 150,
                  "G": 200
                },
                "FirstColor": {
                  "R": 150,
                  "G": 200
                },
                "EndColor": {},
                "ColorVector": {
                  "ScaleY": 1.0
                },
                "Scale9Width": 1,
                "Scale9Height": 1,
                "AnchorPoint": {
                  "ScaleX": 0.5,
                  "ScaleY": 0.5
                },
                "Position": {
                  "X": 320.0,
                  "Y": 568.0
                },
                "Scale": {
                  "ScaleX": 1.0,
                  "ScaleY": 1.0
                },
                "CColor": {},
                "IconVisible": false,
                "PositionPercentYEnabled": true,
                "PrePosition": {
                  "X": 0.5,
                  "Y": 0.5
                },
                "PreSize": {
                  "X": 1.0,
                  "Y": 0.7042
                },
                "TopMargin": 168.0,
                "BottomMargin": 168.0,
                "Tag": 102,
                "Children": [
                  {
                    "FileData": {
                      "Type": "MarkedSubImage",
                      "Path": "pic/icon/icon_popup_bg.png",
                      "Plist": "pic/icon/icon_atlas.plist"
                    },
                    "Scale9Enable": true,
                    "Scale9OriginX": 62,
                    "Scale9OriginY": 46,
                    "Scale9Width": 15,
                    "Scale9Height": 20,
                    "AnchorPoint": {
                      "ScaleX": 0.5,
                      "ScaleY": 1.0
                    },
                    "Position": {
                      "X": 319.9816,
                      "Y": 783.04
                    },
                    "Scale": {
                      "ScaleX": 1.0,
                      "ScaleY": 1.0
                    },
                    "CColor": {},
                    "IconVisible": false,
                    "PrePosition": {
                      "X": 0.5,
                      "Y": 0.9788
                    },
                    "PreSize": {
                      "X": 0.8766,
                      "Y": 1.02
                    },
                    "LeftMargin": 39.4816,
                    "RightMargin": 39.5184,
                    "TopMargin": 16.96,
                    "BottomMargin": -32.96,
                    "Tag": 103,
                    "ActionTag": -430555373,
                    "Size": {
                      "X": 561.0,
                      "Y": 816.0
                    },
                    "Name": "img_bg",
                    "ctype": "ImageViewObjectData"
                  },
                  {
                    "FileData": {
                      "Type": "MarkedSubImage",
                      "Path": "pic/icon/icon_bg.png",
                      "Plist": "pic/icon/icon_atlas.plist"
                    },
                    "Scale9Enable": true,
                    "Scale9OriginX": 42,
                    "Scale9OriginY": 24,
                    "Scale9Width": 231,
                    "Scale9Height": 25,
                    "AnchorPoint": {
                      "ScaleX": 0.5,
                      "ScaleY": 0.5
                    },
                    "Position": {
                      "X": 320.0,
                      "Y": 770.885
                    },
                    "Scale": {
                      "ScaleX": 1.0,
                      "ScaleY": 1.0
                    },
                    "CColor": {},
                    "IconVisible": false,
                    "PrePosition": {
                      "X": 0.5,
                      "Y": 0.9636
                    },
                    "PreSize": {
                      "X": 0.5703,
                      "Y": 0.0913
                    },
                    "LeftMargin": 137.5,
                    "RightMargin": 137.5,
                    "TopMargin": -7.385,
                    "BottomMargin": 734.385,
                    "Tag": 104,
                    "Children": [
                      {
                        "IsCustomSize": true,
                        "FontSize": 27,
                        "LabelText": "",
                        "FontResource": {
                          "Type": "Normal",
                          "Path": "font/ModeMinBStd.ttf",
                          "Plist": ""
                        },
                        "HorizontalAlignmentType": "HT_Center",
                        "OutlineColor": {
                          "G": 0,
                          "B": 0
                        },
                        "ShadowColor": {
                          "R": 29,
                          "G": 16,
                          "B": 1
                        },
                        "ShadowOffsetX": 3.0,
                        "ShadowOffsetY": -3.0,
                        "ShadowEnabled": true,
                        "AnchorPoint": {
                          "ScaleX": 0.5,
                          "ScaleY": 0.5
                        },
                        "Position": {
                          "X": 182.5,
                          "Y": 40.8066
                        },
                        "Scale": {
                          "ScaleX": 1.0,
                          "ScaleY": 1.0
                        },
                        "CColor": {},
                        "IconVisible": false,
                        "PositionPercentXEnabled": true,
                        "PrePosition": {
                          "X": 0.5,
                          "Y": 0.559
                        },
                        "PreSize": {
                          "X": 1.0,
                          "Y": 0.411
                        },
                        "TopMargin": 17.1934,
                        "BottomMargin": 25.8066,
                        "Tag": 105,
                        "ActionTag": -781018445,
                        "Size": {
                          "X": 365.0,
                          "Y": 30.0
                        },
                        "Name": "txt_title",
                        "ctype": "TextObjectData"
                      }
                    ],
                    "ActionTag": 2012716833,
                    "Size": {
                      "X": 365.0,
                      "Y": 73.0
                    },
                    "Name": "Image_7",
                    "ctype": "ImageViewObjectData"
                  },
                  {
                    "FileData": {
                      "Type": "Default",
                      "Path": "Default/ImageFile.png",
                      "Plist": ""
                    },
                    "Scale9OriginX": 17,
                    "Scale9OriginY": 17,
                    "Scale9Width": 12,
                    "Scale9Height": 12,
                    "AnchorPoint": {
                      "ScaleX": 0.5,
                      "ScaleY": 1.0
                    },
                    "Position": {
                      "X": 319.9824,
                      "Y": 734.0
                    },
                    "Scale": {
                      "ScaleX": 1.0,
                      "ScaleY": 1.0
                    },
                    "CColor": {},
                    "IconVisible": false,
                    "PrePosition": {
                      "X": 0.5,
                      "Y": 0.9175
                    },
                    "PreSize": {
                      "X": 0.7516,
                      "Y": 0.7525
                    },
                    "LeftMargin": 79.4824,
                    "RightMargin": 79.5176,
                    "TopMargin": 66.0,
                    "BottomMargin": 132.0,
                    "Tag": 106,
                    "ActionTag": 1103833519,
                    "Size": {
                      "X": 481.0,
                      "Y": 602.0
                    },
                    "Name": "img_banner",
                    "ctype": "ImageViewObjectData"
                  },
                  {
                    "FileData": {
                      "Type": "Default",
                      "Path": "Default/ImageFile.png",
                      "Plist": ""
                    },
                    "Scale9Width": 46,
                    "Scale9Height": 46,
                    "AnchorPoint": {},
                    "Position": {
                      "X": 105.8528,
                      "Y": 554.3541
                    },
                    "Scale": {
                      "ScaleX": 1.0,
                      "ScaleY": 1.0
                    },
                    "CColor": {},
                    "IconVisible": false,
                    "PrePosition": {
                      "X": 0.1654,
                      "Y": 0.6929
                    },
                    "PreSize": {
                      "X": 0.2109,
                      "Y": 0.175
                    },
                    "LeftMargin": 105.8528,
                    "RightMargin": 399.1472,
                    "TopMargin": 105.6459,
                    "BottomMargin": 554.3541,
                    "Tag": 36,
                    "ActionTag": -1735756854,
                    "Size": {
                      "X": 135.0,
                      "Y": 140.0
                    },
                    "Name": "img_tag",
                    "ctype": "ImageViewObjectData"
                  },
                  {
                    "FileData": {
                      "Type": "MarkedSubImage",
                      "Path": "common/common_time_bg.png",
                      "Plist": "common/common.plist"
                    },
                    "Scale9Enable": true,
                    "Scale9OriginX": 20,
                    "Scale9OriginY": 10,
                    "Scale9Width": 184,
                    "Scale9Height": 4,
                    "AnchorPoint": {
                      "ScaleX": 0.5,
                      "ScaleY": 0.5
                    },
                    "Position": {
                      "X": 320.0,
                      "Y": 72.3
                    },
                    "Scale": {
                      "ScaleX": 1.0,
                      "ScaleY": 1.0
                    },
                    "CColor": {},
                    "IconVisible": false,
                    "PositionPercentXEnabled": true,
                    "PrePosition": {
                      "X": 0.5,
                      "Y": 0.0904
                    },
                    "PreSize": {
                      "X": 0.5,
                      "Y": 0.03
                    },
                    "LeftMargin": 160.0,
                    "RightMargin": 160.0,
                    "TopMargin": 715.7,
                    "BottomMargin": 60.3,
                    "Tag": 830,
                    "Children": [
                      {
                        "IsCustomSize": true,
                        "FontSize": 18,
                        "LabelText": "{TXT_UI_PUSH-ACTIVITY_0}",
                        "FontResource": {
                          "Type": "Normal",
                          "Path": "font/ModeMinBStd.ttf",
                          "Plist": ""
                        },
                        "HorizontalAlignmentType": "HT_Center",
                        "OutlineSize": 2,
                        "OutlineColor": {
                          "G": 0,
                          "B": 0
                        },
                        "ShadowColor": {
                          "R": 110,
                          "G": 110,
                          "B": 110
                        },
                        "ShadowOffsetX": 2.0,
                        "ShadowOffsetY": -2.0,
                        "AnchorPoint": {
                          "ScaleX": 0.5,
                          "ScaleY": 0.5
                        },
                        "Position": {
                          "X": 160.0,
                          "Y": 7.03
                        },
                        "Scale": {
                          "ScaleX": 1.0,
                          "ScaleY": 1.0
                        },
                        "CColor": {},
                        "IconVisible": false,
                        "PositionPercentXEnabled": true,
                        "PrePosition": {
                          "X": 0.5,
                          "Y": 0.2929
                        },
                        "PreSize": {
                          "X": 1.4062,
                          "Y": 1.1667
                        },
                        "LeftMargin": -65.0,
                        "RightMargin": -65.0,
                        "TopMargin": 2.97,
                        "BottomMargin": -6.97,
                        "Tag": 70,
                        "ActionTag": -790308021,
                        "Size": {
                          "X": 450.0,
                          "Y": 28.0
                        },
                        "Name": "txt_timeout",
                        "ctype": "TextObjectData"
                      }
                    ],
                    "ActionTag": -1856565772,
                    "Size": {
                      "X": 320.0,
                      "Y": 24.0
                    },
                    "VisibleForFrame": false,
                    "Name": "img_time_bg",
                    "ctype": "ImageViewObjectData"
                  },
                  {
                    "FontSize": 14,
                    "ButtonText": "",
                    "TextColor": {},
                    "NormalFileData": {
                      "Type": "MarkedSubImage",
                      "Path": "pic/button/button_close.png",
                      "Plist": "pic/button/common_btn_atlas.plist"
                    },
                    "Scale9OriginX": 22,
                    "Scale9OriginY": 22,
                    "Scale9Width": 38,
                    "Scale9Height": 38,
                    "OutlineColor": {
                      "R": 0,
                      "G": 0,
                      "B": 0
                    },
                    "ShadowColor": {
                      "R": 0,
                      "G": 0,
                      "B": 0
                    },
                    "ShadowOffsetX": 2.0,
                    "ShadowOffsetY": -2.0,
                    "TouchEnable": true,
                    "AnchorPoint": {
                      "ScaleX": 0.5,
                      "ScaleY": 0.5
                    },
                    "Position": {
                      "X": 577.54,
                      "Y": 768.1566
                    },
                    "Scale": {
                      "ScaleX": 1.0,
                      "ScaleY": 1.0
                    },
                    "CColor": {},
                    "IconVisible": false,
                    "PrePosition": {
                      "X": 0.9024,
                      "Y": 0.9602
                    },
                    "PreSize": {
                      "X": 0.1063,
                      "Y": 0.085
                    },
                    "LeftMargin": 543.54,
                    "RightMargin": 28.46,
                    "TopMargin": -2.1566,
                    "BottomMargin": 734.1566,
                    "Tag": 791,
                    "ActionTag": 184031876,
                    "Size": {
                      "X": 68.0,
                      "Y": 68.0
                    },
                    "Name": "btn_close",
                    "ctype": "ButtonObjectData"
                  },
                  {
                    "FontSize": 24,
                    "ButtonText": "",
                    "TextColor": {
                      "R": 65,
                      "G": 65,
                      "B": 70
                    },
                    "DisabledFileData": {
                      "Type": "Default",
                      "Path": "Default/Button_Disable.png",
                      "Plist": ""
                    },
                    "PressedFileData": {
                      "Type": "Default",
                      "Path": "Default/Button_Press.png",
                      "Plist": ""
                    },
                    "NormalFileData": {
                      "Type": "MarkedSubImage",
                      "Path": "common_ui/seven_party_18.png",
                      "Plist": "common_ui/common_panel_atlas.plist"
                    },
                    "Scale9Enable": true,
                    "Scale9OriginX": 15,
                    "Scale9OriginY": 11,
                    "Scale9Width": 176,
                    "Scale9Height": 53,
                    "OutlineColor": {
                      "G": 0,
                      "B": 0
                    },
                    "ShadowColor": {
                      "R": 110,
                      "G": 110,
                      "B": 110
                    },
                    "ShadowOffsetX": 2.0,
                    "ShadowOffsetY": -2.0,
                    "TouchEnable": true,
                    "AnchorPoint": {
                      "ScaleX": 0.5,
                      "ScaleY": 0.5
                    },
                    "Position": {
                      "X": 439.9999,
                      "Y": 44.18
                    },
                    "Scale": {
                      "ScaleX": 1.0,
                      "ScaleY": 1.0
                    },
                    "CColor": {},
                    "IconVisible": false,
                    "PrePosition": {
                      "X": 0.6875,
                      "Y": 0.0552
                    },
                    "PreSize": {
                      "X": 0.3547,
                      "Y": 0.1037
                    },
                    "LeftMargin": 326.4999,
                    "RightMargin": 86.5001,
                    "TopMargin": 714.32,
                    "BottomMargin": 2.68,
                    "Tag": 405,
                    "Children": [
                      {
                        "IsCustomSize": true,
                        "FontSize": 24,
                        "LabelText": "{TXT_UI_PUSH-ACTIVITY_1}",
                        "FontResource": {
                          "Type": "Normal",
                          "Path": "font/ModeMinBStd.ttf",
                          "Plist": ""
                        },
                        "HorizontalAlignmentType": "HT_Center",
                        "OutlineSize": 2,
                        "OutlineColor": {
                          "R": 103,
                          "G": 56,
                          "B": 31
                        },
                        "OutlineEnabled": true,
                        "ShadowColor": {
                          "R": 110,
                          "G": 110,
                          "B": 110
                        },
                        "ShadowOffsetX": 2.0,
                        "ShadowOffsetY": -2.0,
                        "AnchorPoint": {
                          "ScaleX": 0.5,
                          "ScaleY": 0.5
                        },
                        "Position": {
                          "X": 114.08,
                          "Y": 47.2
                        },
                        "Scale": {
                          "ScaleX": 1.0,
                          "ScaleY": 1.0
                        },
                        "CColor": {},
                        "IconVisible": false,
                        "PrePosition": {
                          "X": 0.5026,
                          "Y": 0.5687
                        },
                        "PreSize": {
                          "X": 0.7269,
                          "Y": 0.3373
                        },
                        "LeftMargin": 31.58,
                        "RightMargin": 30.42,
                        "TopMargin": 21.8,
                        "BottomMargin": 33.2,
                        "Tag": 531,
                        "ActionTag": 1838211884,
                        "Size": {
                          "X": 165.0,
                          "Y": 28.0
                        },
                        "Name": "txt",
                        "ctype": "TextObjectData"
                      }
                    ],
                    "ActionTag": 1851780086,
                    "Size": {
                      "X": 227.0,
                      "Y": 83.0
                    },
                    "Name": "btn_got",
                    "ctype": "ButtonObjectData"
                  },
                  {
                    "FontSize": 24,
                    "ButtonText": "",
                    "TextColor": {
                      "R": 65,
                      "G": 65,
                      "B": 70
                    },
                    "DisabledFileData": {
                      "Type": "Default",
                      "Path": "Default/Button_Disable.png",
                      "Plist": ""
                    },
                    "PressedFileData": {
                      "Type": "Default",
                      "Path": "Default/Button_Press.png",
                      "Plist": ""
                    },
                    "NormalFileData": {
                      "Type": "MarkedSubImage",
                      "Path": "common_ui/seven_party_18.png",
                      "Plist": "common_ui/common_panel_atlas.plist"
                    },
                    "Scale9Enable": true,
                    "Scale9OriginX": 15,
                    "Scale9OriginY": 11,
                    "Scale9Width": 176,
                    "Scale9Height": 53,
                    "OutlineColor": {
                      "G": 0,
                      "B": 0
                    },
                    "ShadowColor": {
                      "R": 110,
                      "G": 110,
                      "B": 110
                    },
                    "ShadowOffsetX": 2.0,
                    "ShadowOffsetY": -2.0,
                    "TouchEnable": true,
                    "AnchorPoint": {
                      "ScaleX": 0.5,
                      "ScaleY": 0.5
                    },
                    "Position": {
                      "X": 439.9999,
                      "Y": 44.18
                    },
                    "Scale": {
                      "ScaleX": 1.0,
                      "ScaleY": 1.0
                    },
                    "CColor": {},
                    "IconVisible": false,
                    "PrePosition": {
                      "X": 0.6875,
                      "Y": 0.0552
                    },
                    "PreSize": {
                      "X": 0.3547,
                      "Y": 0.1037
                    },
                    "LeftMargin": 326.4999,
                    "RightMargin": 86.5001,
                    "TopMargin": 714.32,
                    "BottomMargin": 2.68,
                    "Tag": 406,
                    "Children": [
                      {
                        "IsCustomSize": true,
                        "FontSize": 24,
                        "LabelText": "{TXT_UI_PUSH-ACTIVITY_2}",
                        "FontResource": {
                          "Type": "Normal",
                          "Path": "font/ModeMinBStd.ttf",
                          "Plist": ""
                        },
                        "HorizontalAlignmentType": "HT_Center",
                        "OutlineSize": 2,
                        "OutlineColor": {
                          "R": 103,
                          "G": 56,
                          "B": 31
                        },
                        "OutlineEnabled": true,
                        "ShadowColor": {
                          "R": 110,
                          "G": 110,
                          "B": 110
                        },
                        "ShadowOffsetX": 2.0,
                        "ShadowOffsetY": -2.0,
                        "AnchorPoint": {
                          "ScaleX": 0.5,
                          "ScaleY": 0.5
                        },
                        "Position": {
                          "X": 114.08,
                          "Y": 47.2
                        },
                        "Scale": {
                          "ScaleX": 1.0,
                          "ScaleY": 1.0
                        },
                        "CColor": {},
                        "IconVisible": false,
                        "PrePosition": {
                          "X": 0.5026,
                          "Y": 0.5687
                        },
                        "PreSize": {
                          "X": 1.0793,
                          "Y": 0.3373
                        },
                        "LeftMargin": -8.42,
                        "RightMargin": -9.58,
                        "TopMargin": 21.8,
                        "BottomMargin": 33.2,
                        "Tag": 530,
                        "ActionTag": -636059464,
                        "Size": {
                          "X": 245.0,
                          "Y": 28.0
                        },
                        "Name": "txt",
                        "ctype": "TextObjectData"
                      }
                    ],
                    "ActionTag": 78994800,
                    "Size": {
                      "X": 227.0,
                      "Y": 83.0
                    },
                    "Name": "btn_goto",
                    "ctype": "ButtonObjectData"
                  },
                  {
                    "FontSize": 24,
                    "ButtonText": "",
                    "TextColor": {
                      "R": 65,
                      "G": 65,
                      "B": 70
                    },
                    "DisabledFileData": {
                      "Type": "Default",
                      "Path": "Default/Button_Disable.png",
                      "Plist": ""
                    },
                    "PressedFileData": {
                      "Type": "Default",
                      "Path": "Default/Button_Press.png",
                      "Plist": ""
                    },
                    "NormalFileData": {
                      "Type": "MarkedSubImage",
                      "Path": "common/common_newbtn2.png",
                      "Plist": "common/common.plist"
                    },
                    "Scale9Enable": true,
                    "Scale9OriginX": 15,
                    "Scale9OriginY": 11,
                    "Scale9Width": 198,
                    "Scale9Height": 61,
                    "OutlineColor": {
                      "G": 0,
                      "B": 0
                    },
                    "ShadowColor": {
                      "R": 110,
                      "G": 110,
                      "B": 110
                    },
                    "ShadowOffsetX": 2.0,
                    "ShadowOffsetY": -2.0,
                    "AnchorPoint": {
                      "ScaleX": 0.5,
                      "ScaleY": 0.5
                    },
                    "Position": {
                      "X": 439.9999,
                      "Y": 44.18
                    },
                    "Scale": {
                      "ScaleX": 1.0,
                      "ScaleY": 1.0
                    },
                    "CColor": {},
                    "IconVisible": false,
                    "PrePosition": {
                      "X": 0.6875,
                      "Y": 0.0552
                    },
                    "PreSize": {
                      "X": 0.3562,
                      "Y": 0.1037
                    },
                    "LeftMargin": 325.9999,
                    "RightMargin": 86.0001,
                    "TopMargin": 714.32,
                    "BottomMargin": 2.68,
                    "Tag": 114,
                    "Children": [
                      {
                        "IsCustomSize": true,
                        "FontSize": 28,
                        "LabelText": "{TXT_UI_PUSH-ACTIVITY_3}",
                        "FontResource": {
                          "Type": "Normal",
                          "Path": "font/ModeMinBStd.ttf",
                          "Plist": ""
                        },
                        "HorizontalAlignmentType": "HT_Center",
                        "OutlineSize": 2,
                        "OutlineColor": {
                          "R": 76,
                          "G": 83,
                          "B": 98
                        },
                        "OutlineEnabled": true,
                        "ShadowColor": {
                          "R": 110,
                          "G": 110,
                          "B": 110
                        },
                        "ShadowOffsetX": 2.0,
                        "ShadowOffsetY": -2.0,
                        "AnchorPoint": {
                          "ScaleX": 0.5,
                          "ScaleY": 0.5
                        },
                        "Position": {
                          "X": 113.5,
                          "Y": 45.5999
                        },
                        "Scale": {
                          "ScaleX": 1.0,
                          "ScaleY": 1.0
                        },
                        "CColor": {},
                        "IconVisible": false,
                        "PrePosition": {
                          "X": 0.4978,
                          "Y": 0.5494
                        },
                        "PreSize": {
                          "X": 0.7237,
                          "Y": 0.4217
                        },
                        "LeftMargin": 31.0,
                        "RightMargin": 32.0,
                        "TopMargin": 19.9001,
                        "BottomMargin": 28.0999,
                        "Tag": 221,
                        "ActionTag": -699490684,
                        "Size": {
                          "X": 165.0,
                          "Y": 35.0
                        },
                        "Name": "txt",
                        "ctype": "TextObjectData"
                      },
                      {
                        "FileData": {
                          "Type": "MarkedSubImage",
                          "Path": "common/common_item.png",
                          "Plist": "common/common.plist"
                        },
                        "Scale9OriginX": 27,
                        "Scale9OriginY": 27,
                        "Scale9Width": 30,
                        "Scale9Height": 30,
                        "AnchorPoint": {
                          "ScaleX": 0.5,
                          "ScaleY": 0.5
                        },
                        "Position": {
                          "X": 46.7282,
                          "Y": 47.0
                        },
                        "Scale": {
                          "ScaleX": 1.0,
                          "ScaleY": 1.0
                        },
                        "CColor": {},
                        "IconVisible": false,
                        "PrePosition": {
                          "X": 0.2049,
                          "Y": 0.5663
                        },
                        "PreSize": {
                          "X": 0.2412,
                          "Y": 0.6627
                        },
                        "LeftMargin": 19.2282,
                        "RightMargin": 153.7718,
                        "TopMargin": 8.5,
                        "BottomMargin": 19.5,
                        "Tag": 368,
                        "Children": [
                          {
                            "IsCustomSize": true,
                            "FontSize": 16,
                            "LabelText": "{TXT_UI_PUSH-ACTIVITY_10}",
                            "FontResource": {
                              "Type": "Normal",
                              "Path": "font/ModeMinBStd.ttf",
                              "Plist": ""
                            },
                            "HorizontalAlignmentType": "HT_Center",
                            "OutlineSize": 2,
                            "OutlineColor": {
                              "R": 105,
                              "G": 68,
                              "B": 38
                            },
                            "OutlineEnabled": true,
                            "ShadowColor": {
                              "R": 110,
                              "G": 110,
                              "B": 110
                            },
                            "ShadowOffsetX": 2.0,
                            "ShadowOffsetY": -2.0,
                            "AnchorPoint": {
                              "ScaleX": 0.5,
                              "ScaleY": 0.5
                            },
                            "Position": {
                              "X": 27.5,
                              "Y": 3.9318
                            },
                            "Scale": {
                              "ScaleX": 1.0,
                              "ScaleY": 1.0
                            },
                            "CColor": {},
                            "IconVisible": false,
                            "PositionPercentXEnabled": true,
                            "PrePosition": {
                              "X": 0.5,
                              "Y": 0.0715
                            },
                            "PreSize": {
                              "X": 0.8909,
                              "Y": 0.4364
                            },
                            "LeftMargin": 3.0,
                            "RightMargin": 3.0,
                            "TopMargin": 39.0682,
                            "BottomMargin": -8.0682,
                            "Tag": 369,
                            "ActionTag": 114756238,
                            "Size": {
                              "X": 49.0,
                              "Y": 24.0
                            },
                            "Name": "txt",
                            "ctype": "TextObjectData"
                          }
                        ],
                        "ActionTag": 1933681972,
                        "Size": {
                          "X": 55.0,
                          "Y": 55.0
                        },
                        "VisibleForFrame": false,
                        "Name": "img_pay_gem",
                        "ctype": "ImageViewObjectData"
                      }
                    ],
                    "ActionTag": 723351138,
                    "Size": {
                      "X": 228.0,
                      "Y": 83.0
                    },
                    "Name": "btn_buy",
                    "ctype": "ButtonObjectData"
                  },
                  {
                    "FontSize": 24,
                    "ButtonText": "",
                    "TextColor": {
                      "R": 65,
                      "G": 65,
                      "B": 70
                    },
                    "NormalFileData": {
                      "Type": "MarkedSubImage",
                      "Path": "common/common_newbtn2.png",
                      "Plist": "common/common.plist"
                    },
                    "Scale9Enable": true,
                    "Scale9OriginX": 15,
                    "Scale9OriginY": 11,
                    "Scale9Width": 198,
                    "Scale9Height": 61,
                    "OutlineColor": {
                      "G": 0,
                      "B": 0
                    },
                    "ShadowColor": {
                      "R": 110,
                      "G": 110,
                      "B": 110
                    },
                    "ShadowOffsetX": 2.0,
                    "ShadowOffsetY": -2.0,
                    "TouchEnable": true,
                    "AnchorPoint": {
                      "ScaleX": 0.5,
                      "ScaleY": 0.5
                    },
                    "Position": {
                      "X": 199.98,
                      "Y": 44.18
                    },
                    "Scale": {
                      "ScaleX": 1.0,
                      "ScaleY": 1.0
                    },
                    "CColor": {},
                    "IconVisible": false,
                    "PrePosition": {
                      "X": 0.3125,
                      "Y": 0.0552
                    },
                    "PreSize": {
                      "X": 0.3562,
                      "Y": 0.1037
                    },
                    "LeftMargin": 85.98,
                    "RightMargin": 326.02,
                    "TopMargin": 714.32,
                    "BottomMargin": 2.68,
                    "Tag": 528,
                    "Children": [
                      {
                        "IsCustomSize": true,
                        "FontSize": 28,
                        "LabelText": "{TXT_UI_PUSH-ACTIVITY_4}",
                        "FontResource": {
                          "Type": "Normal",
                          "Path": "font/ModeMinBStd.ttf",
                          "Plist": ""
                        },
                        "HorizontalAlignmentType": "HT_Center",
                        "OutlineSize": 2,
                        "OutlineColor": {
                          "R": 76,
                          "G": 83,
                          "B": 98
                        },
                        "OutlineEnabled": true,
                        "ShadowColor": {
                          "R": 110,
                          "G": 110,
                          "B": 110
                        },
                        "ShadowOffsetX": 2.0,
                        "ShadowOffsetY": -2.0,
                        "AnchorPoint": {
                          "ScaleX": 0.5,
                          "ScaleY": 0.5
                        },
                        "Position": {
                          "X": 114.0,
                          "Y": 43.6032
                        },
                        "Scale": {
                          "ScaleX": 1.0,
                          "ScaleY": 1.0
                        },
                        "CColor": {},
                        "IconVisible": false,
                        "PositionPercentXEnabled": true,
                        "PrePosition": {
                          "X": 0.5,
                          "Y": 0.5253
                        },
                        "PreSize": {
                          "X": 0.7939,
                          "Y": 0.4578
                        },
                        "LeftMargin": 23.5,
                        "RightMargin": 23.5,
                        "TopMargin": 20.3968,
                        "BottomMargin": 24.6032,
                        "Tag": 529,
                        "ActionTag": -829493954,
                        "Size": {
                          "X": 181.0,
                          "Y": 38.0
                        },
                        "Name": "txt",
                        "ctype": "TextObjectData"
                      }
                    ],
                    "ActionTag": 1664617427,
                    "Size": {
                      "X": 228.0,
                      "Y": 83.0
                    },
                    "Name": "btn_cancel",
                    "ctype": "ButtonObjectData"
                  },
                  {
                    "NormalBackFileData": {
                      "Type": "MarkedSubImage",
                      "Path": "common/img_TeamImg5.png",
                      "Plist": "common/common.plist"
                    },
                    "NodeNormalFileData": {
                      "Type": "MarkedSubImage",
                      "Path": "common/icon_checkbok_ok.png",
                      "Plist": "common/common.plist"
                    },
                    "NodeDisableFileData": {
                      "Type": "MarkedSubImage",
                      "Path": "common/icon_checkbok_ok.png",
                      "Plist": "common/common.plist"
                    },
                    "TouchEnable": true,
                    "AnchorPoint": {
                      "ScaleX": 0.5,
                      "ScaleY": 0.5
                    },
                    "Position": {
                      "X": 229.17,
                      "Y": 106.0
                    },
                    "Scale": {
                      "ScaleX": 1.0,
                      "ScaleY": 1.0
                    },
                    "CColor": {},
                    "IconVisible": false,
                    "PrePosition": {
                      "X": 0.3581,
                      "Y": 0.1325
                    },
                    "PreSize": {
                      "X": 0.0312,
                      "Y": 0.025
                    },
                    "LeftMargin": 219.17,
                    "RightMargin": 400.83,
                    "TopMargin": 684.0,
                    "BottomMargin": 96.0,
                    "Tag": 163,
                    "Children": [
                      {
                        "ClipAble": false,
                        "BackColorAlpha": 102,
                        "SingleColor": {
                          "R": 150,
                          "G": 200
                        },
                        "FirstColor": {
                          "R": 150,
                          "G": 200
                        },
                        "EndColor": {},
                        "ColorVector": {
                          "ScaleY": 1.0
                        },
                        "Scale9Width": 1,
                        "Scale9Height": 1,
                        "TouchEnable": true,
                        "AnchorPoint": {},
                        "Position": {
                          "X": 0.0377,
                          "Y": -5.8
                        },
                        "Scale": {
                          "ScaleX": 1.0,
                          "ScaleY": 1.0
                        },
                        "CColor": {},
                        "IconVisible": false,
                        "PrePosition": {
                          "X": 0.0019,
                          "Y": -0.29
                        },
                        "PreSize": {
                          "X": 10.25,
                          "Y": 1.55
                        },
                        "LeftMargin": 0.0377,
                        "RightMargin": -185.0377,
                        "TopMargin": -5.2,
                        "BottomMargin": -5.8,
                        "Tag": 164,
                        "ActionTag": 300376785,
                        "Size": {
                          "X": 205.0,
                          "Y": 31.0
                        },
                        "Name": "panel_save",
                        "ctype": "PanelObjectData"
                      },
                      {
                        "IsCustomSize": true,
                        "FontSize": 22,
                        "LabelText": "{TXT_UI_PUSH-ACTIVITY_5}",
                        "FontResource": {
                          "Type": "Normal",
                          "Path": "font/ModeMinBStd.ttf",
                          "Plist": ""
                        },
                        "OutlineColor": {
                          "G": 0,
                          "B": 0
                        },
                        "ShadowColor": {
                          "R": 110,
                          "G": 110,
                          "B": 110
                        },
                        "ShadowOffsetX": 2.0,
                        "ShadowOffsetY": -2.0,
                        "AnchorPoint": {
                          "ScaleY": 1.0
                        },
                        "Position": {
                          "X": 27.8491,
                          "Y": 22.09
                        },
                        "Scale": {
                          "ScaleX": 1.0,
                          "ScaleY": 1.0
                        },
                        "CColor": {},
                        "IconVisible": false,
                        "PrePosition": {
                          "X": 1.3925,
                          "Y": 1.1045
                        },
                        "PreSize": {
                          "X": 9.7,
                          "Y": 1.25
                        },
                        "LeftMargin": 27.8491,
                        "RightMargin": -201.8491,
                        "TopMargin": -2.09,
                        "BottomMargin": -2.91,
                        "Tag": 162,
                        "ActionTag": -1259429725,
                        "Size": {
                          "X": 194.0,
                          "Y": 25.0
                        },
                        "Name": "Text_8",
                        "ctype": "TextObjectData"
                      }
                    ],
                    "ActionTag": -661531277,
                    "Size": {
                      "X": 20.0,
                      "Y": 20.0
                    },
                    "Name": "save_toggle",
                    "ctype": "CheckBoxObjectData"
                  },
                  {
                    "IsCustomSize": true,
                    "FontSize": 18,
                    "LabelText": "{TXT_UI_PUSH-ACTIVITY_6}",
                    "FontResource": {
                      "Type": "Normal",
                      "Path": "font/ModeMinBStd.ttf",
                      "Plist": ""
                    },
                    "HorizontalAlignmentType": "HT_Center",
                    "OutlineColor": {
                      "G": 0,
                      "B": 0
                    },
                    "ShadowColor": {
                      "R": 110,
                      "G": 110,
                      "B": 110
                    },
                    "ShadowOffsetX": 2.0,
                    "ShadowOffsetY": -2.0,
                    "AnchorPoint": {
                      "ScaleX": 0.5,
                      "ScaleY": 1.0
                    },
                    "Position": {
                      "X": 320.0,
                      "Y": 113.82
                    },
                    "Scale": {
                      "ScaleX": 1.0,
                      "ScaleY": 1.0
                    },
                    "CColor": {
                      "R": 227,
                      "G": 228,
                      "B": 89
                    },
                    "IconVisible": false,
                    "PositionPercentXEnabled": true,
                    "PrePosition": {
                      "X": 0.5,
                      "Y": 0.1423
                    },
                    "PreSize": {
                      "X": 0.7297,
                      "Y": 0.0375
                    },
                    "LeftMargin": 86.5,
                    "RightMargin": 86.5,
                    "TopMargin": 686.18,
                    "BottomMargin": 83.82,
                    "Tag": 185,
                    "ActionTag": 742162003,
                    "Size": {
                      "X": 467.0,
                      "Y": 30.0
                    },
                    "VisibleForFrame": false,
                    "Name": "txt_gold_gacha_info",
                    "ctype": "TextObjectData"
                  },
                  {
                    "FileData": {
                      "Type": "Normal",
                      "Path": "common_ui/icon_pay_activity_21.png",
                      "Plist": ""
                    },
                    "Scale9Enable": true,
                    "Scale9OriginX": 129,
                    "Scale9OriginY": 9,
                    "Scale9Width": 260,
                    "Scale9Height": 230,
                    "AnchorPoint": {
                      "ScaleX": 0.5
                    },
                    "Position": {
                      "X": 320.0,
                      "Y": 140.0
                    },
                    "Scale": {
                      "ScaleX": 0.9,
                      "ScaleY": 0.9
                    },
                    "CColor": {},
                    "IconVisible": false,
                    "PrePosition": {
                      "X": 0.5,
                      "Y": 0.175
                    },
                    "PreSize": {
                      "X": 0.8094,
                      "Y": 0.31
                    },
                    "LeftMargin": 61.0,
                    "RightMargin": 61.0,
                    "TopMargin": 412.0,
                    "BottomMargin": 140.0,
                    "Tag": 160,
                    "Children": [
                      {
                        "FileData": {
                          "Type": "MarkedSubImage",
                          "Path": "pic/pay_activity/icon_pay_activity_22.png",
                          "Plist": "pic/pay_activity/pay_activity_atlas.plist"
                        },
                        "Scale9OriginX": 129,
                        "Scale9OriginY": 9,
                        "Scale9Width": 135,
                        "Scale9Height": 11,
                        "AnchorPoint": {
                          "ScaleX": 0.5
                        },
                        "Position": {
                          "X": 259.0,
                          "Y": 193.8314
                        },
                        "Scale": {
                          "ScaleX": 0.9974,
                          "ScaleY": 1.0
                        },
                        "CColor": {},
                        "IconVisible": false,
                        "PositionPercentXEnabled": true,
                        "PrePosition": {
                          "X": 0.5,
                          "Y": 0.7816
                        },
                        "PreSize": {
                          "X": 0.7587,
                          "Y": 0.1169
                        },
                        "LeftMargin": 62.5,
                        "RightMargin": 62.5,
                        "TopMargin": 25.1686,
                        "BottomMargin": 193.8314,
                        "Tag": 161,
                        "ActionTag": -1025031261,
                        "Size": {
                          "X": 393.0,
                          "Y": 29.0
                        },
                        "Name": "img_title",
                        "ctype": "ImageViewObjectData"
                      },
                      {
                        "FileData": {
                          "Type": "MarkedSubImage",
                          "Path": "partner/img_Cricle5.png",
                          "Plist": "partner/partner.plist"
                        },
                        "Scale9Enable": true,
                        "Scale9OriginX": 14,
                        "Scale9OriginY": 11,
                        "Scale9Width": 5,
                        "Scale9Height": 8,
                        "AnchorPoint": {
                          "ScaleX": 0.5
                        },
                        "Position": {
                          "X": 259.0,
                          "Y": 63.2793
                        },
                        "Scale": {
                          "ScaleX": 0.9974,
                          "ScaleY": 1.0
                        },
                        "CColor": {},
                        "IconVisible": false,
                        "PositionPercentXEnabled": true,
                        "PrePosition": {
                          "X": 0.5,
                          "Y": 0.2552
                        },
                        "PreSize": {
                          "X": 0.8514,
                          "Y": 0.4919
                        },
                        "LeftMargin": 38.5,
                        "RightMargin": 38.5,
                        "TopMargin": 62.7207,
                        "BottomMargin": 63.2793,
                        "Tag": 162,
                        "ActionTag": 1481638852,
                        "Size": {
                          "X": 441.0,
                          "Y": 122.0
                        },
                        "Name": "Image_listBg",
                        "ctype": "ImageViewObjectData"
                      },
                      {
                        "ItemMargin": 8,
                        "VerticalType": "Align_VerticalCenter",
                        "ScrollDirectionType": 0,
                        "ClipAble": true,
                        "BackColorAlpha": 102,
                        "SingleColor": {
                          "R": 150,
                          "G": 150
                        },
                        "FirstColor": {
                          "R": 150,
                          "G": 150
                        },
                        "EndColor": {},
                        "ColorVector": {
                          "ScaleY": 1.0
                        },
                        "Scale9Width": 1,
                        "Scale9Height": 1,
                        "TouchEnable": true,
                        "AnchorPoint": {
                          "ScaleX": 0.5,
                          "ScaleY": 0.5
                        },
                        "Position": {
                          "X": 259.0,
                          "Y": 124.7159
                        },
                        "Scale": {
                          "ScaleX": 1.0,
                          "ScaleY": 1.0
                        },
                        "CColor": {},
                        "IconVisible": false,
                        "PositionPercentXEnabled": true,
                        "PrePosition": {
                          "X": 0.5,
                          "Y": 0.5029
                        },
                        "PreSize": {
                          "X": 0.8475,
                          "Y": 0.4677
                        },
                        "LeftMargin": 39.5,
                        "RightMargin": 39.5,
                        "TopMargin": 65.2841,
                        "BottomMargin": 66.7159,
                        "Tag": 163,
                        "ActionTag": -1662362449,
                        "Size": {
                          "X": 439.0,
                          "Y": 116.0
                        },
                        "Name": "list_reward_item",
                        "ctype": "ListViewObjectData"
                      },
                      {
                        "FileData": {
                          "Type": "MarkedSubImage",
                          "Path": "pic/equip/equip_Img5.png",
                          "Plist": "pic/equip/equip.plist"
                        },
                        "Scale9Enable": true,
                        "Scale9OriginX": 34,
                        "Scale9OriginY": 7,
                        "Scale9Width": 69,
                        "Scale9Height": 16,
                        "AnchorPoint": {
                          "ScaleX": 0.5,
                          "ScaleY": 0.5
                        },
                        "Position": {
                          "X": 259.0,
                          "Y": 43.99
                        },
                        "Scale": {
                          "ScaleX": 1.0,
                          "ScaleY": 1.0
                        },
                        "CColor": {},
                        "IconVisible": false,
                        "PositionPercentXEnabled": true,
                        "PrePosition": {
                          "X": 0.5,
                          "Y": 0.1774
                        },
                        "PreSize": {
                          "X": 0.6467,
                          "Y": 0.121
                        },
                        "LeftMargin": 91.5,
                        "RightMargin": 91.5,
                        "TopMargin": 189.01,
                        "BottomMargin": 28.99,
                        "Tag": 164,
                        "Children": [
                          {
                            "IsCustomSize": true,
                            "FontSize": 20,
                            "LabelText": "{TXT_UI_PUSH-ACTIVITY_7}",
                            "FontResource": {
                              "Type": "Normal",
                              "Path": "font/ModeMinBStd.ttf",
                              "Plist": ""
                            },
                            "HorizontalAlignmentType": "HT_Center",
                            "OutlineColor": {
                              "R": 109,
                              "G": 0,
                              "B": 0
                            },
                            "ShadowColor": {
                              "R": 110,
                              "G": 110,
                              "B": 110
                            },
                            "ShadowOffsetX": 2.0,
                            "ShadowOffsetY": -2.0,
                            "AnchorPoint": {
                              "ScaleX": 0.5,
                              "ScaleY": 0.5
                            },
                            "Position": {
                              "X": 167.5,
                              "Y": 13.5
                            },
                            "Scale": {
                              "ScaleX": 1.0,
                              "ScaleY": 1.0
                            },
                            "CColor": {},
                            "IconVisible": false,
                            "PositionPercentXEnabled": true,
                            "PrePosition": {
                              "X": 0.5,
                              "Y": 0.45
                            },
                            "PreSize": {
                              "X": 1.1761,
                              "Y": 0.8
                            },
                            "LeftMargin": -29.5,
                            "RightMargin": -29.5,
                            "TopMargin": 4.5,
                            "BottomMargin": 1.5,
                            "Tag": 165,
                            "ActionTag": -193497814,
                            "Size": {
                              "X": 394.0,
                              "Y": 24.0
                            },
                            "Name": "txt_deadline",
                            "ctype": "TextObjectData"
                          }
                        ],
                        "ActionTag": 107222571,
                        "Size": {
                          "X": 335.0,
                          "Y": 30.0
                        },
                        "Name": "img_deadline_bg",
                        "ctype": "ImageViewObjectData"
                      },
                      {
                        "FileData": {
                          "Type": "Default",
                          "Path": "Default/ImageFile.png",
                          "Plist": ""
                        },
                        "Scale9Width": 46,
                        "Scale9Height": 46,
                        "AnchorPoint": {
                          "ScaleX": 0.5,
                          "ScaleY": 0.5
                        },
                        "Position": {
                          "X": 28.46,
                          "Y": 234.12
                        },
                        "Scale": {
                          "ScaleX": 1.0,
                          "ScaleY": 1.0
                        },
                        "CColor": {},
                        "IconVisible": false,
                        "PrePosition": {
                          "X": 0.0549,
                          "Y": 0.944
                        },
                        "PreSize": {
                          "X": 0.0888,
                          "Y": 0.1855
                        },
                        "LeftMargin": 5.46,
                        "RightMargin": 466.54,
                        "TopMargin": -9.12,
                        "BottomMargin": 211.12,
                        "Tag": 178,
                        "ActionTag": 923797688,
                        "Size": {
                          "X": 46.0,
                          "Y": 46.0
                        },
                        "VisibleForFrame": false,
                        "Name": "img_gem_tag",
                        "ctype": "ImageViewObjectData"
                      }
                    ],
                    "ActionTag": -1453459069,
                    "Size": {
                      "X": 518.0,
                      "Y": 248.0
                    },
                    "Name": "img_itemlist_bg",
                    "ctype": "ImageViewObjectData"
                  },
                  {
                    "FileData": {
                      "Type": "MarkedSubImage",
                      "Path": "common_ui/Dress_ImgTips.png",
                      "Plist": "common_ui/common_slider_atlas.plist"
                    },
                    "Scale9Enable": true,
                    "Scale9OriginX": 210,
                    "Scale9OriginY": 98,
                    "Scale9Width": 132,
                    "Scale9Height": 46,
                    "AnchorPoint": {
                      "ScaleX": 0.5,
                      "ScaleY": 1.0
                    },
                    "Position": {
                      "X": 318.5927,
                      "Y": 497.1912
                    },
                    "Scale": {
                      "ScaleX": 0.9,
                      "ScaleY": 0.9
                    },
                    "CColor": {},
                    "IconVisible": false,
                    "PrePosition": {
                      "X": 0.4978,
                      "Y": 0.6215
                    },
                    "PreSize": {
                      "X": 0.7625,
                      "Y": 0.2025
                    },
                    "LeftMargin": 74.5927,
                    "RightMargin": 77.4073,
                    "TopMargin": 302.8088,
                    "BottomMargin": 335.1912,
                    "Tag": 297,
                    "Children": [
                      {
                        "IsCustomSize": true,
                        "FontSize": 20,
                        "LabelText": "{TXT_UI_PUSH-ACTIVITY_8}",
                        "FontResource": {
                          "Type": "Normal",
                          "Path": "font/ModeMinBStd.ttf",
                          "Plist": ""
                        },
                        "OutlineColor": {
                          "R": 0,
                          "G": 0,
                          "B": 0
                        },
                        "ShadowColor": {
                          "R": 0,
                          "G": 0,
                          "B": 0
                        },
                        "ShadowOffsetX": 2.0,
                        "ShadowOffsetY": -2.0,
                        "AnchorPoint": {
                          "ScaleY": 1.0
                        },
                        "Position": {
                          "X": 13.1398,
                          "Y": 98.455
                        },
                        "Scale": {
                          "ScaleX": 1.0,
                          "ScaleY": 1.0
                        },
                        "CColor": {
                          "R": 119,
                          "G": 41,
                          "B": 41
                        },
                        "IconVisible": false,
                        "PrePosition": {
                          "X": 0.0269,
                          "Y": 0.6077
                        },
                        "PreSize": {
                          "X": 0.9467,
                          "Y": 0.5062
                        },
                        "LeftMargin": 13.1398,
                        "RightMargin": 12.8602,
                        "TopMargin": 63.545,
                        "BottomMargin": 16.455,
                        "Tag": 298,
                        "ActionTag": -176104023,
                        "Size": {
                          "X": 462.0,
                          "Y": 82.0
                        },
                        "Name": "txt_say_content",
                        "ctype": "TextObjectData"
                      },
                      {
                        "IsCustomSize": true,
                        "FontSize": 22,
                        "LabelText": "{TXT_UI_PUSH-ACTIVITY_9}",
                        "FontResource": {
                          "Type": "Normal",
                          "Path": "font/ModeMinBStd.ttf",
                          "Plist": ""
                        },
                        "OutlineSize": 2,
                        "OutlineColor": {
                          "R": 71,
                          "G": 48,
                          "B": 40
                        },
                        "OutlineEnabled": true,
                        "ShadowColor": {
                          "R": 0,
                          "G": 0,
                          "B": 0
                        },
                        "ShadowOffsetX": 2.0,
                        "ShadowOffsetY": -2.0,
                        "AnchorPoint": {
                          "ScaleY": 1.0
                        },
                        "Position": {
                          "X": 12.3088,
                          "Y": 130.785
                        },
                        "Scale": {
                          "ScaleX": 1.0,
                          "ScaleY": 1.0
                        },
                        "CColor": {},
                        "IconVisible": false,
                        "PrePosition": {
                          "X": 0.0252,
                          "Y": 0.8073
                        },
                        "PreSize": {
                          "X": 0.8627,
                          "Y": 0.1605
                        },
                        "LeftMargin": 12.3088,
                        "RightMargin": 54.6912,
                        "TopMargin": 31.215,
                        "BottomMargin": 104.785,
                        "Tag": 299,
                        "ActionTag": -276787921,
                        "Size": {
                          "X": 421.0,
                          "Y": 26.0
                        },
                        "Name": "txt_say_name",
                        "ctype": "TextObjectData"
                      }
                    ],
                    "ActionTag": 669701603,
                    "Size": {
                      "X": 488.0,
                      "Y": 162.0
                    },
                    "VisibleForFrame": false,
                    "Name": "img_say_bg",
                    "ctype": "ImageViewObjectData"
                  }
                ],
                "ActionTag": 1453954737,
                "Size": {
                  "X": 640.0,
                  "Y": 800.0
                },
                "Name": "pnl_body",
                "ctype": "PanelObjectData"
              }
            ],
            "ActionTag": -1219573097,
            "Size": {
              "X": 640.0,
              "Y": 1136.0
            },
            "Name": "Root",
            "ctype": "PanelObjectData"
          },
          {
            "ClipAble": false,
            "BackColorAlpha": 102,
            "SingleColor": {
              "R": 150,
              "G": 200
            },
            "FirstColor": {
              "R": 150,
              "G": 200
            },
            "EndColor": {},
            "ColorVector": {
              "ScaleY": 1.0
            },
            "Scale9Width": 1,
            "Scale9Height": 1,
            "TouchEnable": true,
            "AnchorPoint": {
              "ScaleX": 0.5,
              "ScaleY": 0.5
            },
            "Position": {
              "X": -193.8875,
              "Y": 249.4191
            },
            "Scale": {
              "ScaleX": 1.0,
              "ScaleY": 1.0
            },
            "CColor": {},
            "IconVisible": false,
            "PrePosition": {
              "X": -0.3029,
              "Y": 0.2196
            },
            "PreSize": {
              "X": 0.0625,
              "Y": 0.088
            },
            "LeftMargin": -213.8875,
            "RightMargin": 813.8875,
            "TopMargin": 836.5809,
            "BottomMargin": 199.4191,
            "Tag": 189,
            "Children": [
              {
                "FileData": {
                  "Type": "MarkedSubImage",
                  "Path": "pic/pay_activity/superActivity_plus.png",
                  "Plist": "pic/pay_activity/pay_activity_atlas.plist"
                },
                "Scale9OriginX": 11,
                "Scale9OriginY": 11,
                "Scale9Width": 13,
                "Scale9Height": 13,
                "AnchorPoint": {
                  "ScaleX": 0.5,
                  "ScaleY": 0.5
                },
                "Position": {
                  "X": 20.0,
                  "Y": 50.0
                },
                "Scale": {
                  "ScaleX": 1.0,
                  "ScaleY": 1.0
                },
                "CColor": {},
                "IconVisible": false,
                "PositionPercentXEnabled": true,
                "PositionPercentYEnabled": true,
                "PrePosition": {
                  "X": 0.5,
                  "Y": 0.5
                },
                "PreSize": {
                  "X": 0.875,
                  "Y": 0.35
                },
                "LeftMargin": 2.5,
                "RightMargin": 2.5,
                "TopMargin": 32.5,
                "BottomMargin": 32.5,
                "Tag": 190,
                "ActionTag": -1194388406,
                "Size": {
                  "X": 35.0,
                  "Y": 35.0
                },
                "Name": "img_add",
                "ctype": "ImageViewObjectData"
              }
            ],
            "ActionTag": -433916352,
            "Size": {
              "X": 40.0,
              "Y": 100.0
            },
            "Name": "item_add",
            "ctype": "PanelObjectData"
          }
        ],
        "Size": {
          "X": 640.0,
          "Y": 1136.0
        },
        "Name": "Layer",
        "ctype": "LayerObjectData"
      },
      "UsedResources": [
        "common/common.plist",
        "common/common.png",
        "common_ui/common_panel_atlas.plist",
        "common_ui/common_panel_atlas.png",
        "common_ui/common_slider_atlas.plist",
        "common_ui/common_slider_atlas.png",
        "common_ui/icon_pay_activity_21.png",
        "Default/Button_Disable.png",
        "Default/Button_Press.png",
        "Default/ImageFile.png",
        "font/ModeMinBStd.ttf",
        "partner/partner.plist",
        "partner/partner.png",
        "pic/button/common_btn_atlas.plist",
        "pic/button/common_btn_atlas.png",
        "pic/equip/equip.plist",
        "pic/equip/equip.png",
        "pic/icon/icon_atlas.plist",
        "pic/icon/icon_atlas.png",
        "pic/offline_report/offine_report.plist",
        "pic/offline_report/offine_report.png",
        "pic/pay_activity/pay_activity_atlas.plist",
        "pic/pay_activity/pay_activity_atlas.png"
      ],
      "ctype": "GameFileData"
    }
  },
  "Type": "Layer"
}