{
  "ID": "d91a6b5a-e981-41a5-a654-f306b0d9afd3",
  "Version": "3.10.0.0",
  "Name": "roultette",
  "Content": {
    "Content": {
      "Animation": {
        "Duration": 0,
        "Speed": 1.0,
        "ActivedAnimationName": "open_ball_anim",
        "Timelines": [],
        "ctype": "TimelineActionData"
      },
      "AnimationList": [
        {
          "StartIndex": 0,
          "EndIndex": 70,
          "Name": "open_ball_anim",
          "ctype": "AnimationInfoData"
        }
      ],
      "ObjectData": {
        "Tag": 378,
        "Children": [
          {
            "ClipAble": false,
            "BackColorAlpha": 0,
            "ComboBoxIndex": 1,
            "SingleColor": {
              "R": 0,
              "G": 0,
              "B": 0
            },
            "FirstColor": {},
            "EndColor": {
              "R": 150,
              "G": 200
            },
            "ColorVector": {
              "ScaleX": 0.0,
              "ScaleY": -1.0
            },
            "Scale9Width": 1,
            "Scale9Height": 1,
            "TouchEnable": true,
            "AnchorPoint": {
              "ScaleY": 1.0
            },
            "Position": {
              "X": 0.0,
              "Y": 1136.0
            },
            "Scale": {
              "ScaleX": 1.0,
              "ScaleY": 1.0
            },
            "CColor": {},
            "IconVisible": false,
            "PrePosition": {
              "X": 0.0,
              "Y": 1.0
            },
            "PreSize": {
              "X": 1.0,
              "Y": 1.0
            },
            "Tag": 55053,
            "Children": [
              {
                "FileData": {
                  "Type": "Normal",
                  "Path": "pic/bountyhunt/bountyhuntBg3.jpg",
                  "Plist": ""
                },
                "Scale9OriginX": 211,
                "Scale9OriginY": 374,
                "Scale9Width": 218,
                "Scale9Height": 388,
                "AnchorPoint": {
                  "ScaleX": 0.5,
                  "ScaleY": 0.5
                },
                "Position": {
                  "X": 320.0,
                  "Y": 568.0
                },
                "Scale": {
                  "ScaleX": 1.0,
                  "ScaleY": 1.0
                },
                "CColor": {},
                "IconVisible": false,
                "PrePosition": {
                  "X": 0.5,
                  "Y": 0.5
                },
                "PreSize": {
                  "X": 1.0,
                  "Y": 1.0
                },
                "Tag": 106353,
                "Children": [
                  {
                    "FileData": {
                      "Type": "MarkedSubImage",
                      "Path": "roulette/curtain.png",
                      "Plist": "roulette/roultette.plist"
                    },
                    "Scale9OriginX": 215,
                    "Scale9OriginY": 29,
                    "Scale9Width": 224,
                    "Scale9Height": 30,
                    "AnchorPoint": {
                      "ScaleX": 0.5,
                      "ScaleY": 0.5
                    },
                    "Position": {
                      "X": 320.0,
                      "Y": 1054.7876
                    },
                    "Scale": {
                      "ScaleX": 1.0,
                      "ScaleY": 1.0
                    },
                    "CColor": {},
                    "IconVisible": false,
                    "PositionPercentXEnabled": true,
                    "PrePosition": {
                      "X": 0.5,
                      "Y": 0.9285
                    },
                    "PreSize": {
                      "X": 1.0219,
                      "Y": 0.0775
                    },
                    "LeftMargin": -7.0,
                    "RightMargin": -7.0,
                    "TopMargin": 37.2124,
                    "BottomMargin": 1010.7876,
                    "Tag": 81,
                    "ActionTag": -800310049,
                    "Size": {
                      "X": 654.0,
                      "Y": 88.0
                    },
                    "Name": "img_curtain",
                    "ctype": "ImageViewObjectData"
                  },
                  {
                    "ClipAble": false,
                    "BackColorAlpha": 102,
                    "SingleColor": {
                      "R": 150,
                      "G": 200
                    },
                    "FirstColor": {
                      "R": 150,
                      "G": 200
                    },
                    "EndColor": {},
                    "ColorVector": {
                      "ScaleY": 1.0
                    },
                    "Scale9Width": 1,
                    "Scale9Height": 1,
                    "AnchorPoint": {
                      "ScaleY": 1.0
                    },
                    "Position": {
                      "X": 0.0,
                      "Y": 1136.0002
                    },
                    "Scale": {
                      "ScaleX": 1.0,
                      "ScaleY": 1.0
                    },
                    "CColor": {},
                    "IconVisible": false,
                    "PrePosition": {
                      "X": 0.0,
                      "Y": 1.0
                    },
                    "PreSize": {
                      "X": 1.0,
                      "Y": 0.088
                    },
                    "TopMargin": -0.0002,
                    "BottomMargin": 1036.0002,
                    "Tag": 7068,
                    "Children": [
                      {
                        "FileData": {
                          "Type": "Normal",
                          "Path": "common_ui/icon_club_top_bg.png",
                          "Plist": ""
                        },
                        "Scale9OriginX": 211,
                        "Scale9OriginY": 18,
                        "Scale9Width": 218,
                        "Scale9Height": 140,
                        "AnchorPoint": {
                          "ScaleX": 0.5
                        },
                        "Position": {
                          "X": 320.0,
                          "Y": 43.0
                        },
                        "Scale": {
                          "ScaleX": 1.0,
                          "ScaleY": 1.0
                        },
                        "CColor": {},
                        "IconVisible": false,
                        "PrePosition": {
                          "X": 0.5,
                          "Y": 0.43
                        },
                        "PreSize": {
                          "X": 1.0,
                          "Y": 1.81
                        },
                        "TopMargin": -124.0,
                        "BottomMargin": 43.0,
                        "Tag": 7069,
                        "ActionTag": 1647439956,
                        "Size": {
                          "X": 640.0,
                          "Y": 181.0
                        },
                        "Name": "Image_1",
                        "ctype": "ImageViewObjectData"
                      },
                      {
                        "FileData": {
                          "Type": "MarkedSubImage",
                          "Path": "pic/icon/icon_bg.png",
                          "Plist": "pic/icon/icon_atlas.plist"
                        },
                        "Scale9OriginX": 98,
                        "Scale9OriginY": 22,
                        "Scale9Width": 198,
                        "Scale9Height": 29,
                        "AnchorPoint": {
                          "ScaleX": 0.5,
                          "ScaleY": 0.5
                        },
                        "Position": {
                          "X": 320.0,
                          "Y": 59.8452
                        },
                        "Scale": {
                          "ScaleX": 1.0,
                          "ScaleY": 1.0
                        },
                        "CColor": {},
                        "IconVisible": false,
                        "PrePosition": {
                          "X": 0.5,
                          "Y": 0.5985
                        },
                        "PreSize": {
                          "X": 0.6562,
                          "Y": 0.73
                        },
                        "LeftMargin": 110.0,
                        "RightMargin": 110.0,
                        "TopMargin": 3.6548,
                        "BottomMargin": 23.3452,
                        "Tag": 7070,
                        "ActionTag": -860712718,
                        "Size": {
                          "X": 420.0,
                          "Y": 73.0
                        },
                        "Name": "Image_26",
                        "ctype": "ImageViewObjectData"
                      },
                      {
                        "IsCustomSize": true,
                        "FontSize": 30,
                        "LabelText": "",
                        "FontResource": {
                          "Type": "Normal",
                          "Path": "font/ModeMinBStd.ttf",
                          "Plist": ""
                        },
                        "HorizontalAlignmentType": "HT_Center",
                        "OutlineColor": {
                          "R": 0,
                          "G": 0,
                          "B": 0
                        },
                        "ShadowColor": {
                          "R": 0,
                          "G": 0,
                          "B": 0
                        },
                        "ShadowOffsetX": 2.0,
                        "ShadowOffsetY": -2.0,
                        "ShadowEnabled": true,
                        "AnchorPoint": {
                          "ScaleX": 0.5,
                          "ScaleY": 0.5
                        },
                        "Position": {
                          "X": 320.2818,
                          "Y": 64.3712
                        },
                        "Scale": {
                          "ScaleX": 1.0,
                          "ScaleY": 1.0
                        },
                        "CColor": {},
                        "IconVisible": false,
                        "PrePosition": {
                          "X": 0.5004,
                          "Y": 0.6437
                        },
                        "PreSize": {
                          "X": 0.5469,
                          "Y": 0.33
                        },
                        "LeftMargin": 145.2818,
                        "RightMargin": 144.7182,
                        "TopMargin": 19.1288,
                        "BottomMargin": 47.8712,
                        "Tag": 7071,
                        "ActionTag": -1514930204,
                        "Size": {
                          "X": 350.0,
                          "Y": 33.0
                        },
                        "Name": "txt_title",
                        "ctype": "TextObjectData"
                      }
                    ],
                    "ActionTag": -1904207418,
                    "Size": {
                      "X": 640.0,
                      "Y": 100.0
                    },
                    "Name": "pnl_top",
                    "ctype": "PanelObjectData"
                  },
                  {
                    "FileData": {
                      "Type": "MarkedSubImage",
                      "Path": "roulette/table.png",
                      "Plist": "roulette/roultette.plist"
                    },
                    "Scale9OriginX": 211,
                    "Scale9OriginY": 47,
                    "Scale9Width": 221,
                    "Scale9Height": 50,
                    "AnchorPoint": {},
                    "Position": {
                      "X": 0.0001,
                      "Y": 0.0
                    },
                    "Scale": {
                      "ScaleX": 1.0,
                      "ScaleY": 1.0
                    },
                    "CColor": {},
                    "IconVisible": false,
                    "PrePosition": {
                      "X": 0.0,
                      "Y": 0.0
                    },
                    "PreSize": {
                      "X": 1.0047,
                      "Y": 0.1268
                    },
                    "LeftMargin": 0.0001,
                    "RightMargin": -3.0001,
                    "TopMargin": 992.0,
                    "Tag": 119,
                    "Children": [
                      {
                        "IsCustomSize": true,
                        "FontSize": 22,
                        "LabelText": "{TXT_UI_ROULTETTE_2}",
                        "FontResource": {
                          "Type": "Normal",
                          "Path": "font/ModeMinBStd.ttf",
                          "Plist": ""
                        },
                        "HorizontalAlignmentType": "HT_Center",
                        "OutlineSize": 2,
                        "OutlineColor": {
                          "R": 99,
                          "G": 40,
                          "B": 31
                        },
                        "OutlineEnabled": true,
                        "ShadowColor": {
                          "R": 110,
                          "G": 110,
                          "B": 110
                        },
                        "ShadowOffsetX": 2.0,
                        "ShadowOffsetY": -2.0,
                        "AnchorPoint": {
                          "ScaleX": 0.5,
                          "ScaleY": 0.5
                        },
                        "Position": {
                          "X": 321.5,
                          "Y": 39.7152
                        },
                        "Scale": {
                          "ScaleX": 1.0,
                          "ScaleY": 1.0
                        },
                        "CColor": {},
                        "IconVisible": false,
                        "PositionPercentXEnabled": true,
                        "PositionPercentYEnabled": true,
                        "PrePosition": {
                          "X": 0.5,
                          "Y": 0.2758
                        },
                        "PreSize": {
                          "X": 0.7776,
                          "Y": 0.1736
                        },
                        "LeftMargin": 71.5,
                        "RightMargin": 71.5,
                        "TopMargin": 91.7848,
                        "BottomMargin": 27.2152,
                        "Tag": 617,
                        "ActionTag": 1490775163,
                        "Size": {
                          "X": 500.0,
                          "Y": 25.0
                        },
                        "Name": "txt_tips",
                        "ctype": "TextObjectData"
                      },
                      {
                        "ClipAble": false,
                        "BackColorAlpha": 102,
                        "ComboBoxIndex": 1,
                        "SingleColor": {
                          "R": 150,
                          "G": 200
                        },
                        "FirstColor": {
                          "R": 150,
                          "G": 200
                        },
                        "EndColor": {},
                        "ColorVector": {
                          "ScaleY": 1.0
                        },
                        "Scale9Width": 1,
                        "Scale9Height": 1,
                        "TouchEnable": true,
                        "AnchorPoint": {
                          "ScaleX": 0.5,
                          "ScaleY": 1.0
                        },
                        "Position": {
                          "X": 321.5,
                          "Y": 184.9234
                        },
                        "Scale": {
                          "ScaleX": 1.0,
                          "ScaleY": 1.0
                        },
                        "CColor": {},
                        "IconVisible": false,
                        "PositionPercentXEnabled": true,
                        "PrePosition": {
                          "X": 0.5,
                          "Y": 1.2842
                        },
                        "PreSize": {
                          "X": 0.1555,
                          "Y": 0.6944
                        },
                        "LeftMargin": 271.5,
                        "RightMargin": 271.5,
                        "TopMargin": -40.9234,
                        "BottomMargin": 84.9234,
                        "Tag": 810,
                        "Children": [
                          {
                            "FileData": {
                              "Type": "MarkedSubImage",
                              "Path": "common/icon_bag_0.png",
                              "Plist": "common/common.plist"
                            },
                            "Scale9OriginX": 26,
                            "Scale9OriginY": 26,
                            "Scale9Width": 49,
                            "Scale9Height": 49,
                            "AnchorPoint": {
                              "ScaleX": 0.5,
                              "ScaleY": 0.5
                            },
                            "Position": {
                              "X": 50.0,
                              "Y": 50.0
                            },
                            "Scale": {
                              "ScaleX": 1.0,
                              "ScaleY": 1.0
                            },
                            "CColor": {},
                            "IconVisible": false,
                            "PositionPercentXEnabled": true,
                            "PositionPercentYEnabled": true,
                            "PrePosition": {
                              "X": 0.5,
                              "Y": 0.5
                            },
                            "PreSize": {
                              "X": 1.0,
                              "Y": 1.0
                            },
                            "Tag": 811,
                            "Children": [
                              {
                                "FileData": {
                                  "Type": "Default",
                                  "Path": "Default/ImageFile.png",
                                  "Plist": ""
                                },
                                "Scale9OriginX": 15,
                                "Scale9OriginY": 15,
                                "Scale9Width": 16,
                                "Scale9Height": 16,
                                "AnchorPoint": {
                                  "ScaleX": 0.5,
                                  "ScaleY": 0.5
                                },
                                "Position": {
                                  "X": 50.0,
                                  "Y": 50.0
                                },
                                "Scale": {
                                  "ScaleX": 1.0,
                                  "ScaleY": 1.0
                                },
                                "CColor": {},
                                "IconVisible": false,
                                "PositionPercentXEnabled": true,
                                "PositionPercentYEnabled": true,
                                "PrePosition": {
                                  "X": 0.5,
                                  "Y": 0.5
                                },
                                "PreSize": {
                                  "X": 0.8,
                                  "Y": 0.8
                                },
                                "LeftMargin": 10.0,
                                "RightMargin": 10.0,
                                "TopMargin": 10.0,
                                "BottomMargin": 10.0,
                                "Tag": 812,
                                "ActionTag": -401064517,
                                "Size": {
                                  "X": 80.0,
                                  "Y": 80.0
                                },
                                "Name": "img_item",
                                "ctype": "ImageViewObjectData"
                              },
                              {
                                "FileData": {
                                  "Type": "MarkedSubImage",
                                  "Path": "common/sui_R.png",
                                  "Plist": "common/common.plist"
                                },
                                "Scale9OriginX": 15,
                                "Scale9OriginY": 15,
                                "Scale9Width": 1,
                                "Scale9Height": 1,
                                "AnchorPoint": {
                                  "ScaleX": 0.5,
                                  "ScaleY": 0.5
                                },
                                "Position": {
                                  "X": 19.4638,
                                  "Y": 18.7442
                                },
                                "Scale": {
                                  "ScaleX": 1.0,
                                  "ScaleY": 1.0
                                },
                                "CColor": {},
                                "IconVisible": false,
                                "PrePosition": {
                                  "X": 0.1946,
                                  "Y": 0.1874
                                },
                                "PreSize": {
                                  "X": 0.3,
                                  "Y": 0.3
                                },
                                "LeftMargin": 4.4638,
                                "RightMargin": 65.5362,
                                "TopMargin": 66.2558,
                                "BottomMargin": 3.7442,
                                "Tag": 813,
                                "ActionTag": -2100951528,
                                "Size": {
                                  "X": 30.0,
                                  "Y": 30.0
                                },
                                "VisibleForFrame": false,
                                "Name": "Image_isSuiPian",
                                "ctype": "ImageViewObjectData"
                              }
                            ],
                            "ActionTag": -1120379969,
                            "Size": {
                              "X": 100.0,
                              "Y": 100.0
                            },
                            "Name": "img_box_bg",
                            "ctype": "ImageViewObjectData"
                          },
                          {
                            "IsCustomSize": true,
                            "FontSize": 17,
                            "LabelText": "",
                            "FontResource": {
                              "Type": "Normal",
                              "Path": "font/ModeMinBStd.ttf",
                              "Plist": ""
                            },
                            "HorizontalAlignmentType": "HT_Right",
                            "OutlineSize": 2,
                            "OutlineColor": {
                              "R": 57,
                              "G": 25,
                              "B": 9
                            },
                            "OutlineEnabled": true,
                            "ShadowColor": {
                              "R": 110,
                              "G": 110,
                              "B": 110
                            },
                            "ShadowOffsetX": 2.0,
                            "ShadowOffsetY": -2.0,
                            "AnchorPoint": {
                              "ScaleX": 1.0,
                              "ScaleY": 0.5
                            },
                            "Position": {
                              "X": 93.6031,
                              "Y": 46.2497
                            },
                            "Scale": {
                              "ScaleX": 1.0,
                              "ScaleY": 1.0
                            },
                            "CColor": {},
                            "IconVisible": false,
                            "PrePosition": {
                              "X": 0.936,
                              "Y": 0.4625
                            },
                            "PreSize": {
                              "X": 0.82,
                              "Y": 0.21
                            },
                            "LeftMargin": 11.6031,
                            "RightMargin": 6.3969,
                            "TopMargin": 43.2503,
                            "BottomMargin": 35.7497,
                            "Tag": 815,
                            "ActionTag": 219941381,
                            "Size": {
                              "X": 82.0,
                              "Y": 21.0
                            },
                            "Name": "txt_count",
                            "ctype": "TextObjectData"
                          }
                        ],
                        "ActionTag": 586171880,
                        "Size": {
                          "X": 100.0,
                          "Y": 100.0
                        },
                        "Name": "panel_item",
                        "ctype": "PanelObjectData"
                      }
                    ],
                    "ActionTag": -1810125131,
                    "Size": {
                      "X": 643.0,
                      "Y": 144.0
                    },
                    "Name": "img_table_bg",
                    "ctype": "ImageViewObjectData"
                  },
                  {
                    "FileData": {
                      "Type": "MarkedSubImage",
                      "Path": "roulette/pattern.png",
                      "Plist": "roulette/roultette.plist"
                    },
                    "Scale9OriginX": 153,
                    "Scale9OriginY": 52,
                    "Scale9Width": 160,
                    "Scale9Height": 54,
                    "AnchorPoint": {
                      "ScaleX": 0.5,
                      "ScaleY": 0.5
                    },
                    "Position": {
                      "X": 320.0,
                      "Y": 937.8605
                    },
                    "Scale": {
                      "ScaleX": 1.0,
                      "ScaleY": 1.0
                    },
                    "CColor": {},
                    "IconVisible": false,
                    "PositionPercentXEnabled": true,
                    "PrePosition": {
                      "X": 0.5,
                      "Y": 0.8256
                    },
                    "PreSize": {
                      "X": 0.7281,
                      "Y": 0.1391
                    },
                    "LeftMargin": 87.0,
                    "RightMargin": 87.0,
                    "TopMargin": 119.1395,
                    "BottomMargin": 858.8605,
                    "Tag": 46,
                    "ActionTag": 158944171,
                    "Size": {
                      "X": 466.0,
                      "Y": 158.0
                    },
                    "Name": "img_pattern",
                    "ctype": "ImageViewObjectData"
                  },
                  {
                    "FileData": {
                      "Type": "MarkedSubImage",
                      "Path": "roulette/roultette.png",
                      "Plist": "roulette/roultette.plist"
                    },
                    "Scale9OriginX": 203,
                    "Scale9OriginY": 211,
                    "Scale9Width": 216,
                    "Scale9Height": 200,
                    "AnchorPoint": {
                      "ScaleX": 0.5,
                      "ScaleY": 0.5
                    },
                    "Position": {
                      "X": 320.0,
                      "Y": 712.9536
                    },
                    "Scale": {
                      "ScaleX": 1.0,
                      "ScaleY": 1.0
                    },
                    "CColor": {},
                    "IconVisible": false,
                    "PositionPercentXEnabled": true,
                    "PositionPercentYEnabled": true,
                    "PrePosition": {
                      "X": 0.5,
                      "Y": 0.6276
                    },
                    "PreSize": {
                      "X": 0.9719,
                      "Y": 0.5475
                    },
                    "LeftMargin": 9.0,
                    "RightMargin": 9.0,
                    "TopMargin": 112.0464,
                    "BottomMargin": 401.9536,
                    "Tag": 14,
                    "ActionTag": 1687040109,
                    "Size": {
                      "X": 622.0,
                      "Y": 622.0
                    },
                    "Name": "img_roultette",
                    "ctype": "ImageViewObjectData"
                  },
                  {
                    "FontSize": 14,
                    "ButtonText": "",
                    "TextColor": {
                      "R": 65,
                      "G": 65,
                      "B": 70
                    },
                    "DisabledFileData": {
                      "Type": "MarkedSubImage",
                      "Path": "roulette/pointer.png",
                      "Plist": "roulette/roultette.plist"
                    },
                    "PressedFileData": {
                      "Type": "MarkedSubImage",
                      "Path": "roulette/pointer.png",
                      "Plist": "roulette/roultette.plist"
                    },
                    "NormalFileData": {
                      "Type": "MarkedSubImage",
                      "Path": "roulette/pointer.png",
                      "Plist": "roulette/roultette.plist"
                    },
                    "Scale9Enable": true,
                    "Scale9OriginX": 15,
                    "Scale9OriginY": 11,
                    "Scale9Width": 125,
                    "Scale9Height": 235,
                    "OutlineColor": {
                      "G": 0,
                      "B": 0
                    },
                    "ShadowColor": {
                      "R": 110,
                      "G": 110,
                      "B": 110
                    },
                    "ShadowOffsetX": 2.0,
                    "ShadowOffsetY": -2.0,
                    "TouchEnable": true,
                    "AnchorPoint": {
                      "ScaleX": 0.5,
                      "ScaleY": 0.5
                    },
                    "Position": {
                      "X": 319.9999,
                      "Y": 751.4533
                    },
                    "Scale": {
                      "ScaleX": 1.0,
                      "ScaleY": 1.0
                    },
                    "CColor": {},
                    "IconVisible": false,
                    "PrePosition": {
                      "X": 0.5,
                      "Y": 0.6615
                    },
                    "PreSize": {
                      "X": 0.2422,
                      "Y": 0.2262
                    },
                    "LeftMargin": 242.4999,
                    "RightMargin": 242.5001,
                    "TopMargin": 256.0467,
                    "BottomMargin": 622.9533,
                    "Tag": 449,
                    "ActionTag": -3016880,
                    "Size": {
                      "X": 155.0,
                      "Y": 257.0
                    },
                    "Name": "btn_pointer",
                    "ctype": "ButtonObjectData"
                  },
                  {
                    "FileData": {
                      "Type": "MarkedSubImage",
                      "Path": "roulette/pointer_world.png",
                      "Plist": "roulette/roultette.plist"
                    },
                    "Scale9OriginX": 33,
                    "Scale9OriginY": 11,
                    "Scale9Width": 35,
                    "Scale9Height": 13,
                    "AnchorPoint": {
                      "ScaleX": 0.5,
                      "ScaleY": 0.5
                    },
                    "Position": {
                      "X": 319.1416,
                      "Y": 720.9536
                    },
                    "Scale": {
                      "ScaleX": 1.0,
                      "ScaleY": 1.0
                    },
                    "CColor": {},
                    "IconVisible": false,
                    "PrePosition": {
                      "X": 0.4987,
                      "Y": 0.6346
                    },
                    "PreSize": {
                      "X": 0.1578,
                      "Y": 0.0308
                    },
                    "LeftMargin": 268.6416,
                    "RightMargin": 270.3584,
                    "TopMargin": 397.5464,
                    "BottomMargin": 703.4536,
                    "Tag": 26,
                    "ActionTag": -875113986,
                    "Size": {
                      "X": 101.0,
                      "Y": 35.0
                    },
                    "Name": "img_pointer_world",
                    "ctype": "ImageViewObjectData"
                  },
                  {
                    "FileData": {
                      "Type": "Default",
                      "Path": "Default/ImageFile.png",
                      "Plist": ""
                    },
                    "Scale9OriginX": 15,
                    "Scale9OriginY": 15,
                    "Scale9Width": 16,
                    "Scale9Height": 16,
                    "AnchorPoint": {},
                    "Position": {
                      "X": -0.0002,
                      "Y": 122.0903
                    },
                    "Scale": {
                      "ScaleX": 1.0,
                      "ScaleY": 1.0
                    },
                    "CColor": {},
                    "IconVisible": false,
                    "PrePosition": {
                      "X": 0.0,
                      "Y": 0.1075
                    },
                    "PreSize": {
                      "X": 0.0719,
                      "Y": 0.0405
                    },
                    "LeftMargin": -0.0002,
                    "RightMargin": 594.0002,
                    "TopMargin": 967.9097,
                    "BottomMargin": 122.0903,
                    "Tag": 146,
                    "ActionTag": 1798193285,
                    "Size": {
                      "X": 46.0,
                      "Y": 46.0
                    },
                    "Name": "img_role_1",
                    "ctype": "ImageViewObjectData"
                  },
                  {
                    "FileData": {
                      "Type": "Default",
                      "Path": "Default/ImageFile.png",
                      "Plist": ""
                    },
                    "Scale9OriginX": 15,
                    "Scale9OriginY": 15,
                    "Scale9Width": 16,
                    "Scale9Height": 16,
                    "AnchorPoint": {
                      "ScaleX": 1.0
                    },
                    "Position": {
                      "X": 640.0,
                      "Y": 122.09
                    },
                    "Scale": {
                      "ScaleX": 1.0,
                      "ScaleY": 1.0
                    },
                    "CColor": {},
                    "IconVisible": false,
                    "PrePosition": {
                      "X": 1.0,
                      "Y": 0.1075
                    },
                    "PreSize": {
                      "X": 0.0719,
                      "Y": 0.0405
                    },
                    "LeftMargin": 594.0,
                    "TopMargin": 967.91,
                    "BottomMargin": 122.09,
                    "Tag": 500,
                    "ActionTag": -1653899756,
                    "Size": {
                      "X": 46.0,
                      "Y": 46.0
                    },
                    "Name": "img_role_2",
                    "ctype": "ImageViewObjectData"
                  },
                  {
                    "FileData": {
                      "Type": "MarkedSubImage",
                      "Path": "common/icon_battle_offline_talk_bg.png",
                      "Plist": "common/common.plist"
                    },
                    "Scale9Enable": true,
                    "Scale9OriginY": 81,
                    "Scale9Width": 307,
                    "Scale9Height": 2,
                    "AnchorPoint": {
                      "ScaleX": 0.5,
                      "ScaleY": 0.5
                    },
                    "Position": {
                      "X": 325.2665,
                      "Y": 271.7554
                    },
                    "Scale": {
                      "ScaleX": -1.0,
                      "ScaleY": 1.0
                    },
                    "CColor": {},
                    "IconVisible": false,
                    "PrePosition": {
                      "X": 0.5082,
                      "Y": 0.2392
                    },
                    "PreSize": {
                      "X": 0.625,
                      "Y": 0.1232
                    },
                    "LeftMargin": 125.2665,
                    "RightMargin": 114.7335,
                    "TopMargin": 794.2446,
                    "BottomMargin": 201.7554,
                    "Tag": 446,
                    "Children": [
                      {
                        "IsCustomSize": true,
                        "FontSize": 23,
                        "LabelText": "",
                        "FontResource": {
                          "Type": "Normal",
                          "Path": "font/ModeMinBStd.ttf",
                          "Plist": ""
                        },
                        "OutlineSize": 2,
                        "OutlineColor": {
                          "R": 99,
                          "G": 40,
                          "B": 31
                        },
                        "OutlineEnabled": true,
                        "ShadowColor": {
                          "R": 110,
                          "G": 110,
                          "B": 110
                        },
                        "ShadowOffsetX": 2.0,
                        "ShadowOffsetY": -2.0,
                        "AnchorPoint": {
                          "ScaleY": 1.0
                        },
                        "Position": {
                          "X": 382.7807,
                          "Y": 128.9492
                        },
                        "Scale": {
                          "ScaleX": -1.0,
                          "ScaleY": 1.0
                        },
                        "CColor": {},
                        "IconVisible": false,
                        "PrePosition": {
                          "X": 0.957,
                          "Y": 0.9211
                        },
                        "PreSize": {
                          "X": 0.625,
                          "Y": 0.2214
                        },
                        "LeftMargin": 382.7807,
                        "RightMargin": -232.7807,
                        "TopMargin": 11.0508,
                        "BottomMargin": 97.9492,
                        "Tag": 448,
                        "ActionTag": 48072926,
                        "Size": {
                          "X": 250.0,
                          "Y": 31.0
                        },
                        "Name": "txt_name",
                        "ctype": "TextObjectData"
                      },
                      {
                        "IsCustomSize": true,
                        "FontSize": 18,
                        "LabelText": "",
                        "FontResource": {
                          "Type": "Normal",
                          "Path": "font/ModeMinBStd.ttf",
                          "Plist": ""
                        },
                        "OutlineSize": 2,
                        "OutlineColor": {
                          "R": 131,
                          "G": 9,
                          "B": 25
                        },
                        "ShadowColor": {
                          "R": 110,
                          "G": 110,
                          "B": 110
                        },
                        "ShadowOffsetX": 2.0,
                        "ShadowOffsetY": -2.0,
                        "AnchorPoint": {
                          "ScaleY": 1.0
                        },
                        "Position": {
                          "X": 381.8527,
                          "Y": 96.8089
                        },
                        "Scale": {
                          "ScaleX": -1.0,
                          "ScaleY": 1.0
                        },
                        "CColor": {
                          "R": 131,
                          "G": 9,
                          "B": 25
                        },
                        "IconVisible": false,
                        "PrePosition": {
                          "X": 0.9546,
                          "Y": 0.6915
                        },
                        "PreSize": {
                          "X": 0.8,
                          "Y": 0.6429
                        },
                        "LeftMargin": 381.8527,
                        "RightMargin": -301.8527,
                        "TopMargin": 43.1911,
                        "BottomMargin": 6.8089,
                        "Tag": 447,
                        "ActionTag": 1772019710,
                        "Size": {
                          "X": 320.0,
                          "Y": 90.0
                        },
                        "Name": "text_lines",
                        "ctype": "TextObjectData"
                      }
                    ],
                    "ActionTag": -338024815,
                    "Size": {
                      "X": 400.0,
                      "Y": 140.0
                    },
                    "Name": "img_tips",
                    "ctype": "ImageViewObjectData"
                  },
                  {
                    "FileData": {
                      "Type": "MarkedSubImage",
                      "Path": "common/common_time_bg.png",
                      "Plist": "common/common.plist"
                    },
                    "Scale9Enable": true,
                    "Scale9OriginX": 34,
                    "Scale9OriginY": 7,
                    "Scale9Width": 156,
                    "Scale9Height": 10,
                    "AnchorPoint": {
                      "ScaleX": 0.5,
                      "ScaleY": 0.5
                    },
                    "Position": {
                      "X": 320.0,
                      "Y": 1018.1151
                    },
                    "Scale": {
                      "ScaleX": 1.0,
                      "ScaleY": 1.0
                    },
                    "CColor": {},
                    "IconVisible": false,
                    "PositionPercentXEnabled": true,
                    "PrePosition": {
                      "X": 0.5,
                      "Y": 0.8962
                    },
                    "PreSize": {
                      "X": 0.5078,
                      "Y": 0.0264
                    },
                    "LeftMargin": 157.5,
                    "RightMargin": 157.5,
                    "TopMargin": 102.8849,
                    "BottomMargin": 1003.1151,
                    "Tag": 79,
                    "Children": [
                      {
                        "IsCustomSize": true,
                        "FontSize": 22,
                        "LabelText": "",
                        "FontResource": {
                          "Type": "Normal",
                          "Path": "font/ModeMinBStd.ttf",
                          "Plist": ""
                        },
                        "HorizontalAlignmentType": "HT_Center",
                        "OutlineSize": 2,
                        "OutlineColor": {
                          "R": 105,
                          "G": 68,
                          "B": 38
                        },
                        "OutlineEnabled": true,
                        "ShadowColor": {
                          "R": 110,
                          "G": 110,
                          "B": 110
                        },
                        "ShadowOffsetX": 2.0,
                        "ShadowOffsetY": -2.0,
                        "AnchorPoint": {
                          "ScaleX": 0.5,
                          "ScaleY": 0.5
                        },
                        "Position": {
                          "X": 163.6375,
                          "Y": 15.0
                        },
                        "Scale": {
                          "ScaleX": 1.0,
                          "ScaleY": 1.0
                        },
                        "CColor": {},
                        "IconVisible": false,
                        "PositionPercentXEnabled": true,
                        "PositionPercentYEnabled": true,
                        "PrePosition": {
                          "X": 0.5035,
                          "Y": 0.5
                        },
                        "PreSize": {
                          "X": 0.9846,
                          "Y": 0.8333
                        },
                        "LeftMargin": 3.6375,
                        "RightMargin": 1.3625,
                        "TopMargin": 2.5,
                        "BottomMargin": 2.5,
                        "Tag": 80,
                        "ActionTag": 1492712693,
                        "Size": {
                          "X": 320.0,
                          "Y": 25.0
                        },
                        "Name": "txt_activity_time",
                        "ctype": "TextObjectData"
                      }
                    ],
                    "ActionTag": 1617219820,
                    "Size": {
                      "X": 325.0,
                      "Y": 30.0
                    },
                    "Name": "img_time_bg",
                    "ctype": "ImageViewObjectData"
                  }
                ],
                "ActionTag": 61199820,
                "Size": {
                  "X": 640.0,
                  "Y": 1136.0
                },
                "Name": "img_ui_bg",
                "ctype": "ImageViewObjectData"
              }
            ],
            "ActionTag": -1,
            "Size": {
              "X": 640.0,
              "Y": 1136.0
            },
            "Name": "Root",
            "ctype": "PanelObjectData"
          }
        ],
        "Size": {
          "X": 640.0,
          "Y": 1136.0
        },
        "Name": "Layer",
        "ctype": "LayerObjectData"
      },
      "UsedResources": [
        "common/common.plist",
        "common/common.png",
        "common_ui/icon_club_top_bg.png",
        "Default/ImageFile.png",
        "font/ModeMinBStd.ttf",
        "pic/bountyhunt/bountyhuntBg3.jpg",
        "pic/icon/icon_atlas.plist",
        "pic/icon/icon_atlas.png",
        "roulette/roultette.plist",
        "roulette/roultette.png"
      ],
      "ctype": "GameFileData"
    }
  },
  "Type": "Layer"
}