{
  "ID": "bb227821-a25a-4cf8-bc42-4f35fbd3ca19",
  "Version": "3.10.0.0",
  "Name": "yokaibuilder-gameover-popup",
  "Content": {
    "Content": {
      "Animation": {
        "Duration": 0,
        "Speed": 1.0,
        "Timelines": [],
        "ctype": "TimelineActionData"
      },
      "AnimationList": [],
      "ObjectData": {
        "Tag": 114,
        "Children": [
          {
            "ClipAble": false,
            "BackColorAlpha": 191,
            "ComboBoxIndex": 1,
            "SingleColor": {
              "R": 0,
              "G": 0,
              "B": 0
            },
            "FirstColor": {
              "R": 150,
              "G": 200
            },
            "EndColor": {},
            "ColorVector": {
              "ScaleY": 1.0
            },
            "Scale9Width": 1,
            "Scale9Height": 1,
            "TouchEnable": true,
            "AnchorPoint": {},
            "Position": {
              "X": 0.0,
              "Y": -0.0001
            },
            "Scale": {
              "ScaleX": 1.0,
              "ScaleY": 1.0
            },
            "CColor": {},
            "IconVisible": false,
            "PrePosition": {
              "X": 0.0,
              "Y": 0.0
            },
            "PreSize": {
              "X": 1.0,
              "Y": 1.0
            },
            "TopMargin": 0.0001,
            "BottomMargin": -0.0001,
            "Tag": 115,
            "Children": [
              {
                "ClipAble": false,
                "BackColorAlpha": 102,
                "SingleColor": {
                  "R": 150,
                  "G": 200
                },
                "FirstColor": {
                  "R": 150,
                  "G": 200
                },
                "EndColor": {},
                "ColorVector": {
                  "ScaleY": 1.0
                },
                "Scale9Width": 1,
                "Scale9Height": 1,
                "TouchEnable": true,
                "AnchorPoint": {},
                "Position": {
                  "X": 0.0,
                  "Y": 0.0
                },
                "Scale": {
                  "ScaleX": 1.0,
                  "ScaleY": 1.0
                },
                "CColor": {},
                "IconVisible": false,
                "PrePosition": {
                  "X": 0.0,
                  "Y": 0.0
                },
                "PreSize": {
                  "X": 1.0,
                  "Y": 1.0
                },
                "Tag": 136,
                "Children": [
                  {
                    "FileData": {
                      "Type": "MarkedSubImage",
                      "Path": "pic/icon/icon_popup_bg.png",
                      "Plist": "pic/icon/icon_atlas.plist"
                    },
                    "Scale9Enable": true,
                    "Scale9OriginX": 52,
                    "Scale9OriginY": 44,
                    "Scale9Width": 17,
                    "Scale9Height": 18,
                    "TouchEnable": true,
                    "AnchorPoint": {
                      "ScaleX": 0.5,
                      "ScaleY": 1.0
                    },
                    "Position": {
                      "X": 320.0003,
                      "Y": 840.5172
                    },
                    "Scale": {
                      "ScaleX": 1.0,
                      "ScaleY": 1.0
                    },
                    "CColor": {},
                    "IconVisible": false,
                    "PositionPercentXEnabled": true,
                    "PrePosition": {
                      "X": 0.5,
                      "Y": 0.7399
                    },
                    "PreSize": {
                      "X": 0.875,
                      "Y": 0.4886
                    },
                    "LeftMargin": 40.0003,
                    "RightMargin": 39.9996,
                    "TopMargin": 295.4828,
                    "BottomMargin": 285.5172,
                    "Tag": 116,
                    "Children": [
                      {
                        "FileData": {
                          "Type": "MarkedSubImage",
                          "Path": "pic/icon/icon_bg.png",
                          "Plist": "pic/icon/icon_atlas.plist"
                        },
                        "Scale9OriginX": 103,
                        "Scale9OriginY": 24,
                        "Scale9Width": 109,
                        "Scale9Height": 25,
                        "AnchorPoint": {
                          "ScaleX": 0.5,
                          "ScaleY": 0.5
                        },
                        "Position": {
                          "X": 277.9906,
                          "Y": 537.258
                        },
                        "Scale": {
                          "ScaleX": 1.0,
                          "ScaleY": 1.0
                        },
                        "CColor": {},
                        "IconVisible": false,
                        "PositionPercentXEnabled": true,
                        "PrePosition": {
                          "X": 0.4964,
                          "Y": 0.968
                        },
                        "PreSize": {
                          "X": 0.5625,
                          "Y": 0.1315
                        },
                        "LeftMargin": 120.4906,
                        "RightMargin": 124.5094,
                        "TopMargin": -18.758,
                        "BottomMargin": 500.758,
                        "Tag": 118,
                        "Children": [
                          {
                            "IsCustomSize": true,
                            "FontSize": 28,
                            "LabelText": "{TXT_UI_YOKAIBUILDER-GAMEOVER-POPUP_0}",
                            "FontResource": {
                              "Type": "Normal",
                              "Path": "font/ModeMinBStd.ttf",
                              "Plist": ""
                            },
                            "HorizontalAlignmentType": "HT_Center",
                            "OutlineColor": {
                              "G": 0,
                              "B": 0
                            },
                            "ShadowColor": {
                              "R": 29,
                              "G": 16,
                              "B": 1
                            },
                            "ShadowOffsetX": 3.0,
                            "ShadowOffsetY": -3.0,
                            "ShadowEnabled": true,
                            "AnchorPoint": {
                              "ScaleX": 0.5,
                              "ScaleY": 0.5
                            },
                            "Position": {
                              "X": 156.8647,
                              "Y": 39.9
                            },
                            "Scale": {
                              "ScaleX": 1.0,
                              "ScaleY": 1.0
                            },
                            "CColor": {},
                            "IconVisible": false,
                            "PrePosition": {
                              "X": 0.498,
                              "Y": 0.5466
                            },
                            "PreSize": {
                              "X": 0.9524,
                              "Y": 0.4384
                            },
                            "LeftMargin": 6.8647,
                            "RightMargin": 8.1353,
                            "TopMargin": 17.1,
                            "BottomMargin": 23.9,
                            "Tag": 119,
                            "ActionTag": -932068682,
                            "Size": {
                              "X": 300.0,
                              "Y": 32.0
                            },
                            "Name": "txt_title",
                            "ctype": "TextObjectData"
                          }
                        ],
                        "ActionTag": -314473763,
                        "Size": {
                          "X": 315.0,
                          "Y": 73.0
                        },
                        "Name": "img_title_bg",
                        "ctype": "ImageViewObjectData"
                      },
                      {
                        "FontSize": 14,
                        "ButtonText": "",
                        "TextColor": {
                          "R": 65,
                          "G": 65,
                          "B": 70
                        },
                        "DisabledFileData": {
                          "Type": "Default",
                          "Path": "Default/Button_Disable.png",
                          "Plist": ""
                        },
                        "PressedFileData": {
                          "Type": "Default",
                          "Path": "Default/Button_Press.png",
                          "Plist": ""
                        },
                        "NormalFileData": {
                          "Type": "MarkedSubImage",
                          "Path": "common/common_newbtn1.png",
                          "Plist": "common/common.plist"
                        },
                        "Scale9Enable": true,
                        "Scale9OriginX": 15,
                        "Scale9OriginY": 11,
                        "Scale9Width": 198,
                        "Scale9Height": 61,
                        "OutlineColor": {
                          "G": 0,
                          "B": 0
                        },
                        "ShadowColor": {
                          "R": 110,
                          "G": 110,
                          "B": 110
                        },
                        "ShadowOffsetX": 2.0,
                        "ShadowOffsetY": -2.0,
                        "TouchEnable": true,
                        "AnchorPoint": {
                          "ScaleX": 0.5,
                          "ScaleY": 0.5
                        },
                        "Position": {
                          "X": 279.9916,
                          "Y": 77.03
                        },
                        "Scale": {
                          "ScaleX": 1.0,
                          "ScaleY": 1.0
                        },
                        "CColor": {},
                        "IconVisible": false,
                        "PrePosition": {
                          "X": 0.5,
                          "Y": 0.1388
                        },
                        "PreSize": {
                          "X": 0.4071,
                          "Y": 0.1495
                        },
                        "LeftMargin": 165.9916,
                        "RightMargin": 166.0084,
                        "TopMargin": 436.47,
                        "BottomMargin": 35.53,
                        "Tag": 132,
                        "Children": [
                          {
                            "IsCustomSize": true,
                            "FontSize": 28,
                            "LabelText": "{TXT_UI_YOKAIBUILDER-GAMEOVER-POPUP_5}",
                            "FontResource": {
                              "Type": "Normal",
                              "Path": "font/ModeMinBStd.ttf",
                              "Plist": ""
                            },
                            "HorizontalAlignmentType": "HT_Center",
                            "OutlineSize": 2,
                            "OutlineColor": {
                              "R": 137,
                              "G": 9,
                              "B": 25
                            },
                            "OutlineEnabled": true,
                            "ShadowColor": {
                              "R": 110,
                              "G": 110,
                              "B": 110
                            },
                            "ShadowOffsetX": 2.0,
                            "ShadowOffsetY": -2.0,
                            "AnchorPoint": {
                              "ScaleX": 0.5,
                              "ScaleY": 0.5
                            },
                            "Position": {
                              "X": 114.8984,
                              "Y": 45.3315
                            },
                            "Scale": {
                              "ScaleX": 1.0,
                              "ScaleY": 1.0
                            },
                            "CColor": {},
                            "IconVisible": false,
                            "PrePosition": {
                              "X": 0.5039,
                              "Y": 0.5462
                            },
                            "PreSize": {
                              "X": 0.7456,
                              "Y": 0.4217
                            },
                            "LeftMargin": 29.8984,
                            "RightMargin": 28.1016,
                            "TopMargin": 20.1685,
                            "BottomMargin": 27.8315,
                            "Tag": 133,
                            "ActionTag": 1642445382,
                            "Size": {
                              "X": 170.0,
                              "Y": 35.0
                            },
                            "Name": "txt_right",
                            "ctype": "TextObjectData"
                          }
                        ],
                        "ActionTag": -810081078,
                        "Size": {
                          "X": 228.0,
                          "Y": 83.0
                        },
                        "Name": "btn_right",
                        "ctype": "ButtonObjectData"
                      },
                      {
                        "FontSize": 20,
                        "ButtonText": "",
                        "TextColor": {
                          "R": 0,
                          "G": 0,
                          "B": 0
                        },
                        "NormalFileData": {
                          "Type": "MarkedSubImage",
                          "Path": "pic/button/button_close.png",
                          "Plist": "pic/button/common_btn_atlas.plist"
                        },
                        "Scale9Enable": true,
                        "Scale9OriginX": 15,
                        "Scale9OriginY": 11,
                        "Scale9Width": 52,
                        "Scale9Height": 60,
                        "OutlineColor": {
                          "G": 0,
                          "B": 0
                        },
                        "ShadowColor": {
                          "R": 110,
                          "G": 110,
                          "B": 110
                        },
                        "ShadowOffsetX": 2.0,
                        "ShadowOffsetY": -2.0,
                        "TouchEnable": true,
                        "AnchorPoint": {
                          "ScaleX": 0.5,
                          "ScaleY": 0.5
                        },
                        "Position": {
                          "X": 531.4727,
                          "Y": 537.5
                        },
                        "Scale": {
                          "ScaleX": 1.0,
                          "ScaleY": 1.0
                        },
                        "CColor": {},
                        "IconVisible": false,
                        "PrePosition": {
                          "X": 0.9491,
                          "Y": 0.9685
                        },
                        "PreSize": {
                          "X": 0.1464,
                          "Y": 0.1477
                        },
                        "LeftMargin": 490.4727,
                        "RightMargin": -12.4727,
                        "TopMargin": -23.5,
                        "BottomMargin": 496.5,
                        "Tag": 1220,
                        "ActionTag": -1905558995,
                        "Size": {
                          "X": 82.0,
                          "Y": 82.0
                        },
                        "Name": "btn_close",
                        "ctype": "ButtonObjectData"
                      }
                    ],
                    "ActionTag": 1349142777,
                    "Size": {
                      "X": 560.0,
                      "Y": 555.0
                    },
                    "Name": "img_bg",
                    "ctype": "ImageViewObjectData"
                  },
                  {
                    "FileData": {
                      "Type": "MarkedSubImage",
                      "Path": "common/icon_grade_props_bg.png",
                      "Plist": "common/common.plist"
                    },
                    "Scale9Enable": true,
                    "Scale9OriginX": 17,
                    "Scale9OriginY": 17,
                    "Scale9Width": 90,
                    "Scale9Height": 32,
                    "AnchorPoint": {
                      "ScaleX": 0.5,
                      "ScaleY": 1.0
                    },
                    "Position": {
                      "X": 320.0,
                      "Y": 789.9088
                    },
                    "Scale": {
                      "ScaleX": 1.0,
                      "ScaleY": 1.0
                    },
                    "CColor": {},
                    "IconVisible": false,
                    "PositionPercentXEnabled": true,
                    "PrePosition": {
                      "X": 0.5,
                      "Y": 0.6953
                    },
                    "PreSize": {
                      "X": 0.7531,
                      "Y": 0.3319
                    },
                    "LeftMargin": 79.0,
                    "RightMargin": 79.0,
                    "TopMargin": 346.0912,
                    "BottomMargin": 412.9088,
                    "Tag": 117,
                    "Children": [
                      {
                        "IsCustomSize": true,
                        "FontSize": 24,
                        "LabelText": "{TXT_UI_YOKAIBUILDER-GAMEOVER-POPUP_1}",
                        "FontResource": {
                          "Type": "Normal",
                          "Path": "font/ModeMinBStd.ttf",
                          "Plist": ""
                        },
                        "HorizontalAlignmentType": "HT_Center",
                        "OutlineColor": {
                          "G": 0,
                          "B": 0
                        },
                        "ShadowColor": {
                          "R": 110,
                          "G": 110,
                          "B": 110
                        },
                        "ShadowOffsetX": 2.0,
                        "ShadowOffsetY": -2.0,
                        "AnchorPoint": {
                          "ScaleX": 0.5,
                          "ScaleY": 1.0
                        },
                        "Position": {
                          "X": 241.0,
                          "Y": 325.0
                        },
                        "Scale": {
                          "ScaleX": 1.0,
                          "ScaleY": 1.0
                        },
                        "CColor": {},
                        "IconVisible": false,
                        "PositionPercentXEnabled": true,
                        "PrePosition": {
                          "X": 0.5,
                          "Y": 0.8621
                        },
                        "PreSize": {
                          "X": 0.9544,
                          "Y": 0.0743
                        },
                        "LeftMargin": 11.0,
                        "RightMargin": 11.0,
                        "TopMargin": 52.0,
                        "BottomMargin": 297.0,
                        "Tag": 120,
                        "ActionTag": 1355704725,
                        "Size": {
                          "X": 460.0,
                          "Y": 28.0
                        },
                        "Name": "txt_desc",
                        "ctype": "TextObjectData"
                      },
                      {
                        "IsCustomSize": true,
                        "FontSize": 24,
                        "LabelText": "{TXT_UI_YOKAIBUILDER-GAMEOVER-POPUP_4}",
                        "FontResource": {
                          "Type": "Normal",
                          "Path": "font/ModeMinBStd.ttf",
                          "Plist": ""
                        },
                        "HorizontalAlignmentType": "HT_Center",
                        "VerticalAlignmentType": "VT_Center",
                        "OutlineColor": {
                          "G": 0,
                          "B": 0
                        },
                        "ShadowColor": {
                          "R": 110,
                          "G": 110,
                          "B": 110
                        },
                        "ShadowOffsetX": 2.0,
                        "ShadowOffsetY": -2.0,
                        "AnchorPoint": {
                          "ScaleX": 0.5,
                          "ScaleY": 1.0
                        },
                        "Position": {
                          "X": 240.9999,
                          "Y": 115.0
                        },
                        "Scale": {
                          "ScaleX": 1.0,
                          "ScaleY": 1.0
                        },
                        "CColor": {
                          "R": 227,
                          "G": 228,
                          "B": 89
                        },
                        "IconVisible": false,
                        "PositionPercentXEnabled": true,
                        "PrePosition": {
                          "X": 0.5,
                          "Y": 0.305
                        },
                        "PreSize": {
                          "X": 0.9544,
                          "Y": 0.191
                        },
                        "LeftMargin": 10.9999,
                        "RightMargin": 11.0001,
                        "TopMargin": 262.0,
                        "BottomMargin": 43.0,
                        "Tag": 179,
                        "ActionTag": -126071934,
                        "Size": {
                          "X": 460.0,
                          "Y": 72.0
                        },
                        "Name": "txt_desc_0",
                        "ctype": "TextObjectData"
                      },
                      {
                        "ClipAble": false,
                        "BackColorAlpha": 102,
                        "SingleColor": {
                          "R": 144,
                          "G": 238,
                          "B": 144
                        },
                        "FirstColor": {
                          "R": 150,
                          "G": 200
                        },
                        "EndColor": {},
                        "ColorVector": {
                          "ScaleY": 1.0
                        },
                        "Scale9Width": 1,
                        "Scale9Height": 1,
                        "TouchEnable": true,
                        "AnchorPoint": {},
                        "Position": {
                          "X": 18.3886,
                          "Y": 214.4624
                        },
                        "Scale": {
                          "ScaleX": 1.0,
                          "ScaleY": 1.0
                        },
                        "CColor": {},
                        "IconVisible": false,
                        "PositionPercentXEnabled": true,
                        "PrePosition": {
                          "X": 0.0382,
                          "Y": 0.5689
                        },
                        "PreSize": {
                          "X": 0.8817,
                          "Y": 0.1061
                        },
                        "LeftMargin": 18.3886,
                        "RightMargin": 38.6115,
                        "TopMargin": 122.5376,
                        "BottomMargin": 214.4624,
                        "Tag": 124,
                        "Children": [
                          {
                            "FileData": {
                              "Type": "MarkedSubImage",
                              "Path": "common/S_frame.png",
                              "Plist": "common/common.plist"
                            },
                            "Scale9OriginX": 46,
                            "Scale9OriginY": 9,
                            "Scale9Width": 50,
                            "Scale9Height": 12,
                            "AnchorPoint": {
                              "ScaleY": 0.5
                            },
                            "Position": {
                              "X": 18.0,
                              "Y": 14.0
                            },
                            "Scale": {
                              "ScaleX": 1.0,
                              "ScaleY": 1.0
                            },
                            "CColor": {},
                            "IconVisible": false,
                            "PrePosition": {
                              "X": 0.0424,
                              "Y": 0.35
                            },
                            "PreSize": {
                              "X": 0.3294,
                              "Y": 0.75
                            },
                            "LeftMargin": 18.0,
                            "RightMargin": 267.0,
                            "TopMargin": 11.0,
                            "BottomMargin": -1.0,
                            "Tag": 606,
                            "ActionTag": -928382717,
                            "Size": {
                              "X": 140.0,
                              "Y": 30.0
                            },
                            "Name": "Image_57",
                            "ctype": "ImageViewObjectData"
                          },
                          {
                            "FileData": {
                              "Type": "MarkedSubImage",
                              "Path": "common/S_1_frame.png",
                              "Plist": "common/common.plist"
                            },
                            "Scale9Enable": true,
                            "Scale9OriginX": 7,
                            "Scale9OriginY": 1,
                            "Scale9Width": 132,
                            "Scale9Height": 1,
                            "AnchorPoint": {
                              "ScaleX": 0.5
                            },
                            "Position": {
                              "X": 232.875,
                              "Y": -1.0
                            },
                            "Scale": {
                              "ScaleX": 1.0,
                              "ScaleY": 1.0
                            },
                            "CColor": {},
                            "IconVisible": false,
                            "PrePosition": {
                              "X": 0.5479,
                              "Y": -0.025
                            },
                            "PreSize": {
                              "X": 0.3435,
                              "Y": 0.05
                            },
                            "LeftMargin": 159.875,
                            "RightMargin": 119.125,
                            "TopMargin": 39.0,
                            "BottomMargin": -1.0,
                            "Tag": 128,
                            "ActionTag": 1595327658,
                            "Size": {
                              "X": 146.0,
                              "Y": 2.0
                            },
                            "Name": "img_underline",
                            "ctype": "ImageViewObjectData"
                          },
                          {
                            "FileData": {
                              "Type": "MarkedSubImage",
                              "Path": "common/S_1_frame.png",
                              "Plist": "common/common.plist"
                            },
                            "Scale9Enable": true,
                            "Scale9OriginX": 7,
                            "Scale9OriginY": 1,
                            "Scale9Width": 132,
                            "Scale9Height": 1,
                            "AnchorPoint": {
                              "ScaleX": 0.5
                            },
                            "Position": {
                              "X": 352.8739,
                              "Y": -1.0
                            },
                            "Scale": {
                              "ScaleX": 1.0,
                              "ScaleY": 1.0
                            },
                            "CColor": {},
                            "IconVisible": false,
                            "PrePosition": {
                              "X": 0.8303,
                              "Y": -0.025
                            },
                            "PreSize": {
                              "X": 0.3435,
                              "Y": 0.05
                            },
                            "LeftMargin": 279.8739,
                            "RightMargin": -0.8739,
                            "TopMargin": 39.0,
                            "BottomMargin": -1.0,
                            "Tag": 745,
                            "ActionTag": 62051695,
                            "Size": {
                              "X": 146.0,
                              "Y": 2.0
                            },
                            "Name": "img_underline_0",
                            "ctype": "ImageViewObjectData"
                          },
                          {
                            "IsCustomSize": true,
                            "FontSize": 17,
                            "LabelText": "New!",
                            "FontResource": {
                              "Type": "Normal",
                              "Path": "font/ModeMinBStd.ttf",
                              "Plist": ""
                            },
                            "HorizontalAlignmentType": "HT_Right",
                            "OutlineSize": 2,
                            "OutlineColor": {},
                            "OutlineEnabled": true,
                            "ShadowColor": {
                              "R": 29,
                              "G": 16,
                              "B": 1
                            },
                            "ShadowOffsetX": 3.0,
                            "ShadowOffsetY": -3.0,
                            "AnchorPoint": {
                              "ScaleX": 1.0,
                              "ScaleY": 0.5
                            },
                            "Position": {
                              "X": 321.96,
                              "Y": 16.0993
                            },
                            "Scale": {
                              "ScaleX": 1.0,
                              "ScaleY": 1.0
                            },
                            "CColor": {
                              "R": 181,
                              "G": 24,
                              "B": 20
                            },
                            "IconVisible": false,
                            "PrePosition": {
                              "X": 0.7576,
                              "Y": 0.4025
                            },
                            "PreSize": {
                              "X": 0.2024,
                              "Y": 0.575
                            },
                            "LeftMargin": 235.96,
                            "RightMargin": 103.04,
                            "TopMargin": 12.4007,
                            "BottomMargin": 4.5993,
                            "Tag": 228,
                            "ActionTag": -1187579523,
                            "Size": {
                              "X": 86.0,
                              "Y": 23.0
                            },
                            "Name": "txt_new",
                            "ctype": "TextObjectData"
                          },
                          {
                            "IsCustomSize": true,
                            "FontSize": 17,
                            "LabelText": "",
                            "FontResource": {
                              "Type": "Normal",
                              "Path": "font/ModeMinBStd.ttf",
                              "Plist": ""
                            },
                            "HorizontalAlignmentType": "HT_Right",
                            "OutlineColor": {
                              "G": 0,
                              "B": 0
                            },
                            "ShadowColor": {
                              "R": 29,
                              "G": 16,
                              "B": 1
                            },
                            "ShadowOffsetX": 3.0,
                            "ShadowOffsetY": -3.0,
                            "ShadowEnabled": true,
                            "AnchorPoint": {
                              "ScaleX": 1.0,
                              "ScaleY": 0.5
                            },
                            "Position": {
                              "X": 426.8495,
                              "Y": 15.0
                            },
                            "Scale": {
                              "ScaleX": 1.0,
                              "ScaleY": 1.0
                            },
                            "CColor": {},
                            "IconVisible": false,
                            "PrePosition": {
                              "X": 1.0044,
                              "Y": 0.375
                            },
                            "PreSize": {
                              "X": 0.2353,
                              "Y": 0.575
                            },
                            "LeftMargin": 326.8495,
                            "RightMargin": -1.8495,
                            "TopMargin": 13.5,
                            "BottomMargin": 3.5,
                            "Tag": 748,
                            "ActionTag": -560694393,
                            "Size": {
                              "X": 100.0,
                              "Y": 23.0
                            },
                            "Name": "txt_nowscore",
                            "ctype": "TextObjectData"
                          },
                          {
                            "IsCustomSize": true,
                            "FontSize": 20,
                            "LabelText": "{TXT_UI_YOKAIBUILDER-GAMEOVER-POPUP_2}",
                            "FontResource": {
                              "Type": "Normal",
                              "Path": "font/ModeMinBStd.ttf",
                              "Plist": ""
                            },
                            "HorizontalAlignmentType": "HT_Center",
                            "OutlineSize": 2,
                            "OutlineColor": {
                              "R": 109,
                              "G": 0,
                              "B": 0
                            },
                            "OutlineEnabled": true,
                            "ShadowColor": {
                              "R": 110,
                              "G": 110,
                              "B": 110
                            },
                            "ShadowOffsetX": 2.0,
                            "ShadowOffsetY": -2.0,
                            "AnchorPoint": {
                              "ScaleY": 0.5
                            },
                            "Position": {
                              "X": 30.968,
                              "Y": 14.8137
                            },
                            "Scale": {
                              "ScaleX": 1.0,
                              "ScaleY": 1.0
                            },
                            "CColor": {},
                            "IconVisible": false,
                            "PrePosition": {
                              "X": 0.0729,
                              "Y": 0.3703
                            },
                            "PreSize": {
                              "X": 0.2965,
                              "Y": 0.625
                            },
                            "LeftMargin": 30.968,
                            "RightMargin": 268.032,
                            "TopMargin": 12.6863,
                            "BottomMargin": 2.3137,
                            "Tag": 490,
                            "ActionTag": 1193012203,
                            "Size": {
                              "X": 126.0,
                              "Y": 25.0
                            },
                            "Name": "txt_item_name",
                            "ctype": "TextObjectData"
                          }
                        ],
                        "ActionTag": 1100044220,
                        "Size": {
                          "X": 425.0,
                          "Y": 40.0
                        },
                        "Name": "ItemUseDetail",
                        "ctype": "PanelObjectData"
                      },
                      {
                        "ClipAble": false,
                        "BackColorAlpha": 102,
                        "SingleColor": {
                          "R": 144,
                          "G": 238,
                          "B": 144
                        },
                        "FirstColor": {
                          "R": 150,
                          "G": 200
                        },
                        "EndColor": {},
                        "ColorVector": {
                          "ScaleY": 1.0
                        },
                        "Scale9Width": 1,
                        "Scale9Height": 1,
                        "TouchEnable": true,
                        "AnchorPoint": {},
                        "Position": {
                          "X": 18.0122,
                          "Y": 167.1257
                        },
                        "Scale": {
                          "ScaleX": 1.0,
                          "ScaleY": 1.0
                        },
                        "CColor": {},
                        "IconVisible": false,
                        "PositionPercentXEnabled": true,
                        "PrePosition": {
                          "X": 0.0374,
                          "Y": 0.4433
                        },
                        "PreSize": {
                          "X": 0.8817,
                          "Y": 0.1061
                        },
                        "LeftMargin": 18.0122,
                        "RightMargin": 38.9879,
                        "TopMargin": 169.8743,
                        "BottomMargin": 167.1257,
                        "Tag": 180,
                        "Children": [
                          {
                            "FileData": {
                              "Type": "MarkedSubImage",
                              "Path": "common/S_frame.png",
                              "Plist": "common/common.plist"
                            },
                            "Scale9OriginX": 46,
                            "Scale9OriginY": 9,
                            "Scale9Width": 50,
                            "Scale9Height": 12,
                            "AnchorPoint": {
                              "ScaleY": 0.5
                            },
                            "Position": {
                              "X": 18.0,
                              "Y": 14.0
                            },
                            "Scale": {
                              "ScaleX": 1.0,
                              "ScaleY": 1.0
                            },
                            "CColor": {},
                            "IconVisible": false,
                            "PrePosition": {
                              "X": 0.0424,
                              "Y": 0.35
                            },
                            "PreSize": {
                              "X": 0.3529,
                              "Y": 0.75
                            },
                            "LeftMargin": 18.0,
                            "RightMargin": 257.0,
                            "TopMargin": 11.0,
                            "BottomMargin": -1.0,
                            "Tag": 181,
                            "ActionTag": -210693840,
                            "Size": {
                              "X": 150.0,
                              "Y": 30.0
                            },
                            "Name": "Image_57",
                            "ctype": "ImageViewObjectData"
                          },
                          {
                            "FileData": {
                              "Type": "MarkedSubImage",
                              "Path": "common/S_1_frame.png",
                              "Plist": "common/common.plist"
                            },
                            "Scale9Enable": true,
                            "Scale9OriginX": 7,
                            "Scale9OriginY": 1,
                            "Scale9Width": 132,
                            "Scale9Height": 1,
                            "AnchorPoint": {
                              "ScaleX": 0.5
                            },
                            "Position": {
                              "X": 240.8753,
                              "Y": -1.0
                            },
                            "Scale": {
                              "ScaleX": 1.0,
                              "ScaleY": 1.0
                            },
                            "CColor": {},
                            "IconVisible": false,
                            "PrePosition": {
                              "X": 0.5668,
                              "Y": -0.025
                            },
                            "PreSize": {
                              "X": 0.3435,
                              "Y": 0.05
                            },
                            "LeftMargin": 167.8753,
                            "RightMargin": 111.1247,
                            "TopMargin": 39.0,
                            "BottomMargin": -1.0,
                            "Tag": 182,
                            "ActionTag": 1994703454,
                            "Size": {
                              "X": 146.0,
                              "Y": 2.0
                            },
                            "Name": "img_underline",
                            "ctype": "ImageViewObjectData"
                          },
                          {
                            "FileData": {
                              "Type": "MarkedSubImage",
                              "Path": "common/S_1_frame.png",
                              "Plist": "common/common.plist"
                            },
                            "Scale9Enable": true,
                            "Scale9OriginX": 7,
                            "Scale9OriginY": 1,
                            "Scale9Width": 132,
                            "Scale9Height": 1,
                            "AnchorPoint": {
                              "ScaleX": 0.5
                            },
                            "Position": {
                              "X": 352.8739,
                              "Y": -1.0
                            },
                            "Scale": {
                              "ScaleX": 1.0,
                              "ScaleY": 1.0
                            },
                            "CColor": {},
                            "IconVisible": false,
                            "PrePosition": {
                              "X": 0.8303,
                              "Y": -0.025
                            },
                            "PreSize": {
                              "X": 0.3435,
                              "Y": 0.05
                            },
                            "LeftMargin": 279.8739,
                            "RightMargin": -0.8739,
                            "TopMargin": 39.0,
                            "BottomMargin": -1.0,
                            "Tag": 183,
                            "ActionTag": -14489613,
                            "Size": {
                              "X": 146.0,
                              "Y": 2.0
                            },
                            "Name": "img_underline_0",
                            "ctype": "ImageViewObjectData"
                          },
                          {
                            "IsCustomSize": true,
                            "FontSize": 17,
                            "LabelText": "",
                            "FontResource": {
                              "Type": "Normal",
                              "Path": "font/ModeMinBStd.ttf",
                              "Plist": ""
                            },
                            "HorizontalAlignmentType": "HT_Right",
                            "OutlineColor": {
                              "G": 0,
                              "B": 0
                            },
                            "ShadowColor": {
                              "R": 29,
                              "G": 16,
                              "B": 1
                            },
                            "ShadowOffsetX": 3.0,
                            "ShadowOffsetY": -3.0,
                            "ShadowEnabled": true,
                            "AnchorPoint": {
                              "ScaleX": 1.0,
                              "ScaleY": 0.5
                            },
                            "Position": {
                              "X": 426.8495,
                              "Y": 14.9499
                            },
                            "Scale": {
                              "ScaleX": 1.0,
                              "ScaleY": 1.0
                            },
                            "CColor": {},
                            "IconVisible": false,
                            "PrePosition": {
                              "X": 1.0044,
                              "Y": 0.3737
                            },
                            "PreSize": {
                              "X": 0.2824,
                              "Y": 0.575
                            },
                            "LeftMargin": 306.8495,
                            "RightMargin": -1.8495,
                            "TopMargin": 13.5501,
                            "BottomMargin": 3.4499,
                            "Tag": 184,
                            "ActionTag": 1136868258,
                            "Size": {
                              "X": 120.0,
                              "Y": 23.0
                            },
                            "Name": "txt_bestscore",
                            "ctype": "TextObjectData"
                          },
                          {
                            "IsCustomSize": true,
                            "FontSize": 20,
                            "LabelText": "{TXT_UI_YOKAIBUILDER-GAMEOVER-POPUP_3}",
                            "FontResource": {
                              "Type": "Normal",
                              "Path": "font/ModeMinBStd.ttf",
                              "Plist": ""
                            },
                            "HorizontalAlignmentType": "HT_Center",
                            "OutlineSize": 2,
                            "OutlineColor": {
                              "R": 109,
                              "G": 0,
                              "B": 0
                            },
                            "OutlineEnabled": true,
                            "ShadowColor": {
                              "R": 110,
                              "G": 110,
                              "B": 110
                            },
                            "ShadowOffsetX": 2.0,
                            "ShadowOffsetY": -2.0,
                            "AnchorPoint": {
                              "ScaleY": 0.5
                            },
                            "Position": {
                              "X": 30.968,
                              "Y": 14.8137
                            },
                            "Scale": {
                              "ScaleX": 1.0,
                              "ScaleY": 1.0
                            },
                            "CColor": {},
                            "IconVisible": false,
                            "PrePosition": {
                              "X": 0.0729,
                              "Y": 0.3703
                            },
                            "PreSize": {
                              "X": 0.2965,
                              "Y": 0.625
                            },
                            "LeftMargin": 30.968,
                            "RightMargin": 268.032,
                            "TopMargin": 12.6863,
                            "BottomMargin": 2.3137,
                            "Tag": 185,
                            "ActionTag": 546550781,
                            "Size": {
                              "X": 126.0,
                              "Y": 25.0
                            },
                            "Name": "txt_item_name",
                            "ctype": "TextObjectData"
                          }
                        ],
                        "ActionTag": -1018566671,
                        "Size": {
                          "X": 425.0,
                          "Y": 40.0
                        },
                        "Name": "ItemUseDetail_0",
                        "ctype": "PanelObjectData"
                      }
                    ],
                    "ActionTag": -2047635147,
                    "Size": {
                      "X": 482.0,
                      "Y": 377.0
                    },
                    "Name": "img_content_bg",
                    "ctype": "ImageViewObjectData"
                  }
                ],
                "ActionTag": 1040160348,
                "Size": {
                  "X": 640.0,
                  "Y": 1136.0
                },
                "Name": "pnl_body",
                "ctype": "PanelObjectData"
              }
            ],
            "ActionTag": 2022788051,
            "Size": {
              "X": 640.0,
              "Y": 1136.0
            },
            "Name": "Root",
            "ctype": "PanelObjectData"
          }
        ],
        "Size": {
          "X": 640.0,
          "Y": 1136.0
        },
        "Name": "Layer",
        "ctype": "LayerObjectData"
      },
      "UsedResources": [
        "common/common.plist",
        "common/common.png",
        "Default/Button_Disable.png",
        "Default/Button_Press.png",
        "font/ModeMinBStd.ttf",
        "pic/button/common_btn_atlas.plist",
        "pic/button/common_btn_atlas.png",
        "pic/icon/icon_atlas.plist",
        "pic/icon/icon_atlas.png"
      ],
      "ctype": "GameFileData"
    }
  },
  "Type": "Layer"
}