{
  "ID": "9d892a06-3c66-48a5-8f1d-d8fdbf3b9274",
  "Version": "3.10.0.0",
  "Name": "yokaibubble-main",
  "Content": {
    "Content": {
      "Animation": {
        "Duration": 0,
        "Speed": 0.3333,
        "ActivedAnimationName": "start",
        "Timelines": [],
        "ctype": "TimelineActionData"
      },
      "AnimationList": [
        {
          "StartIndex": 0,
          "EndIndex": 75,
          "Name": "start",
          "ctype": "AnimationInfoData"
        }
      ],
      "ObjectData": {
        "Tag": 68,
        "Children": [
          {
            "ClipAble": false,
            "BackColorAlpha": 102,
            "SingleColor": {
              "R": 150,
              "G": 200
            },
            "FirstColor": {
              "R": 150,
              "G": 200
            },
            "EndColor": {},
            "ColorVector": {
              "ScaleY": 1.0
            },
            "Scale9Width": 1,
            "Scale9Height": 1,
            "TouchEnable": true,
            "AnchorPoint": {},
            "Position": {
              "X": 0.0001,
              "Y": -3.0
            },
            "Scale": {
              "ScaleX": 1.0,
              "ScaleY": 1.0
            },
            "CColor": {},
            "IconVisible": false,
            "PrePosition": {
              "X": 0.0,
              "Y": -0.0026
            },
            "PreSize": {
              "X": 1.0,
              "Y": 1.0
            },
            "LeftMargin": 0.0001,
            "RightMargin": -0.0001,
            "TopMargin": 3.0,
            "BottomMargin": -3.0,
            "Tag": 728,
            "Children": [
              {
                "FileData": {
                  "Type": "Default",
                  "Path": "Default/ImageFile.png",
                  "Plist": ""
                },
                "Scale9OriginX": -165,
                "Scale9OriginY": -304,
                "Scale9Width": 376,
                "Scale9Height": 654,
                "AnchorPoint": {
                  "ScaleX": 0.5,
                  "ScaleY": 0.5
                },
                "Position": {
                  "X": 320.0,
                  "Y": 640.0
                },
                "Scale": {
                  "ScaleX": 1.0,
                  "ScaleY": 1.0
                },
                "CColor": {},
                "IconVisible": false,
                "PrePosition": {
                  "X": 0.5,
                  "Y": 0.5634
                },
                "PreSize": {
                  "X": 1.0,
                  "Y": 0.934
                },
                "TopMargin": -34.5,
                "BottomMargin": 109.5,
                "Tag": 764,
                "ActionTag": 1339742546,
                "Size": {
                  "X": 640.0,
                  "Y": 1061.0
                },
                "Name": "img_background",
                "ctype": "ImageViewObjectData"
              },
              {
                "FileData": {
                  "Type": "Default",
                  "Path": "Default/ImageFile.png",
                  "Plist": ""
                },
                "Scale9OriginX": 15,
                "Scale9OriginY": 15,
                "Scale9Width": 16,
                "Scale9Height": 16,
                "TouchEnable": true,
                "AnchorPoint": {
                  "ScaleX": 0.5,
                  "ScaleY": 0.5
                },
                "Position": {
                  "X": 320.0,
                  "Y": 670.0
                },
                "Scale": {
                  "ScaleX": 1.0,
                  "ScaleY": 1.0
                },
                "CColor": {},
                "IconVisible": false,
                "PrePosition": {
                  "X": 0.5,
                  "Y": 0.5898
                },
                "PreSize": {
                  "X": 1.5891,
                  "Y": 0.8952
                },
                "LeftMargin": -188.5,
                "RightMargin": -188.5,
                "TopMargin": -42.5,
                "BottomMargin": 161.5,
                "Tag": 561,
                "ActionTag": -373155694,
                "Size": {
                  "X": 1017.0,
                  "Y": 1017.0
                },
                "Name": "RoleIcon",
                "ctype": "ImageViewObjectData"
              },
              {
                "ClipAble": false,
                "BackColorAlpha": 102,
                "SingleColor": {
                  "R": 150,
                  "G": 200
                },
                "FirstColor": {
                  "R": 150,
                  "G": 200
                },
                "EndColor": {},
                "ColorVector": {
                  "ScaleY": 1.0
                },
                "Scale9Width": 1,
                "Scale9Height": 1,
                "AnchorPoint": {
                  "ScaleY": 1.0
                },
                "Position": {
                  "X": 0.0,
                  "Y": 1136.0002
                },
                "Scale": {
                  "ScaleX": 1.0,
                  "ScaleY": 1.0
                },
                "CColor": {},
                "IconVisible": false,
                "PrePosition": {
                  "X": 0.0,
                  "Y": 1.0
                },
                "PreSize": {
                  "X": 1.0,
                  "Y": 0.088
                },
                "TopMargin": -0.0002,
                "BottomMargin": 1036.0002,
                "Tag": 837,
                "Children": [
                  {
                    "FileData": {
                      "Type": "Normal",
                      "Path": "common_ui/icon_club_top_bg.png",
                      "Plist": ""
                    },
                    "Scale9OriginX": 211,
                    "Scale9OriginY": 18,
                    "Scale9Width": 218,
                    "Scale9Height": 140,
                    "AnchorPoint": {
                      "ScaleX": 0.5
                    },
                    "Position": {
                      "X": 320.0,
                      "Y": 43.0
                    },
                    "Scale": {
                      "ScaleX": 1.0,
                      "ScaleY": 1.0
                    },
                    "CColor": {},
                    "IconVisible": false,
                    "PrePosition": {
                      "X": 0.5,
                      "Y": 0.43
                    },
                    "PreSize": {
                      "X": 1.0,
                      "Y": 1.81
                    },
                    "TopMargin": -124.0,
                    "BottomMargin": 43.0,
                    "Tag": 838,
                    "ActionTag": 522585306,
                    "Size": {
                      "X": 640.0,
                      "Y": 181.0
                    },
                    "Name": "Image_1",
                    "ctype": "ImageViewObjectData"
                  },
                  {
                    "FileData": {
                      "Type": "MarkedSubImage",
                      "Path": "pic/icon/icon_bg.png",
                      "Plist": "pic/icon/icon_atlas.plist"
                    },
                    "Scale9OriginX": 98,
                    "Scale9OriginY": 22,
                    "Scale9Width": 198,
                    "Scale9Height": 29,
                    "AnchorPoint": {
                      "ScaleX": 0.5,
                      "ScaleY": 0.5
                    },
                    "Position": {
                      "X": 320.0,
                      "Y": 61.8468
                    },
                    "Scale": {
                      "ScaleX": 1.0,
                      "ScaleY": 1.0
                    },
                    "CColor": {},
                    "IconVisible": false,
                    "PrePosition": {
                      "X": 0.5,
                      "Y": 0.6185
                    },
                    "PreSize": {
                      "X": 0.4922,
                      "Y": 0.73
                    },
                    "LeftMargin": 162.5,
                    "RightMargin": 162.5,
                    "TopMargin": 1.6532,
                    "BottomMargin": 25.3468,
                    "Tag": 839,
                    "Children": [
                      {
                        "IsCustomSize": true,
                        "FontSize": 30,
                        "LabelText": "{TXT_UI_YOKAIBUUBLE-MAIN_0}",
                        "FontResource": {
                          "Type": "Normal",
                          "Path": "font/ModeMinBStd.ttf",
                          "Plist": ""
                        },
                        "HorizontalAlignmentType": "HT_Center",
                        "OutlineColor": {
                          "R": 0,
                          "G": 0,
                          "B": 0
                        },
                        "ShadowColor": {
                          "R": 0,
                          "G": 0,
                          "B": 0
                        },
                        "ShadowOffsetX": 2.0,
                        "ShadowOffsetY": -2.0,
                        "ShadowEnabled": true,
                        "AnchorPoint": {
                          "ScaleX": 0.5,
                          "ScaleY": 0.5
                        },
                        "Position": {
                          "X": 157.5,
                          "Y": 42.5
                        },
                        "Scale": {
                          "ScaleX": 1.0,
                          "ScaleY": 1.0
                        },
                        "CColor": {},
                        "IconVisible": false,
                        "PrePosition": {
                          "X": 0.5,
                          "Y": 0.5822
                        },
                        "PreSize": {
                          "X": 0.8984,
                          "Y": 0.4521
                        },
                        "LeftMargin": 16.0,
                        "RightMargin": 16.0,
                        "TopMargin": 14.0,
                        "BottomMargin": 26.0,
                        "Tag": 840,
                        "ActionTag": 317965846,
                        "Size": {
                          "X": 283.0,
                          "Y": 33.0
                        },
                        "Name": "txt_title",
                        "ctype": "TextObjectData"
                      }
                    ],
                    "ActionTag": -1582187424,
                    "Size": {
                      "X": 315.0,
                      "Y": 73.0
                    },
                    "Name": "Image_26",
                    "ctype": "ImageViewObjectData"
                  },
                  {
                    "FontSize": 14,
                    "ButtonText": "",
                    "TextColor": {},
                    "NormalFileData": {
                      "Type": "MarkedSubImage",
                      "Path": "common_ui/btn_grade_help.png",
                      "Plist": "common_ui/common_panel_atlas.plist"
                    },
                    "Scale9OriginX": 23,
                    "Scale9OriginY": 23,
                    "Scale9Width": 34,
                    "Scale9Height": 34,
                    "OutlineColor": {
                      "R": 0,
                      "G": 0,
                      "B": 0
                    },
                    "ShadowColor": {
                      "R": 0,
                      "G": 0,
                      "B": 0
                    },
                    "ShadowOffsetX": 2.0,
                    "ShadowOffsetY": -2.0,
                    "TouchEnable": true,
                    "AnchorPoint": {
                      "ScaleX": 0.5,
                      "ScaleY": 0.5
                    },
                    "Position": {
                      "X": 596.0,
                      "Y": 60.0
                    },
                    "Scale": {
                      "ScaleX": 1.0,
                      "ScaleY": 1.0
                    },
                    "CColor": {},
                    "IconVisible": false,
                    "PrePosition": {
                      "X": 0.9312,
                      "Y": 0.6
                    },
                    "PreSize": {
                      "X": 0.125,
                      "Y": 0.8
                    },
                    "LeftMargin": 556.0,
                    "RightMargin": 4.0,
                    "BottomMargin": 20.0,
                    "Tag": 740,
                    "ActionTag": 83417667,
                    "Size": {
                      "X": 80.0,
                      "Y": 80.0
                    },
                    "Name": "btn_help",
                    "ctype": "ButtonObjectData"
                  },
                  {
                    "FontSize": 25,
                    "ButtonText": "",
                    "TextColor": {},
                    "NormalFileData": {
                      "Type": "MarkedSubImage",
                      "Path": "common_ui/btn_grade_back.png",
                      "Plist": "common_ui/common_panel_atlas.plist"
                    },
                    "Scale9OriginX": 23,
                    "Scale9OriginY": 14,
                    "Scale9Width": 81,
                    "Scale9Height": 42,
                    "OutlineColor": {
                      "R": 0,
                      "G": 0,
                      "B": 0
                    },
                    "ShadowColor": {
                      "R": 0,
                      "G": 0,
                      "B": 0
                    },
                    "ShadowOffsetX": 2.0,
                    "ShadowOffsetY": -2.0,
                    "TouchEnable": true,
                    "AnchorPoint": {
                      "ScaleX": 0.52,
                      "ScaleY": 0.6
                    },
                    "Position": {
                      "X": 61.0,
                      "Y": 68.0018
                    },
                    "Scale": {
                      "ScaleX": 1.0,
                      "ScaleY": 1.0
                    },
                    "CColor": {},
                    "IconVisible": false,
                    "PrePosition": {
                      "X": 0.0953,
                      "Y": 0.68
                    },
                    "PreSize": {
                      "X": 0.1984,
                      "Y": 0.72
                    },
                    "LeftMargin": -5.04,
                    "RightMargin": 518.04,
                    "TopMargin": 3.1982,
                    "BottomMargin": 24.8018,
                    "Tag": 842,
                    "ActionTag": -1165201178,
                    "Size": {
                      "X": 127.0,
                      "Y": 72.0
                    },
                    "Name": "btn_return",
                    "ctype": "ButtonObjectData"
                  }
                ],
                "ActionTag": -422856533,
                "Size": {
                  "X": 640.0,
                  "Y": 100.0
                },
                "Name": "pnl_top",
                "ctype": "PanelObjectData"
              },
              {
                "ClipAble": false,
                "BackColorAlpha": 102,
                "SingleColor": {
                  "R": 150,
                  "G": 200
                },
                "FirstColor": {
                  "R": 150,
                  "G": 200
                },
                "EndColor": {},
                "ColorVector": {
                  "ScaleY": 1.0
                },
                "Scale9Width": 1,
                "Scale9Height": 1,
                "AnchorPoint": {},
                "Position": {
                  "X": 0.0,
                  "Y": 300.0
                },
                "Scale": {
                  "ScaleX": 1.0,
                  "ScaleY": 1.0
                },
                "CColor": {},
                "IconVisible": false,
                "PrePosition": {
                  "X": 0.0,
                  "Y": 0.2641
                },
                "PreSize": {
                  "X": 1.0,
                  "Y": 0.7042
                },
                "TopMargin": 36.0,
                "BottomMargin": 300.0,
                "Tag": 756,
                "Children": [
                  {
                    "FontSize": 14,
                    "ButtonText": "",
                    "TextColor": {
                      "R": 65,
                      "G": 65,
                      "B": 70
                    },
                    "NormalFileData": {
                      "Type": "MarkedSubImage",
                      "Path": "yokaibubble/btn_yokaibubble_scoreupdetail.png",
                      "Plist": "yokaibubble/yokaibubblePlist.plist"
                    },
                    "Scale9Enable": true,
                    "Scale9OriginX": 15,
                    "Scale9OriginY": 11,
                    "Scale9Width": 70,
                    "Scale9Height": 84,
                    "OutlineColor": {
                      "G": 0,
                      "B": 0
                    },
                    "ShadowColor": {
                      "R": 110,
                      "G": 110,
                      "B": 110
                    },
                    "ShadowOffsetX": 2.0,
                    "ShadowOffsetY": -2.0,
                    "TouchEnable": true,
                    "AnchorPoint": {
                      "ScaleX": 0.5,
                      "ScaleY": 0.5
                    },
                    "Position": {
                      "X": 52.0014,
                      "Y": 711.9966
                    },
                    "Scale": {
                      "ScaleX": 1.0,
                      "ScaleY": 1.0
                    },
                    "CColor": {},
                    "IconVisible": false,
                    "PrePosition": {
                      "X": 0.0813,
                      "Y": 0.89
                    },
                    "PreSize": {
                      "X": 0.1562,
                      "Y": 0.1325
                    },
                    "LeftMargin": 2.0014,
                    "RightMargin": 537.9986,
                    "TopMargin": 35.0034,
                    "BottomMargin": 658.9966,
                    "Tag": 753,
                    "ActionTag": 1383630542,
                    "Size": {
                      "X": 100.0,
                      "Y": 106.0
                    },
                    "Name": "btn_scoreupdetail",
                    "ctype": "ButtonObjectData"
                  },
                  {
                    "FontSize": 14,
                    "ButtonText": "",
                    "TextColor": {
                      "R": 65,
                      "G": 65,
                      "B": 70
                    },
                    "NormalFileData": {
                      "Type": "MarkedSubImage",
                      "Path": "yokaibubble/btn_yokaibubble_changeyokai.png",
                      "Plist": "yokaibubble/yokaibubblePlist.plist"
                    },
                    "Scale9Enable": true,
                    "Scale9OriginX": 15,
                    "Scale9OriginY": 11,
                    "Scale9Width": 64,
                    "Scale9Height": 67,
                    "OutlineColor": {
                      "G": 0,
                      "B": 0
                    },
                    "ShadowColor": {
                      "R": 110,
                      "G": 110,
                      "B": 110
                    },
                    "ShadowOffsetX": 2.0,
                    "ShadowOffsetY": -2.0,
                    "TouchEnable": true,
                    "AnchorPoint": {
                      "ScaleX": 0.5,
                      "ScaleY": 0.5
                    },
                    "Position": {
                      "X": 51.0003,
                      "Y": 604.0012
                    },
                    "Scale": {
                      "ScaleX": 1.0,
                      "ScaleY": 1.0
                    },
                    "CColor": {},
                    "IconVisible": false,
                    "PrePosition": {
                      "X": 0.0797,
                      "Y": 0.755
                    },
                    "PreSize": {
                      "X": 0.1469,
                      "Y": 0.1112
                    },
                    "LeftMargin": 4.0003,
                    "RightMargin": 541.9997,
                    "TopMargin": 151.4988,
                    "BottomMargin": 559.5012,
                    "Tag": 754,
                    "ActionTag": -228051496,
                    "Size": {
                      "X": 94.0,
                      "Y": 89.0
                    },
                    "Name": "btn_changeyokai",
                    "ctype": "ButtonObjectData"
                  },
                  {
                    "FontSize": 14,
                    "ButtonText": "",
                    "TextColor": {
                      "R": 65,
                      "G": 65,
                      "B": 70
                    },
                    "NormalFileData": {
                      "Type": "MarkedSubImage",
                      "Path": "yokaibuilder/btn_yokaibuilder_specialbag.png",
                      "Plist": "yokaibuilder/yokaibuilderPlist.plist"
                    },
                    "Scale9Enable": true,
                    "Scale9OriginX": 15,
                    "Scale9OriginY": 11,
                    "Scale9Width": 70,
                    "Scale9Height": 73,
                    "OutlineColor": {
                      "G": 0,
                      "B": 0
                    },
                    "ShadowColor": {
                      "R": 110,
                      "G": 110,
                      "B": 110
                    },
                    "ShadowOffsetX": 2.0,
                    "ShadowOffsetY": -2.0,
                    "TouchEnable": true,
                    "AnchorPoint": {
                      "ScaleX": 0.5,
                      "ScaleY": 0.5
                    },
                    "Position": {
                      "X": 51.0011,
                      "Y": 493.9973
                    },
                    "Scale": {
                      "ScaleX": 1.0,
                      "ScaleY": 1.0
                    },
                    "CColor": {},
                    "IconVisible": false,
                    "PrePosition": {
                      "X": 0.0797,
                      "Y": 0.6175
                    },
                    "PreSize": {
                      "X": 0.1562,
                      "Y": 0.1187
                    },
                    "LeftMargin": 1.0011,
                    "RightMargin": 538.9989,
                    "TopMargin": 258.5027,
                    "BottomMargin": 446.4973,
                    "Tag": 755,
                    "ActionTag": 1548244528,
                    "Size": {
                      "X": 100.0,
                      "Y": 95.0
                    },
                    "Name": "btn_specialbag",
                    "ctype": "ButtonObjectData"
                  },
                  {
                    "FontSize": 14,
                    "ButtonText": "",
                    "TextColor": {
                      "R": 65,
                      "G": 65,
                      "B": 70
                    },
                    "NormalFileData": {
                      "Type": "MarkedSubImage",
                      "Path": "sandbeach/img_sandbeach_rank.png",
                      "Plist": "sandbeach/sandbeachPlist.plist"
                    },
                    "Scale9Enable": true,
                    "Scale9OriginX": 15,
                    "Scale9OriginY": 11,
                    "Scale9Width": 63,
                    "Scale9Height": 53,
                    "OutlineColor": {
                      "G": 0,
                      "B": 0
                    },
                    "ShadowColor": {
                      "R": 110,
                      "G": 110,
                      "B": 110
                    },
                    "ShadowOffsetX": 2.0,
                    "ShadowOffsetY": -2.0,
                    "TouchEnable": true,
                    "AnchorPoint": {
                      "ScaleX": 0.5,
                      "ScaleY": 0.5
                    },
                    "Position": {
                      "X": 580.0,
                      "Y": 709.0
                    },
                    "Scale": {
                      "ScaleX": 1.0,
                      "ScaleY": 1.0
                    },
                    "CColor": {},
                    "IconVisible": false,
                    "PrePosition": {
                      "X": 0.9062,
                      "Y": 0.8863
                    },
                    "PreSize": {
                      "X": 0.1453,
                      "Y": 0.0938
                    },
                    "LeftMargin": 533.5,
                    "RightMargin": 13.5,
                    "TopMargin": 53.5,
                    "BottomMargin": 671.5,
                    "Tag": 757,
                    "ActionTag": 1974385254,
                    "Size": {
                      "X": 93.0,
                      "Y": 75.0
                    },
                    "Name": "btn_ranking",
                    "ctype": "ButtonObjectData"
                  },
                  {
                    "FontSize": 14,
                    "ButtonText": "",
                    "TextColor": {
                      "R": 65,
                      "G": 65,
                      "B": 70
                    },
                    "NormalFileData": {
                      "Type": "MarkedSubImage",
                      "Path": "pic/club_boss/icon_club_boss_reward_view.png",
                      "Plist": "pic/club_boss/club_boss_atlas.plist"
                    },
                    "Scale9Enable": true,
                    "Scale9OriginX": 15,
                    "Scale9OriginY": 11,
                    "Scale9Width": 54,
                    "Scale9Height": 63,
                    "OutlineColor": {
                      "G": 0,
                      "B": 0
                    },
                    "ShadowColor": {
                      "R": 110,
                      "G": 110,
                      "B": 110
                    },
                    "ShadowOffsetX": 2.0,
                    "ShadowOffsetY": -2.0,
                    "TouchEnable": true,
                    "AnchorPoint": {
                      "ScaleX": 0.5,
                      "ScaleY": 0.5
                    },
                    "Position": {
                      "X": 583.0,
                      "Y": 609.0
                    },
                    "Scale": {
                      "ScaleX": 1.0,
                      "ScaleY": 1.0
                    },
                    "CColor": {},
                    "IconVisible": false,
                    "PrePosition": {
                      "X": 0.9109,
                      "Y": 0.7613
                    },
                    "PreSize": {
                      "X": 0.1312,
                      "Y": 0.1063
                    },
                    "LeftMargin": 541.0,
                    "RightMargin": 15.0,
                    "TopMargin": 148.5,
                    "BottomMargin": 566.5,
                    "Tag": 758,
                    "ActionTag": 2108313380,
                    "Size": {
                      "X": 84.0,
                      "Y": 85.0
                    },
                    "Name": "btn_rewardview",
                    "ctype": "ButtonObjectData"
                  },
                  {
                    "FileData": {
                      "Type": "Default",
                      "Path": "Default/ImageFile.png",
                      "Plist": ""
                    },
                    "Scale9OriginX": -55,
                    "Scale9OriginY": 5,
                    "Scale9Width": 156,
                    "Scale9Height": 36,
                    "AnchorPoint": {
                      "ScaleX": 0.5,
                      "ScaleY": 0.5
                    },
                    "Position": {
                      "X": 320.006,
                      "Y": 318.0005
                    },
                    "Scale": {
                      "ScaleX": 1.0,
                      "ScaleY": 1.0
                    },
                    "CColor": {},
                    "IconVisible": false,
                    "PrePosition": {
                      "X": 0.5,
                      "Y": 0.3975
                    },
                    "PreSize": {
                      "X": 0.5,
                      "Y": 0.275
                    },
                    "LeftMargin": 160.006,
                    "RightMargin": 159.994,
                    "TopMargin": 371.9995,
                    "BottomMargin": 208.0005,
                    "Tag": 44,
                    "ActionTag": -1153218652,
                    "Size": {
                      "X": 320.0,
                      "Y": 220.0
                    },
                    "VisibleForFrame": false,
                    "Name": "Image_2",
                    "ctype": "ImageViewObjectData"
                  },
                  {
                    "FileData": {
                      "Type": "MarkedSubImage",
                      "Path": "yokaibubble/img_yokaibubble_scorebg.png",
                      "Plist": "yokaibubble/yokaibubblePlist.plist"
                    },
                    "Scale9Enable": true,
                    "Scale9OriginX": 48,
                    "Scale9OriginY": 5,
                    "Scale9Width": 52,
                    "Scale9Height": 45,
                    "AnchorPoint": {
                      "ScaleX": 0.5,
                      "ScaleY": 0.5
                    },
                    "Position": {
                      "X": 320.0001,
                      "Y": 145.98
                    },
                    "Scale": {
                      "ScaleX": 1.0,
                      "ScaleY": 1.0
                    },
                    "CColor": {},
                    "IconVisible": false,
                    "PrePosition": {
                      "X": 0.5,
                      "Y": 0.1825
                    },
                    "PreSize": {
                      "X": 0.7812,
                      "Y": 0.25
                    },
                    "LeftMargin": 70.0001,
                    "RightMargin": 69.9999,
                    "TopMargin": 554.02,
                    "BottomMargin": 45.98,
                    "Tag": 262,
                    "ActionTag": 984206082,
                    "Size": {
                      "X": 500.0,
                      "Y": 200.0
                    },
                    "Name": "Image_2_0",
                    "ctype": "ImageViewObjectData"
                  },
                  {
                    "FileData": {
                      "Type": "MarkedSubImage",
                      "Path": "yokaibubble/img_yokaibubble_smallscore.png",
                      "Plist": "yokaibubble/yokaibubblePlist.plist"
                    },
                    "Scale9OriginX": 52,
                    "Scale9OriginY": 15,
                    "Scale9Width": 55,
                    "Scale9Height": 16,
                    "AnchorPoint": {
                      "ScaleX": 0.5,
                      "ScaleY": 0.5
                    },
                    "Position": {
                      "X": 320.3264,
                      "Y": 176.1191
                    },
                    "Scale": {
                      "ScaleX": 1.0,
                      "ScaleY": 1.0
                    },
                    "CColor": {},
                    "IconVisible": false,
                    "PrePosition": {
                      "X": 0.5005,
                      "Y": 0.2201
                    },
                    "PreSize": {
                      "X": 0.2484,
                      "Y": 0.0575
                    },
                    "LeftMargin": 240.8264,
                    "RightMargin": 240.1736,
                    "TopMargin": 600.8809,
                    "BottomMargin": 153.1191,
                    "Tag": 265,
                    "ActionTag": 935927076,
                    "Size": {
                      "X": 159.0,
                      "Y": 46.0
                    },
                    "Name": "Image_5",
                    "ctype": "ImageViewObjectData"
                  },
                  {
                    "FileData": {
                      "Type": "Default",
                      "Path": "Default/ImageFile.png",
                      "Plist": ""
                    },
                    "Scale9OriginX": 15,
                    "Scale9OriginY": 15,
                    "Scale9Width": 16,
                    "Scale9Height": 16,
                    "TouchEnable": true,
                    "AnchorPoint": {
                      "ScaleX": 0.5,
                      "ScaleY": 0.5
                    },
                    "Position": {
                      "X": 314.0,
                      "Y": 330.9993
                    },
                    "Scale": {
                      "ScaleX": 1.0,
                      "ScaleY": 1.0
                    },
                    "CColor": {},
                    "IconVisible": false,
                    "PrePosition": {
                      "X": 0.4906,
                      "Y": 0.4137
                    },
                    "PreSize": {
                      "X": 0.825,
                      "Y": 0.38
                    },
                    "LeftMargin": 50.0,
                    "RightMargin": 62.0,
                    "TopMargin": 317.0007,
                    "BottomMargin": 178.9993,
                    "Tag": 318,
                    "Children": [
                      {
                        "FileData": {
                          "Type": "MarkedSubImage",
                          "Path": "common/Dress_ImgRedP.png",
                          "Plist": "common/common.plist"
                        },
                        "Scale9OriginX": 6,
                        "Scale9OriginY": 6,
                        "Scale9Width": 26,
                        "Scale9Height": 26,
                        "AnchorPoint": {
                          "ScaleX": 0.5,
                          "ScaleY": 0.5
                        },
                        "Position": {
                          "X": 419.6547,
                          "Y": 224.1021
                        },
                        "Scale": {
                          "ScaleX": 1.0,
                          "ScaleY": 1.0
                        },
                        "CColor": {},
                        "IconVisible": false,
                        "PrePosition": {
                          "X": 0.7948,
                          "Y": 0.7372
                        },
                        "PreSize": {
                          "X": 0.072,
                          "Y": 0.125
                        },
                        "LeftMargin": 400.6547,
                        "RightMargin": 89.3453,
                        "TopMargin": 60.8979,
                        "BottomMargin": 205.1021,
                        "Tag": 445,
                        "ActionTag": 789284115,
                        "Size": {
                          "X": 38.0,
                          "Y": 38.0
                        },
                        "Name": "img_red_point",
                        "ctype": "ImageViewObjectData"
                      }
                    ],
                    "ActionTag": 423679024,
                    "Size": {
                      "X": 528.0,
                      "Y": 304.0
                    },
                    "Name": "btn_gameentry",
                    "ctype": "ImageViewObjectData"
                  },
                  {
                    "LabelText": "",
                    "LabelBMFontFile_CNB": {
                      "Type": "Normal",
                      "Path": "bmtfont.proj/yokaibubble_fnt.fnt",
                      "Plist": ""
                    },
                    "AnchorPoint": {
                      "ScaleX": 0.5,
                      "ScaleY": 0.5
                    },
                    "Position": {
                      "X": 320.0,
                      "Y": 134.8779
                    },
                    "Scale": {
                      "ScaleX": 1.0,
                      "ScaleY": 1.0
                    },
                    "CColor": {},
                    "IconVisible": false,
                    "PrePosition": {
                      "X": 0.5,
                      "Y": 0.1686
                    },
                    "PreSize": {
                      "X": 0.0,
                      "Y": 0.0
                    },
                    "LeftMargin": 320.0,
                    "RightMargin": 320.0,
                    "TopMargin": 665.1221,
                    "BottomMargin": 134.8779,
                    "Tag": 267,
                    "ActionTag": -1476934160,
                    "Size": {
                      "X": 0.0,
                      "Y": 0.0
                    },
                    "Name": "txt_totalscore",
                    "ctype": "TextBMFontObjectData"
                  },
                  {
                    "FileData": {
                      "Type": "MarkedSubImage",
                      "Path": "common/common_name_bg.png",
                      "Plist": "common/common.plist"
                    },
                    "Scale9Enable": true,
                    "Scale9OriginX": 50,
                    "Scale9Width": 108,
                    "Scale9Height": 34,
                    "AnchorPoint": {
                      "ScaleX": 0.5,
                      "ScaleY": 0.5
                    },
                    "Position": {
                      "X": 320.0,
                      "Y": 47.9999
                    },
                    "Scale": {
                      "ScaleX": 1.0,
                      "ScaleY": 1.0
                    },
                    "CColor": {},
                    "IconVisible": false,
                    "PositionPercentXEnabled": true,
                    "PrePosition": {
                      "X": 0.5,
                      "Y": 0.06
                    },
                    "PreSize": {
                      "X": 0.5625,
                      "Y": 0.05
                    },
                    "LeftMargin": 140.0,
                    "RightMargin": 140.0,
                    "TopMargin": 732.0001,
                    "BottomMargin": 27.9999,
                    "Tag": 750,
                    "Children": [
                      {
                        "IsCustomSize": true,
                        "FontSize": 20,
                        "LabelText": "",
                        "FontResource": {
                          "Type": "Normal",
                          "Path": "font/ModeMinBStd.ttf",
                          "Plist": ""
                        },
                        "HorizontalAlignmentType": "HT_Center",
                        "OutlineSize": 2,
                        "OutlineColor": {
                          "R": 131,
                          "G": 25,
                          "B": 22
                        },
                        "OutlineEnabled": true,
                        "ShadowColor": {
                          "R": 110,
                          "G": 110,
                          "B": 110
                        },
                        "ShadowOffsetX": 2.0,
                        "ShadowOffsetY": -2.0,
                        "AnchorPoint": {
                          "ScaleX": 0.5,
                          "ScaleY": 0.5
                        },
                        "Position": {
                          "X": 180.0,
                          "Y": 20.0
                        },
                        "Scale": {
                          "ScaleX": 1.0,
                          "ScaleY": 1.0
                        },
                        "CColor": {},
                        "IconVisible": false,
                        "PositionPercentXEnabled": true,
                        "PositionPercentYEnabled": true,
                        "PrePosition": {
                          "X": 0.5,
                          "Y": 0.5
                        },
                        "PreSize": {
                          "X": 1.2917,
                          "Y": 0.6
                        },
                        "LeftMargin": -52.5,
                        "RightMargin": -52.5,
                        "TopMargin": 8.0,
                        "BottomMargin": 8.0,
                        "Tag": 751,
                        "ActionTag": -1136659172,
                        "Size": {
                          "X": 465.0,
                          "Y": 24.0
                        },
                        "Name": "txt_date",
                        "ctype": "TextObjectData"
                      }
                    ],
                    "ActionTag": 150024343,
                    "Size": {
                      "X": 360.0,
                      "Y": 40.0
                    },
                    "Name": "img_time_bg",
                    "ctype": "ImageViewObjectData"
                  }
                ],
                "ActionTag": 1827131465,
                "Size": {
                  "X": 640.0,
                  "Y": 800.0
                },
                "Name": "pnl_central",
                "ctype": "PanelObjectData"
              },
              {
                "ClipAble": false,
                "BackColorAlpha": 102,
                "SingleColor": {
                  "R": 150,
                  "G": 200
                },
                "FirstColor": {
                  "R": 150,
                  "G": 200
                },
                "EndColor": {},
                "ColorVector": {
                  "ScaleY": 1.0
                },
                "Scale9Width": 1,
                "Scale9Height": 1,
                "AnchorPoint": {
                  "ScaleY": 1.0
                },
                "Position": {
                  "X": 0.0,
                  "Y": 320.0023
                },
                "Scale": {
                  "ScaleX": 1.0,
                  "ScaleY": 1.0
                },
                "CColor": {},
                "IconVisible": false,
                "PrePosition": {
                  "X": 0.0,
                  "Y": 0.2817
                },
                "PreSize": {
                  "X": 1.0,
                  "Y": 0.2702
                },
                "TopMargin": 815.9977,
                "BottomMargin": 13.0023,
                "Tag": 741,
                "Children": [
                  {
                    "FileData": {
                      "Type": "MarkedSubImage",
                      "Path": "gacha/img_bottom_old.png",
                      "Plist": "gacha/gachaProgAtlas.plist"
                    },
                    "Scale9OriginX": 211,
                    "Scale9OriginY": 128,
                    "Scale9Width": 218,
                    "Scale9Height": 51,
                    "AnchorPoint": {},
                    "Position": {
                      "X": 0.0,
                      "Y": 0.0
                    },
                    "Scale": {
                      "ScaleX": 1.0,
                      "ScaleY": 1.0
                    },
                    "CColor": {},
                    "IconVisible": false,
                    "PrePosition": {
                      "X": 0.0,
                      "Y": 0.0
                    },
                    "PreSize": {
                      "X": 1.0,
                      "Y": 1.0
                    },
                    "Tag": 747,
                    "ActionTag": 628411066,
                    "Size": {
                      "X": 640.0,
                      "Y": 307.0
                    },
                    "Name": "Image_127",
                    "ctype": "ImageViewObjectData"
                  },
                  {
                    "FontSize": 14,
                    "ButtonText": "",
                    "TextColor": {
                      "R": 65,
                      "G": 65,
                      "B": 70
                    },
                    "NormalFileData": {
                      "Type": "MarkedSubImage",
                      "Path": "yokaibubble/btn_yokaibubble_exchange.png",
                      "Plist": "yokaibubble/yokaibubblePlist.plist"
                    },
                    "Scale9Enable": true,
                    "Scale9OriginX": 15,
                    "Scale9OriginY": 11,
                    "Scale9Width": 290,
                    "Scale9Height": 82,
                    "OutlineColor": {
                      "G": 0,
                      "B": 0
                    },
                    "ShadowColor": {
                      "R": 110,
                      "G": 110,
                      "B": 110
                    },
                    "ShadowOffsetX": 2.0,
                    "ShadowOffsetY": -2.0,
                    "TouchEnable": true,
                    "AnchorPoint": {
                      "ScaleX": 0.5,
                      "ScaleY": 0.5
                    },
                    "Position": {
                      "X": 159.0,
                      "Y": 171.0
                    },
                    "Scale": {
                      "ScaleX": 1.0,
                      "ScaleY": 1.0
                    },
                    "CColor": {},
                    "IconVisible": false,
                    "PrePosition": {
                      "X": 0.2484,
                      "Y": 0.557
                    },
                    "PreSize": {
                      "X": 0.5,
                      "Y": 0.3388
                    },
                    "LeftMargin": -1.0,
                    "RightMargin": 321.0,
                    "TopMargin": 84.0,
                    "BottomMargin": 119.0,
                    "Tag": 748,
                    "ActionTag": 671752628,
                    "Size": {
                      "X": 320.0,
                      "Y": 104.0
                    },
                    "Name": "btn_exchange",
                    "ctype": "ButtonObjectData"
                  },
                  {
                    "FontSize": 14,
                    "ButtonText": "",
                    "TextColor": {
                      "R": 65,
                      "G": 65,
                      "B": 70
                    },
                    "NormalFileData": {
                      "Type": "MarkedSubImage",
                      "Path": "yokaibubble/btn_yokaibubble_guildfund.png",
                      "Plist": "yokaibubble/yokaibubblePlist.plist"
                    },
                    "Scale9Enable": true,
                    "Scale9OriginX": 15,
                    "Scale9OriginY": 11,
                    "Scale9Width": 290,
                    "Scale9Height": 82,
                    "OutlineColor": {
                      "G": 0,
                      "B": 0
                    },
                    "ShadowColor": {
                      "R": 110,
                      "G": 110,
                      "B": 110
                    },
                    "ShadowOffsetX": 2.0,
                    "ShadowOffsetY": -2.0,
                    "TouchEnable": true,
                    "AnchorPoint": {
                      "ScaleX": 0.5,
                      "ScaleY": 0.5
                    },
                    "Position": {
                      "X": 482.0,
                      "Y": 171.0
                    },
                    "Scale": {
                      "ScaleX": 1.0,
                      "ScaleY": 1.0
                    },
                    "CColor": {},
                    "IconVisible": false,
                    "PrePosition": {
                      "X": 0.7531,
                      "Y": 0.557
                    },
                    "PreSize": {
                      "X": 0.5,
                      "Y": 0.3388
                    },
                    "LeftMargin": 322.0,
                    "RightMargin": -2.0,
                    "TopMargin": 84.0,
                    "BottomMargin": 119.0,
                    "Tag": 749,
                    "Children": [
                      {
                        "FileData": {
                          "Type": "MarkedSubImage",
                          "Path": "common/Dress_ImgRedP.png",
                          "Plist": "common/common.plist"
                        },
                        "Scale9OriginX": 6,
                        "Scale9OriginY": 6,
                        "Scale9Width": 26,
                        "Scale9Height": 26,
                        "AnchorPoint": {
                          "ScaleX": 0.5,
                          "ScaleY": 0.5
                        },
                        "Position": {
                          "X": 271.4243,
                          "Y": 97.0956
                        },
                        "Scale": {
                          "ScaleX": 1.0,
                          "ScaleY": 1.0
                        },
                        "CColor": {},
                        "IconVisible": false,
                        "PrePosition": {
                          "X": 0.8482,
                          "Y": 0.9336
                        },
                        "PreSize": {
                          "X": 0.1187,
                          "Y": 0.3654
                        },
                        "LeftMargin": 252.4243,
                        "RightMargin": 29.5757,
                        "TopMargin": -12.0956,
                        "BottomMargin": 78.0956,
                        "Tag": 446,
                        "ActionTag": 766430541,
                        "Size": {
                          "X": 38.0,
                          "Y": 38.0
                        },
                        "Name": "img_red_point",
                        "ctype": "ImageViewObjectData"
                      }
                    ],
                    "ActionTag": -456731034,
                    "Size": {
                      "X": 320.0,
                      "Y": 104.0
                    },
                    "Name": "btn_clubfund",
                    "ctype": "ButtonObjectData"
                  }
                ],
                "ActionTag": 726011811,
                "Size": {
                  "X": 640.0,
                  "Y": 307.0
                },
                "Name": "pnl_bottom",
                "ctype": "PanelObjectData"
              }
            ],
            "ActionTag": 818627958,
            "Size": {
              "X": 640.0,
              "Y": 1136.0
            },
            "Name": "Root",
            "ctype": "PanelObjectData"
          }
        ],
        "Size": {
          "X": 640.0,
          "Y": 1136.0
        },
        "Name": "Layer",
        "ctype": "LayerObjectData"
      },
      "UsedResources": [
        "bmtfont.proj/yokaibubble_fnt.fnt",
        "bmtfont.proj/yokaibubble_fnt.png",
        "common/common.plist",
        "common/common.png",
        "common_ui/common_panel_atlas.plist",
        "common_ui/common_panel_atlas.png",
        "common_ui/icon_club_top_bg.png",
        "Default/ImageFile.png",
        "font/ModeMinBStd.ttf",
        "gacha/gachaProgAtlas.plist",
        "gacha/gachaProgAtlas.png",
        "pic/club_boss/club_boss_atlas.plist",
        "pic/club_boss/club_boss_atlas.png",
        "pic/icon/icon_atlas.plist",
        "pic/icon/icon_atlas.png",
        "sandbeach/sandbeachPlist.plist",
        "sandbeach/sandbeachPlist.png",
        "yokaibubble/yokaibubblePlist.plist",
        "yokaibubble/yokaibubblePlist.png",
        "yokaibuilder/yokaibuilderPlist.plist",
        "yokaibuilder/yokaibuilderPlist.png"
      ],
      "ctype": "GameFileData"
    }
  },
  "Type": "Layer"
}