{
  "ID": "5f11e2b0-617b-4739-bf39-1508aa2055cd",
  "Version": "3.10.0.0",
  "Name": "yokaibuilder-main",
  "Content": {
    "Content": {
      "Animation": {
        "Duration": 0,
        "Speed": 0.3333,
        "ActivedAnimationName": "start",
        "Timelines": [],
        "ctype": "TimelineActionData"
      },
      "AnimationList": [
        {
          "StartIndex": 0,
          "EndIndex": 75,
          "Name": "start",
          "ctype": "AnimationInfoData"
        }
      ],
      "ObjectData": {
        "Tag": 68,
        "Children": [
          {
            "ClipAble": false,
            "BackColorAlpha": 102,
            "SingleColor": {
              "R": 150,
              "G": 200
            },
            "FirstColor": {
              "R": 150,
              "G": 200
            },
            "EndColor": {},
            "ColorVector": {
              "ScaleY": 1.0
            },
            "Scale9Width": 1,
            "Scale9Height": 1,
            "TouchEnable": true,
            "AnchorPoint": {},
            "Position": {
              "X": 0.0001,
              "Y": -3.0
            },
            "Scale": {
              "ScaleX": 1.0,
              "ScaleY": 1.0
            },
            "CColor": {},
            "IconVisible": false,
            "PrePosition": {
              "X": 0.0,
              "Y": -0.0026
            },
            "PreSize": {
              "X": 1.0,
              "Y": 1.0
            },
            "LeftMargin": 0.0001,
            "RightMargin": -0.0001,
            "TopMargin": 3.0,
            "BottomMargin": -3.0,
            "Tag": 728,
            "Children": [
              {
                "FileData": {
                  "Type": "Normal",
                  "Path": "yokaibuilder/img_yokaibuilder_mainbg.jpg",
                  "Plist": ""
                },
                "Scale9OriginX": 211,
                "Scale9OriginY": 350,
                "Scale9Width": 538,
                "Scale9Height": 777,
                "AnchorPoint": {
                  "ScaleX": 0.5,
                  "ScaleY": 0.5
                },
                "Position": {
                  "X": 319.9999,
                  "Y": 568.0
                },
                "Scale": {
                  "ScaleX": 1.0,
                  "ScaleY": 1.0
                },
                "CColor": {},
                "IconVisible": false,
                "PrePosition": {
                  "X": 0.5,
                  "Y": 0.5
                },
                "PreSize": {
                  "X": 1.5,
                  "Y": 1.3002
                },
                "LeftMargin": -160.0001,
                "RightMargin": -159.9999,
                "TopMargin": -170.5,
                "BottomMargin": -170.5,
                "Tag": 764,
                "ActionTag": 1339742546,
                "Size": {
                  "X": 960.0,
                  "Y": 1477.0
                },
                "Name": "img_background",
                "ctype": "ImageViewObjectData"
              },
              {
                "FileData": {
                  "Type": "Default",
                  "Path": "Default/ImageFile.png",
                  "Plist": ""
                },
                "Scale9OriginX": 15,
                "Scale9OriginY": 15,
                "Scale9Width": 16,
                "Scale9Height": 16,
                "TouchEnable": true,
                "AnchorPoint": {
                  "ScaleX": 0.5,
                  "ScaleY": 0.5
                },
                "Position": {
                  "X": 320.0,
                  "Y": 670.0
                },
                "Scale": {
                  "ScaleX": 1.0,
                  "ScaleY": 1.0
                },
                "CColor": {},
                "IconVisible": false,
                "PrePosition": {
                  "X": 0.5,
                  "Y": 0.5898
                },
                "PreSize": {
                  "X": 1.5891,
                  "Y": 0.8952
                },
                "LeftMargin": -188.5,
                "RightMargin": -188.5,
                "TopMargin": -42.5,
                "BottomMargin": 161.5,
                "Tag": 144,
                "ActionTag": -1231016644,
                "Size": {
                  "X": 1017.0,
                  "Y": 1017.0
                },
                "Name": "RoleIcon",
                "ctype": "ImageViewObjectData"
              },
              {
                "ClipAble": false,
                "BackColorAlpha": 102,
                "SingleColor": {
                  "R": 150,
                  "G": 200
                },
                "FirstColor": {
                  "R": 150,
                  "G": 200
                },
                "EndColor": {},
                "ColorVector": {
                  "ScaleY": 1.0
                },
                "Scale9Width": 1,
                "Scale9Height": 1,
                "AnchorPoint": {
                  "ScaleY": 1.0
                },
                "Position": {
                  "X": 0.0,
                  "Y": 1136.0002
                },
                "Scale": {
                  "ScaleX": 1.0,
                  "ScaleY": 1.0
                },
                "CColor": {},
                "IconVisible": false,
                "PrePosition": {
                  "X": 0.0,
                  "Y": 1.0
                },
                "PreSize": {
                  "X": 1.0,
                  "Y": 0.088
                },
                "TopMargin": -0.0002,
                "BottomMargin": 1036.0002,
                "Tag": 837,
                "Children": [
                  {
                    "FileData": {
                      "Type": "Normal",
                      "Path": "common_ui/icon_club_top_bg.png",
                      "Plist": ""
                    },
                    "Scale9OriginX": 211,
                    "Scale9OriginY": 18,
                    "Scale9Width": 218,
                    "Scale9Height": 140,
                    "AnchorPoint": {
                      "ScaleX": 0.5
                    },
                    "Position": {
                      "X": 320.0,
                      "Y": 43.0
                    },
                    "Scale": {
                      "ScaleX": 1.0,
                      "ScaleY": 1.0
                    },
                    "CColor": {},
                    "IconVisible": false,
                    "PrePosition": {
                      "X": 0.5,
                      "Y": 0.43
                    },
                    "PreSize": {
                      "X": 1.0,
                      "Y": 1.81
                    },
                    "TopMargin": -124.0,
                    "BottomMargin": 43.0,
                    "Tag": 838,
                    "ActionTag": 522585306,
                    "Size": {
                      "X": 640.0,
                      "Y": 181.0
                    },
                    "Name": "Image_1",
                    "ctype": "ImageViewObjectData"
                  },
                  {
                    "FileData": {
                      "Type": "MarkedSubImage",
                      "Path": "pic/icon/icon_bg.png",
                      "Plist": "pic/icon/icon_atlas.plist"
                    },
                    "Scale9OriginX": 98,
                    "Scale9OriginY": 22,
                    "Scale9Width": 198,
                    "Scale9Height": 29,
                    "AnchorPoint": {
                      "ScaleX": 0.5,
                      "ScaleY": 0.5
                    },
                    "Position": {
                      "X": 320.0,
                      "Y": 61.8468
                    },
                    "Scale": {
                      "ScaleX": 1.0,
                      "ScaleY": 1.0
                    },
                    "CColor": {},
                    "IconVisible": false,
                    "PrePosition": {
                      "X": 0.5,
                      "Y": 0.6185
                    },
                    "PreSize": {
                      "X": 0.4922,
                      "Y": 0.73
                    },
                    "LeftMargin": 162.5,
                    "RightMargin": 162.5,
                    "TopMargin": 1.6532,
                    "BottomMargin": 25.3468,
                    "Tag": 839,
                    "Children": [
                      {
                        "IsCustomSize": true,
                        "FontSize": 30,
                        "LabelText": "{TXT_UI_YOKAIBUILDER-MAIN_0}",
                        "FontResource": {
                          "Type": "Normal",
                          "Path": "font/ModeMinBStd.ttf",
                          "Plist": ""
                        },
                        "HorizontalAlignmentType": "HT_Center",
                        "OutlineColor": {
                          "R": 0,
                          "G": 0,
                          "B": 0
                        },
                        "ShadowColor": {
                          "R": 0,
                          "G": 0,
                          "B": 0
                        },
                        "ShadowOffsetX": 2.0,
                        "ShadowOffsetY": -2.0,
                        "ShadowEnabled": true,
                        "AnchorPoint": {
                          "ScaleX": 0.5,
                          "ScaleY": 0.5
                        },
                        "Position": {
                          "X": 157.5,
                          "Y": 42.5
                        },
                        "Scale": {
                          "ScaleX": 1.0,
                          "ScaleY": 1.0
                        },
                        "CColor": {},
                        "IconVisible": false,
                        "PrePosition": {
                          "X": 0.5,
                          "Y": 0.5822
                        },
                        "PreSize": {
                          "X": 0.8984,
                          "Y": 0.4521
                        },
                        "LeftMargin": 16.0,
                        "RightMargin": 16.0,
                        "TopMargin": 14.0,
                        "BottomMargin": 26.0,
                        "Tag": 840,
                        "ActionTag": 317965846,
                        "Size": {
                          "X": 283.0,
                          "Y": 33.0
                        },
                        "Name": "txt_title",
                        "ctype": "TextObjectData"
                      }
                    ],
                    "ActionTag": -1582187424,
                    "Size": {
                      "X": 315.0,
                      "Y": 73.0
                    },
                    "Name": "Image_26",
                    "ctype": "ImageViewObjectData"
                  },
                  {
                    "FontSize": 14,
                    "ButtonText": "",
                    "TextColor": {},
                    "NormalFileData": {
                      "Type": "MarkedSubImage",
                      "Path": "common_ui/btn_grade_help.png",
                      "Plist": "common_ui/common_panel_atlas.plist"
                    },
                    "Scale9OriginX": 23,
                    "Scale9OriginY": 23,
                    "Scale9Width": 34,
                    "Scale9Height": 34,
                    "OutlineColor": {
                      "R": 0,
                      "G": 0,
                      "B": 0
                    },
                    "ShadowColor": {
                      "R": 0,
                      "G": 0,
                      "B": 0
                    },
                    "ShadowOffsetX": 2.0,
                    "ShadowOffsetY": -2.0,
                    "TouchEnable": true,
                    "AnchorPoint": {
                      "ScaleX": 0.5,
                      "ScaleY": 0.5
                    },
                    "Position": {
                      "X": 596.0,
                      "Y": 60.0
                    },
                    "Scale": {
                      "ScaleX": 1.0,
                      "ScaleY": 1.0
                    },
                    "CColor": {},
                    "IconVisible": false,
                    "PrePosition": {
                      "X": 0.9312,
                      "Y": 0.6
                    },
                    "PreSize": {
                      "X": 0.125,
                      "Y": 0.8
                    },
                    "LeftMargin": 556.0,
                    "RightMargin": 4.0,
                    "BottomMargin": 20.0,
                    "Tag": 740,
                    "ActionTag": 83417667,
                    "Size": {
                      "X": 80.0,
                      "Y": 80.0
                    },
                    "Name": "btn_help",
                    "ctype": "ButtonObjectData"
                  },
                  {
                    "FontSize": 25,
                    "ButtonText": "",
                    "TextColor": {},
                    "NormalFileData": {
                      "Type": "MarkedSubImage",
                      "Path": "common_ui/btn_grade_back.png",
                      "Plist": "common_ui/common_panel_atlas.plist"
                    },
                    "Scale9OriginX": 23,
                    "Scale9OriginY": 14,
                    "Scale9Width": 81,
                    "Scale9Height": 42,
                    "OutlineColor": {
                      "R": 0,
                      "G": 0,
                      "B": 0
                    },
                    "ShadowColor": {
                      "R": 0,
                      "G": 0,
                      "B": 0
                    },
                    "ShadowOffsetX": 2.0,
                    "ShadowOffsetY": -2.0,
                    "TouchEnable": true,
                    "AnchorPoint": {
                      "ScaleX": 0.52,
                      "ScaleY": 0.6
                    },
                    "Position": {
                      "X": 61.0,
                      "Y": 68.0018
                    },
                    "Scale": {
                      "ScaleX": 1.0,
                      "ScaleY": 1.0
                    },
                    "CColor": {},
                    "IconVisible": false,
                    "PrePosition": {
                      "X": 0.0953,
                      "Y": 0.68
                    },
                    "PreSize": {
                      "X": 0.1984,
                      "Y": 0.72
                    },
                    "LeftMargin": -5.04,
                    "RightMargin": 518.04,
                    "TopMargin": 3.1982,
                    "BottomMargin": 24.8018,
                    "Tag": 842,
                    "ActionTag": -1165201178,
                    "Size": {
                      "X": 127.0,
                      "Y": 72.0
                    },
                    "Name": "btn_return",
                    "ctype": "ButtonObjectData"
                  }
                ],
                "ActionTag": -422856533,
                "Size": {
                  "X": 640.0,
                  "Y": 100.0
                },
                "Name": "pnl_top",
                "ctype": "PanelObjectData"
              },
              {
                "ClipAble": false,
                "BackColorAlpha": 102,
                "SingleColor": {
                  "R": 150,
                  "G": 200
                },
                "FirstColor": {
                  "R": 150,
                  "G": 200
                },
                "EndColor": {},
                "ColorVector": {
                  "ScaleY": 1.0
                },
                "Scale9Width": 1,
                "Scale9Height": 1,
                "AnchorPoint": {},
                "Position": {
                  "X": 0.0,
                  "Y": 300.0
                },
                "Scale": {
                  "ScaleX": 1.0,
                  "ScaleY": 1.0
                },
                "CColor": {},
                "IconVisible": false,
                "PrePosition": {
                  "X": 0.0,
                  "Y": 0.2641
                },
                "PreSize": {
                  "X": 1.0,
                  "Y": 0.7042
                },
                "TopMargin": 36.0,
                "BottomMargin": 300.0,
                "Tag": 756,
                "Children": [
                  {
                    "FontSize": 14,
                    "ButtonText": "",
                    "TextColor": {
                      "R": 65,
                      "G": 65,
                      "B": 70
                    },
                    "NormalFileData": {
                      "Type": "MarkedSubImage",
                      "Path": "yokaibubble/btn_yokaibubble_scoreupdetail.png",
                      "Plist": "yokaibubble/yokaibubblePlist.plist"
                    },
                    "Scale9Enable": true,
                    "Scale9OriginX": 15,
                    "Scale9OriginY": 11,
                    "Scale9Width": 70,
                    "Scale9Height": 84,
                    "OutlineColor": {
                      "G": 0,
                      "B": 0
                    },
                    "ShadowColor": {
                      "R": 110,
                      "G": 110,
                      "B": 110
                    },
                    "ShadowOffsetX": 2.0,
                    "ShadowOffsetY": -2.0,
                    "TouchEnable": true,
                    "AnchorPoint": {
                      "ScaleX": 0.5,
                      "ScaleY": 0.5
                    },
                    "Position": {
                      "X": 52.0015,
                      "Y": 713.9962
                    },
                    "Scale": {
                      "ScaleX": 1.0,
                      "ScaleY": 1.0
                    },
                    "CColor": {},
                    "IconVisible": false,
                    "PrePosition": {
                      "X": 0.0813,
                      "Y": 0.8925
                    },
                    "PreSize": {
                      "X": 0.1562,
                      "Y": 0.1325
                    },
                    "LeftMargin": 2.0015,
                    "RightMargin": 537.9985,
                    "TopMargin": 33.0038,
                    "BottomMargin": 660.9962,
                    "Tag": 753,
                    "ActionTag": 1383630542,
                    "Size": {
                      "X": 100.0,
                      "Y": 106.0
                    },
                    "Name": "btn_scoreupdetail",
                    "ctype": "ButtonObjectData"
                  },
                  {
                    "FontSize": 14,
                    "ButtonText": "",
                    "TextColor": {
                      "R": 65,
                      "G": 65,
                      "B": 70
                    },
                    "NormalFileData": {
                      "Type": "MarkedSubImage",
                      "Path": "yokaibubble/btn_yokaibubble_changeyokai.png",
                      "Plist": "yokaibubble/yokaibubblePlist.plist"
                    },
                    "Scale9Enable": true,
                    "Scale9OriginX": 15,
                    "Scale9OriginY": 11,
                    "Scale9Width": 64,
                    "Scale9Height": 67,
                    "OutlineColor": {
                      "G": 0,
                      "B": 0
                    },
                    "ShadowColor": {
                      "R": 110,
                      "G": 110,
                      "B": 110
                    },
                    "ShadowOffsetX": 2.0,
                    "ShadowOffsetY": -2.0,
                    "TouchEnable": true,
                    "AnchorPoint": {
                      "ScaleX": 0.5,
                      "ScaleY": 0.5
                    },
                    "Position": {
                      "X": 51.0003,
                      "Y": 605.0011
                    },
                    "Scale": {
                      "ScaleX": 1.0,
                      "ScaleY": 1.0
                    },
                    "CColor": {},
                    "IconVisible": false,
                    "PrePosition": {
                      "X": 0.0797,
                      "Y": 0.7563
                    },
                    "PreSize": {
                      "X": 0.1469,
                      "Y": 0.1112
                    },
                    "LeftMargin": 4.0003,
                    "RightMargin": 541.9997,
                    "TopMargin": 150.4989,
                    "BottomMargin": 560.5011,
                    "Tag": 754,
                    "ActionTag": -228051496,
                    "Size": {
                      "X": 94.0,
                      "Y": 89.0
                    },
                    "Name": "btn_changeyokai",
                    "ctype": "ButtonObjectData"
                  },
                  {
                    "FontSize": 14,
                    "ButtonText": "",
                    "TextColor": {
                      "R": 65,
                      "G": 65,
                      "B": 70
                    },
                    "NormalFileData": {
                      "Type": "MarkedSubImage",
                      "Path": "yokaibuilder/btn_yokaibuilder_specialbag.png",
                      "Plist": "yokaibuilder/yokaibuilderPlist.plist"
                    },
                    "Scale9Enable": true,
                    "Scale9OriginX": 15,
                    "Scale9OriginY": 11,
                    "Scale9Width": 70,
                    "Scale9Height": 73,
                    "OutlineColor": {
                      "G": 0,
                      "B": 0
                    },
                    "ShadowColor": {
                      "R": 110,
                      "G": 110,
                      "B": 110
                    },
                    "ShadowOffsetX": 2.0,
                    "ShadowOffsetY": -2.0,
                    "TouchEnable": true,
                    "AnchorPoint": {
                      "ScaleX": 0.5,
                      "ScaleY": 0.5
                    },
                    "Position": {
                      "X": 51.0012,
                      "Y": 495.9973
                    },
                    "Scale": {
                      "ScaleX": 1.0,
                      "ScaleY": 1.0
                    },
                    "CColor": {},
                    "IconVisible": false,
                    "PrePosition": {
                      "X": 0.0797,
                      "Y": 0.62
                    },
                    "PreSize": {
                      "X": 0.1562,
                      "Y": 0.1187
                    },
                    "LeftMargin": 1.0012,
                    "RightMargin": 538.9988,
                    "TopMargin": 256.5027,
                    "BottomMargin": 448.4973,
                    "Tag": 755,
                    "ActionTag": 1548244528,
                    "Size": {
                      "X": 100.0,
                      "Y": 95.0
                    },
                    "Name": "btn_specialbag",
                    "ctype": "ButtonObjectData"
                  },
                  {
                    "FontSize": 14,
                    "ButtonText": "",
                    "TextColor": {
                      "R": 65,
                      "G": 65,
                      "B": 70
                    },
                    "NormalFileData": {
                      "Type": "MarkedSubImage",
                      "Path": "yokaibuilder/btn_yokaibuilder_master.png",
                      "Plist": "yokaibuilder/yokaibuilderPlist.plist"
                    },
                    "Scale9Enable": true,
                    "Scale9OriginX": 15,
                    "Scale9OriginY": 11,
                    "Scale9Width": 72,
                    "Scale9Height": 53,
                    "OutlineColor": {
                      "G": 0,
                      "B": 0
                    },
                    "ShadowColor": {
                      "R": 110,
                      "G": 110,
                      "B": 110
                    },
                    "ShadowOffsetX": 2.0,
                    "ShadowOffsetY": -2.0,
                    "TouchEnable": true,
                    "AnchorPoint": {
                      "ScaleX": 0.5,
                      "ScaleY": 0.5
                    },
                    "Position": {
                      "X": 581.0001,
                      "Y": 713.001
                    },
                    "Scale": {
                      "ScaleX": 1.0,
                      "ScaleY": 1.0
                    },
                    "CColor": {},
                    "IconVisible": false,
                    "PrePosition": {
                      "X": 0.9078,
                      "Y": 0.8913
                    },
                    "PreSize": {
                      "X": 0.1594,
                      "Y": 0.0938
                    },
                    "LeftMargin": 530.0001,
                    "RightMargin": 7.9999,
                    "TopMargin": 49.499,
                    "BottomMargin": 675.501,
                    "Tag": 205,
                    "ActionTag": -1857834315,
                    "Size": {
                      "X": 102.0,
                      "Y": 75.0
                    },
                    "Name": "btn_masterrank",
                    "ctype": "ButtonObjectData"
                  },
                  {
                    "FontSize": 14,
                    "ButtonText": "",
                    "TextColor": {
                      "R": 65,
                      "G": 65,
                      "B": 70
                    },
                    "NormalFileData": {
                      "Type": "MarkedSubImage",
                      "Path": "sandbeach/img_sandbeach_rank.png",
                      "Plist": "sandbeach/sandbeachPlist.plist"
                    },
                    "Scale9Enable": true,
                    "Scale9OriginX": 15,
                    "Scale9OriginY": 11,
                    "Scale9Width": 63,
                    "Scale9Height": 53,
                    "OutlineColor": {
                      "G": 0,
                      "B": 0
                    },
                    "ShadowColor": {
                      "R": 110,
                      "G": 110,
                      "B": 110
                    },
                    "ShadowOffsetX": 2.0,
                    "ShadowOffsetY": -2.0,
                    "TouchEnable": true,
                    "AnchorPoint": {
                      "ScaleX": 0.5,
                      "ScaleY": 0.5
                    },
                    "Position": {
                      "X": 580.0002,
                      "Y": 617.0
                    },
                    "Scale": {
                      "ScaleX": 1.0,
                      "ScaleY": 1.0
                    },
                    "CColor": {},
                    "IconVisible": false,
                    "PrePosition": {
                      "X": 0.9063,
                      "Y": 0.7713
                    },
                    "PreSize": {
                      "X": 0.1453,
                      "Y": 0.0938
                    },
                    "LeftMargin": 533.5002,
                    "RightMargin": 13.4998,
                    "TopMargin": 145.5,
                    "BottomMargin": 579.5,
                    "Tag": 757,
                    "ActionTag": 1974385254,
                    "Size": {
                      "X": 93.0,
                      "Y": 75.0
                    },
                    "Name": "btn_ranking",
                    "ctype": "ButtonObjectData"
                  },
                  {
                    "FontSize": 14,
                    "ButtonText": "",
                    "TextColor": {
                      "R": 65,
                      "G": 65,
                      "B": 70
                    },
                    "NormalFileData": {
                      "Type": "MarkedSubImage",
                      "Path": "pic/club_boss/icon_club_boss_reward_view.png",
                      "Plist": "pic/club_boss/club_boss_atlas.plist"
                    },
                    "Scale9Enable": true,
                    "Scale9OriginX": 15,
                    "Scale9OriginY": 11,
                    "Scale9Width": 54,
                    "Scale9Height": 63,
                    "OutlineColor": {
                      "G": 0,
                      "B": 0
                    },
                    "ShadowColor": {
                      "R": 110,
                      "G": 110,
                      "B": 110
                    },
                    "ShadowOffsetX": 2.0,
                    "ShadowOffsetY": -2.0,
                    "TouchEnable": true,
                    "AnchorPoint": {
                      "ScaleX": 0.5,
                      "ScaleY": 0.5
                    },
                    "Position": {
                      "X": 583.0005,
                      "Y": 517.0
                    },
                    "Scale": {
                      "ScaleX": 1.0,
                      "ScaleY": 1.0
                    },
                    "CColor": {},
                    "IconVisible": false,
                    "PrePosition": {
                      "X": 0.9109,
                      "Y": 0.6463
                    },
                    "PreSize": {
                      "X": 0.1312,
                      "Y": 0.1063
                    },
                    "LeftMargin": 541.0005,
                    "RightMargin": 14.9995,
                    "TopMargin": 240.5,
                    "BottomMargin": 474.5,
                    "Tag": 758,
                    "ActionTag": 2108313380,
                    "Size": {
                      "X": 84.0,
                      "Y": 85.0
                    },
                    "Name": "btn_rewardview",
                    "ctype": "ButtonObjectData"
                  },
                  {
                    "FileData": {
                      "Type": "Default",
                      "Path": "Default/ImageFile.png",
                      "Plist": ""
                    },
                    "Scale9OriginX": -55,
                    "Scale9OriginY": 5,
                    "Scale9Width": 156,
                    "Scale9Height": 36,
                    "AnchorPoint": {
                      "ScaleX": 0.5,
                      "ScaleY": 0.5
                    },
                    "Position": {
                      "X": 320.006,
                      "Y": 318.0005
                    },
                    "Scale": {
                      "ScaleX": 1.0,
                      "ScaleY": 1.0
                    },
                    "CColor": {},
                    "IconVisible": false,
                    "PrePosition": {
                      "X": 0.5,
                      "Y": 0.3975
                    },
                    "PreSize": {
                      "X": 0.5,
                      "Y": 0.275
                    },
                    "LeftMargin": 160.006,
                    "RightMargin": 159.994,
                    "TopMargin": 371.9995,
                    "BottomMargin": 208.0005,
                    "Tag": 44,
                    "ActionTag": -1153218652,
                    "Size": {
                      "X": 320.0,
                      "Y": 220.0
                    },
                    "VisibleForFrame": false,
                    "Name": "Image_2",
                    "ctype": "ImageViewObjectData"
                  },
                  {
                    "FileData": {
                      "Type": "MarkedSubImage",
                      "Path": "yokaibubble/img_yokaibubble_scorebg.png",
                      "Plist": "yokaibubble/yokaibubblePlist.plist"
                    },
                    "Scale9Enable": true,
                    "Scale9OriginX": 48,
                    "Scale9OriginY": 5,
                    "Scale9Width": 52,
                    "Scale9Height": 45,
                    "AnchorPoint": {
                      "ScaleX": 0.5,
                      "ScaleY": 0.5
                    },
                    "Position": {
                      "X": 320.0001,
                      "Y": 199.9814
                    },
                    "Scale": {
                      "ScaleX": 1.0,
                      "ScaleY": 1.0
                    },
                    "CColor": {},
                    "IconVisible": false,
                    "PrePosition": {
                      "X": 0.5,
                      "Y": 0.25
                    },
                    "PreSize": {
                      "X": 0.7812,
                      "Y": 0.25
                    },
                    "LeftMargin": 70.0001,
                    "RightMargin": 69.9999,
                    "TopMargin": 500.0186,
                    "BottomMargin": 99.9814,
                    "Tag": 262,
                    "ActionTag": 984206082,
                    "Size": {
                      "X": 500.0,
                      "Y": 200.0
                    },
                    "Name": "Image_2_0",
                    "ctype": "ImageViewObjectData"
                  },
                  {
                    "FileData": {
                      "Type": "MarkedSubImage",
                      "Path": "yokaibubble/img_yokaibubble_smallscore.png",
                      "Plist": "yokaibubble/yokaibubblePlist.plist"
                    },
                    "Scale9OriginX": 52,
                    "Scale9OriginY": 15,
                    "Scale9Width": 55,
                    "Scale9Height": 16,
                    "AnchorPoint": {
                      "ScaleX": 0.5,
                      "ScaleY": 0.5
                    },
                    "Position": {
                      "X": 320.3271,
                      "Y": 230.1208
                    },
                    "Scale": {
                      "ScaleX": 1.0,
                      "ScaleY": 1.0
                    },
                    "CColor": {},
                    "IconVisible": false,
                    "PrePosition": {
                      "X": 0.5005,
                      "Y": 0.2877
                    },
                    "PreSize": {
                      "X": 0.2484,
                      "Y": 0.0575
                    },
                    "LeftMargin": 240.8271,
                    "RightMargin": 240.1729,
                    "TopMargin": 546.8792,
                    "BottomMargin": 207.1208,
                    "Tag": 265,
                    "ActionTag": 935927076,
                    "Size": {
                      "X": 159.0,
                      "Y": 46.0
                    },
                    "Name": "Image_5",
                    "ctype": "ImageViewObjectData"
                  },
                  {
                    "FontSize": 14,
                    "ButtonText": "",
                    "TextColor": {
                      "R": 65,
                      "G": 65,
                      "B": 70
                    },
                    "NormalFileData": {
                      "Type": "MarkedSubImage",
                      "Path": "yokaibuilder/img_yokaibuilder_gameentry.png",
                      "Plist": "yokaibuilder/yokaibuilderPlist.plist"
                    },
                    "Scale9Enable": true,
                    "Scale9OriginX": 15,
                    "Scale9OriginY": 11,
                    "Scale9Width": 327,
                    "Scale9Height": 198,
                    "OutlineColor": {
                      "G": 0,
                      "B": 0
                    },
                    "ShadowColor": {
                      "R": 110,
                      "G": 110,
                      "B": 110
                    },
                    "ShadowOffsetX": 2.0,
                    "ShadowOffsetY": -2.0,
                    "TouchEnable": true,
                    "AnchorPoint": {
                      "ScaleX": 0.5,
                      "ScaleY": 0.5
                    },
                    "Position": {
                      "X": 321.0013,
                      "Y": 354.9961
                    },
                    "Scale": {
                      "ScaleX": 1.0,
                      "ScaleY": 1.0
                    },
                    "CColor": {},
                    "IconVisible": false,
                    "PrePosition": {
                      "X": 0.5016,
                      "Y": 0.4437
                    },
                    "PreSize": {
                      "X": 0.5578,
                      "Y": 0.275
                    },
                    "LeftMargin": 142.5013,
                    "RightMargin": 140.4987,
                    "TopMargin": 335.0039,
                    "BottomMargin": 244.9961,
                    "Tag": 759,
                    "Children": [
                      {
                        "FileData": {
                          "Type": "MarkedSubImage",
                          "Path": "common/Dress_ImgRedP.png",
                          "Plist": "common/common.plist"
                        },
                        "Scale9OriginX": 6,
                        "Scale9OriginY": 6,
                        "Scale9Width": 26,
                        "Scale9Height": 26,
                        "AnchorPoint": {
                          "ScaleX": 0.5,
                          "ScaleY": 0.5
                        },
                        "Position": {
                          "X": 279.6911,
                          "Y": 167.502
                        },
                        "Scale": {
                          "ScaleX": 1.0,
                          "ScaleY": 1.0
                        },
                        "CColor": {},
                        "IconVisible": false,
                        "PrePosition": {
                          "X": 0.7834,
                          "Y": 0.7614
                        },
                        "PreSize": {
                          "X": 0.1064,
                          "Y": 0.1727
                        },
                        "LeftMargin": 260.6911,
                        "RightMargin": 58.3089,
                        "TopMargin": 33.498,
                        "BottomMargin": 148.502,
                        "Tag": 445,
                        "ActionTag": 789284115,
                        "Size": {
                          "X": 38.0,
                          "Y": 38.0
                        },
                        "Name": "img_red_point",
                        "ctype": "ImageViewObjectData"
                      }
                    ],
                    "ActionTag": -2014316385,
                    "Size": {
                      "X": 357.0,
                      "Y": 220.0
                    },
                    "Name": "btn_gameentry",
                    "ctype": "ButtonObjectData"
                  },
                  {
                    "LabelText": "",
                    "LabelBMFontFile_CNB": {
                      "Type": "Normal",
                      "Path": "bmtfont.proj/yokaibubble_fnt.fnt",
                      "Plist": ""
                    },
                    "AnchorPoint": {
                      "ScaleX": 0.5,
                      "ScaleY": 0.5
                    },
                    "Position": {
                      "X": 319.9999,
                      "Y": 185.878
                    },
                    "Scale": {
                      "ScaleX": 1.0,
                      "ScaleY": 1.0
                    },
                    "CColor": {},
                    "IconVisible": false,
                    "PrePosition": {
                      "X": 0.5,
                      "Y": 0.2323
                    },
                    "PreSize": {
                      "X": 0.0,
                      "Y": 0.0
                    },
                    "LeftMargin": 319.9999,
                    "RightMargin": 320.0001,
                    "TopMargin": 614.122,
                    "BottomMargin": 185.878,
                    "Tag": 267,
                    "ActionTag": -1476934160,
                    "Size": {
                      "X": 0.0,
                      "Y": 0.0
                    },
                    "Name": "txt_totalscore",
                    "ctype": "TextBMFontObjectData"
                  },
                  {
                    "FileData": {
                      "Type": "MarkedSubImage",
                      "Path": "common/common_name_bg.png",
                      "Plist": "common/common.plist"
                    },
                    "Scale9Enable": true,
                    "Scale9OriginX": 50,
                    "Scale9Width": 108,
                    "Scale9Height": 34,
                    "AnchorPoint": {
                      "ScaleX": 0.5,
                      "ScaleY": 0.5
                    },
                    "Position": {
                      "X": 320.0,
                      "Y": 103.0
                    },
                    "Scale": {
                      "ScaleX": 1.0,
                      "ScaleY": 1.0
                    },
                    "CColor": {},
                    "IconVisible": false,
                    "PositionPercentXEnabled": true,
                    "PrePosition": {
                      "X": 0.5,
                      "Y": 0.1287
                    },
                    "PreSize": {
                      "X": 0.5625,
                      "Y": 0.05
                    },
                    "LeftMargin": 140.0,
                    "RightMargin": 140.0,
                    "TopMargin": 677.0,
                    "BottomMargin": 83.0,
                    "Tag": 750,
                    "Children": [
                      {
                        "IsCustomSize": true,
                        "FontSize": 20,
                        "LabelText": "",
                        "FontResource": {
                          "Type": "Normal",
                          "Path": "font/ModeMinBStd.ttf",
                          "Plist": ""
                        },
                        "HorizontalAlignmentType": "HT_Center",
                        "OutlineSize": 2,
                        "OutlineColor": {
                          "R": 131,
                          "G": 25,
                          "B": 22
                        },
                        "OutlineEnabled": true,
                        "ShadowColor": {
                          "R": 110,
                          "G": 110,
                          "B": 110
                        },
                        "ShadowOffsetX": 2.0,
                        "ShadowOffsetY": -2.0,
                        "AnchorPoint": {
                          "ScaleX": 0.5,
                          "ScaleY": 0.5
                        },
                        "Position": {
                          "X": 180.0,
                          "Y": 20.0
                        },
                        "Scale": {
                          "ScaleX": 1.0,
                          "ScaleY": 1.0
                        },
                        "CColor": {},
                        "IconVisible": false,
                        "PositionPercentXEnabled": true,
                        "PositionPercentYEnabled": true,
                        "PrePosition": {
                          "X": 0.5,
                          "Y": 0.5
                        },
                        "PreSize": {
                          "X": 1.2917,
                          "Y": 0.6
                        },
                        "LeftMargin": -52.5,
                        "RightMargin": -52.5,
                        "TopMargin": 8.0,
                        "BottomMargin": 8.0,
                        "Tag": 751,
                        "ActionTag": -1136659172,
                        "Size": {
                          "X": 465.0,
                          "Y": 24.0
                        },
                        "Name": "txt_date",
                        "ctype": "TextObjectData"
                      }
                    ],
                    "ActionTag": 150024343,
                    "Size": {
                      "X": 360.0,
                      "Y": 40.0
                    },
                    "Name": "img_time_bg",
                    "ctype": "ImageViewObjectData"
                  }
                ],
                "ActionTag": 1827131465,
                "Size": {
                  "X": 640.0,
                  "Y": 800.0
                },
                "Name": "pnl_central",
                "ctype": "PanelObjectData"
              },
              {
                "ClipAble": false,
                "BackColorAlpha": 102,
                "SingleColor": {
                  "R": 150,
                  "G": 200
                },
                "FirstColor": {
                  "R": 150,
                  "G": 200
                },
                "EndColor": {},
                "ColorVector": {
                  "ScaleY": 1.0
                },
                "Scale9Width": 1,
                "Scale9Height": 1,
                "AnchorPoint": {
                  "ScaleY": 1.0
                },
                "Position": {
                  "X": 0.0,
                  "Y": 307.0
                },
                "Scale": {
                  "ScaleX": 1.0,
                  "ScaleY": 1.0
                },
                "CColor": {},
                "IconVisible": false,
                "PrePosition": {
                  "X": 0.0,
                  "Y": 0.2702
                },
                "PreSize": {
                  "X": 1.0,
                  "Y": 0.2702
                },
                "TopMargin": 829.0,
                "Tag": 741,
                "Children": [
                  {
                    "FileData": {
                      "Type": "MarkedSubImage",
                      "Path": "gacha/img_bottom_old.png",
                      "Plist": "gacha/gachaProgAtlas.plist"
                    },
                    "Scale9Enable": true,
                    "Scale9OriginX": 211,
                    "Scale9OriginY": 128,
                    "Scale9Width": 218,
                    "Scale9Height": 51,
                    "AnchorPoint": {},
                    "Position": {
                      "X": 0.0,
                      "Y": 0.0
                    },
                    "Scale": {
                      "ScaleX": 1.0,
                      "ScaleY": 1.0
                    },
                    "CColor": {},
                    "IconVisible": false,
                    "PrePosition": {
                      "X": 0.0,
                      "Y": 0.0
                    },
                    "PreSize": {
                      "X": 1.0,
                      "Y": 1.2313
                    },
                    "TopMargin": -71.0,
                    "Tag": 747,
                    "ActionTag": 628411066,
                    "Size": {
                      "X": 640.0,
                      "Y": 378.0
                    },
                    "Name": "Image_127",
                    "ctype": "ImageViewObjectData"
                  },
                  {
                    "FileData": {
                      "Type": "MarkedSubImage",
                      "Path": "common_ui/cell_bg_mask.png",
                      "Plist": "common_ui/common_panel_atlas.plist"
                    },
                    "Scale9Enable": true,
                    "Scale9OriginX": 18,
                    "Scale9OriginY": 35,
                    "Scale9Width": 19,
                    "Scale9Height": 92,
                    "AnchorPoint": {
                      "ScaleX": 0.5,
                      "ScaleY": 0.5
                    },
                    "Position": {
                      "X": 320.0,
                      "Y": 285.4409
                    },
                    "Scale": {
                      "ScaleX": 1.0,
                      "ScaleY": 1.0
                    },
                    "CColor": {},
                    "IconVisible": false,
                    "PrePosition": {
                      "X": 0.5,
                      "Y": 0.9298
                    },
                    "PreSize": {
                      "X": 0.9141,
                      "Y": 0.3257
                    },
                    "LeftMargin": 27.5,
                    "RightMargin": 27.5,
                    "TopMargin": -28.4409,
                    "BottomMargin": 235.4409,
                    "Tag": 133,
                    "Children": [
                      {
                        "FileData": {
                          "Type": "MarkedSubImage",
                          "Path": "common/S_frame.png",
                          "Plist": "common/common.plist"
                        },
                        "Scale9Enable": true,
                        "Scale9OriginX": 10,
                        "Scale9OriginY": 10,
                        "Scale9Width": 122,
                        "Scale9Height": 10,
                        "AnchorPoint": {
                          "ScaleY": 0.5
                        },
                        "Position": {
                          "X": 10.0,
                          "Y": 70.0
                        },
                        "Scale": {
                          "ScaleX": 1.0,
                          "ScaleY": 1.0
                        },
                        "CColor": {},
                        "IconVisible": false,
                        "PrePosition": {
                          "X": 0.0171,
                          "Y": 0.7
                        },
                        "PreSize": {
                          "X": 0.2598,
                          "Y": 0.3
                        },
                        "LeftMargin": 10.0,
                        "RightMargin": 423.0,
                        "TopMargin": 15.0,
                        "BottomMargin": 55.0,
                        "Tag": 182,
                        "Children": [
                          {
                            "FileData": {
                              "Type": "MarkedSubImage",
                              "Path": "yokaibuilder/img_yokaibuilder_goldenicon.png",
                              "Plist": "yokaibuilder/yokaibuilderPlist.plist"
                            },
                            "Scale9OriginX": 8,
                            "Scale9OriginY": 8,
                            "Scale9Width": 10,
                            "Scale9Height": 10,
                            "AnchorPoint": {
                              "ScaleX": 0.5,
                              "ScaleY": 0.5
                            },
                            "Position": {
                              "X": 20.0,
                              "Y": 14.0
                            },
                            "Scale": {
                              "ScaleX": 1.0,
                              "ScaleY": 1.0
                            },
                            "CColor": {},
                            "IconVisible": false,
                            "PrePosition": {
                              "X": 0.1316,
                              "Y": 0.4667
                            },
                            "PreSize": {
                              "X": 0.1711,
                              "Y": 0.8667
                            },
                            "LeftMargin": 7.0,
                            "RightMargin": 119.0,
                            "TopMargin": 3.0,
                            "BottomMargin": 1.0,
                            "Tag": 203,
                            "ActionTag": -562972625,
                            "Size": {
                              "X": 26.0,
                              "Y": 26.0
                            },
                            "Name": "Image_37",
                            "ctype": "ImageViewObjectData"
                          },
                          {
                            "IsCustomSize": true,
                            "FontSize": 18,
                            "LabelText": "99",
                            "FontResource": {
                              "Type": "Normal",
                              "Path": "font/ModeMinBStd.ttf",
                              "Plist": ""
                            },
                            "HorizontalAlignmentType": "HT_Right",
                            "OutlineSize": 2,
                            "OutlineColor": {
                              "R": 46,
                              "G": 58,
                              "B": 130
                            },
                            "ShadowColor": {
                              "R": 0,
                              "G": 0,
                              "B": 0
                            },
                            "ShadowOffsetX": 2.0,
                            "ShadowOffsetY": -2.0,
                            "AnchorPoint": {
                              "ScaleX": 1.0,
                              "ScaleY": 0.5
                            },
                            "Position": {
                              "X": 567.2004,
                              "Y": 13.0099
                            },
                            "Scale": {
                              "ScaleX": 1.0,
                              "ScaleY": 1.0
                            },
                            "CColor": {},
                            "IconVisible": false,
                            "PrePosition": {
                              "X": 3.7316,
                              "Y": 0.4337
                            },
                            "PreSize": {
                              "X": 0.625,
                              "Y": 0.7333
                            },
                            "LeftMargin": 472.2004,
                            "RightMargin": -415.2004,
                            "TopMargin": 5.9901,
                            "BottomMargin": 2.0099,
                            "Tag": 183,
                            "ActionTag": 532291579,
                            "Size": {
                              "X": 95.0,
                              "Y": 22.0
                            },
                            "Name": "txt_goldennum",
                            "ctype": "TextObjectData"
                          },
                          {
                            "IsCustomSize": true,
                            "FontSize": 18,
                            "LabelText": "{TXT_UI_YOKAIBUILDER-MAIN_1}",
                            "FontResource": {
                              "Type": "Normal",
                              "Path": "font/ModeMinBStd.ttf",
                              "Plist": ""
                            },
                            "OutlineSize": 2,
                            "OutlineColor": {
                              "R": 109,
                              "G": 0,
                              "B": 0
                            },
                            "OutlineEnabled": true,
                            "ShadowColor": {
                              "R": 0,
                              "G": 0,
                              "B": 0
                            },
                            "ShadowOffsetX": 2.0,
                            "ShadowOffsetY": -2.0,
                            "AnchorPoint": {
                              "ScaleY": 1.0
                            },
                            "Position": {
                              "X": 34.0562,
                              "Y": 26.2686
                            },
                            "Scale": {
                              "ScaleX": 1.0,
                              "ScaleY": 1.0
                            },
                            "CColor": {},
                            "IconVisible": false,
                            "PrePosition": {
                              "X": 0.2241,
                              "Y": 0.8756
                            },
                            "PreSize": {
                              "X": 0.7105,
                              "Y": 0.8667
                            },
                            "LeftMargin": 34.0562,
                            "RightMargin": 9.9438,
                            "TopMargin": 3.7314,
                            "BottomMargin": 0.2686,
                            "Tag": 184,
                            "ActionTag": -1567481038,
                            "Size": {
                              "X": 108.0,
                              "Y": 26.0
                            },
                            "Name": "txt_goldenname",
                            "ctype": "TextObjectData"
                          },
                          {
                            "FileData": {
                              "Type": "MarkedSubImage",
                              "Path": "common/S_1_frame.png",
                              "Plist": "common/common.plist"
                            },
                            "Scale9OriginX": 48,
                            "Scale9Width": 50,
                            "Scale9Height": 2,
                            "AnchorPoint": {
                              "ScaleX": 0.5,
                              "ScaleY": 0.5
                            },
                            "Position": {
                              "X": 196.1686,
                              "Y": 0.9999
                            },
                            "Scale": {
                              "ScaleX": 1.0,
                              "ScaleY": 1.0
                            },
                            "CColor": {},
                            "IconVisible": false,
                            "PrePosition": {
                              "X": 1.2906,
                              "Y": 0.0333
                            },
                            "PreSize": {
                              "X": 0.9605,
                              "Y": 0.0667
                            },
                            "LeftMargin": 123.1686,
                            "RightMargin": -117.1686,
                            "TopMargin": 28.0001,
                            "BottomMargin": -0.0001,
                            "Tag": 185,
                            "ActionTag": -115014756,
                            "Size": {
                              "X": 146.0,
                              "Y": 2.0
                            },
                            "Name": "Image_6_1",
                            "ctype": "ImageViewObjectData"
                          },
                          {
                            "FileData": {
                              "Type": "MarkedSubImage",
                              "Path": "common/S_1_frame.png",
                              "Plist": "common/common.plist"
                            },
                            "Scale9OriginX": 48,
                            "Scale9Width": 50,
                            "Scale9Height": 2,
                            "AnchorPoint": {
                              "ScaleX": 0.5,
                              "ScaleY": 0.5
                            },
                            "Position": {
                              "X": 348.17,
                              "Y": 0.9999
                            },
                            "Scale": {
                              "ScaleX": 1.0,
                              "ScaleY": 1.0
                            },
                            "CColor": {},
                            "IconVisible": false,
                            "PrePosition": {
                              "X": 2.2906,
                              "Y": 0.0333
                            },
                            "PreSize": {
                              "X": 0.9605,
                              "Y": 0.0667
                            },
                            "LeftMargin": 275.17,
                            "RightMargin": -269.17,
                            "TopMargin": 28.0001,
                            "BottomMargin": -0.0001,
                            "Tag": 186,
                            "ActionTag": 1717413255,
                            "Size": {
                              "X": 146.0,
                              "Y": 2.0
                            },
                            "Name": "Image_6_0_0",
                            "ctype": "ImageViewObjectData"
                          },
                          {
                            "FileData": {
                              "Type": "MarkedSubImage",
                              "Path": "common/S_1_frame.png",
                              "Plist": "common/common.plist"
                            },
                            "Scale9OriginX": 48,
                            "Scale9Width": 50,
                            "Scale9Height": 2,
                            "AnchorPoint": {
                              "ScaleX": 0.5,
                              "ScaleY": 0.5
                            },
                            "Position": {
                              "X": 492.1711,
                              "Y": 0.9998
                            },
                            "Scale": {
                              "ScaleX": 1.0,
                              "ScaleY": 1.0
                            },
                            "CColor": {},
                            "IconVisible": false,
                            "PrePosition": {
                              "X": 3.238,
                              "Y": 0.0333
                            },
                            "PreSize": {
                              "X": 0.9605,
                              "Y": 0.0667
                            },
                            "LeftMargin": 419.1711,
                            "RightMargin": -413.1711,
                            "TopMargin": 28.0002,
                            "BottomMargin": -0.0002,
                            "Tag": 190,
                            "ActionTag": 1576889153,
                            "Size": {
                              "X": 146.0,
                              "Y": 2.0
                            },
                            "Name": "Image_6_0_0_0",
                            "ctype": "ImageViewObjectData"
                          }
                        ],
                        "ActionTag": 1558375645,
                        "Size": {
                          "X": 152.0,
                          "Y": 30.0
                        },
                        "Name": "img_golden",
                        "ctype": "ImageViewObjectData"
                      },
                      {
                        "FileData": {
                          "Type": "MarkedSubImage",
                          "Path": "common/S_frame.png",
                          "Plist": "common/common.plist"
                        },
                        "Scale9Enable": true,
                        "Scale9OriginX": 10,
                        "Scale9OriginY": 10,
                        "Scale9Width": 122,
                        "Scale9Height": 10,
                        "AnchorPoint": {
                          "ScaleY": 0.5
                        },
                        "Position": {
                          "X": 10.0,
                          "Y": 32.0
                        },
                        "Scale": {
                          "ScaleX": 1.0,
                          "ScaleY": 1.0
                        },
                        "CColor": {},
                        "IconVisible": false,
                        "PrePosition": {
                          "X": 0.0171,
                          "Y": 0.32
                        },
                        "PreSize": {
                          "X": 0.2735,
                          "Y": 0.3
                        },
                        "LeftMargin": 10.0,
                        "RightMargin": 415.0,
                        "TopMargin": 53.0,
                        "BottomMargin": 17.0,
                        "Tag": 197,
                        "Children": [
                          {
                            "FileData": {
                              "Type": "MarkedSubImage",
                              "Path": "yokaibuilder/img_yokaibuilder_scoreicon1.png",
                              "Plist": "yokaibuilder/yokaibuilderPlist.plist"
                            },
                            "Scale9OriginX": 8,
                            "Scale9OriginY": 8,
                            "Scale9Width": 14,
                            "Scale9Height": 12,
                            "AnchorPoint": {
                              "ScaleX": 0.5,
                              "ScaleY": 0.5
                            },
                            "Position": {
                              "X": 19.0,
                              "Y": 15.0
                            },
                            "Scale": {
                              "ScaleX": 1.0,
                              "ScaleY": 1.0
                            },
                            "CColor": {},
                            "IconVisible": false,
                            "PrePosition": {
                              "X": 0.1187,
                              "Y": 0.5
                            },
                            "PreSize": {
                              "X": 0.1875,
                              "Y": 0.9333
                            },
                            "LeftMargin": 4.0,
                            "RightMargin": 126.0,
                            "TopMargin": 1.0,
                            "BottomMargin": 1.0,
                            "Tag": 204,
                            "ActionTag": 286881312,
                            "Size": {
                              "X": 30.0,
                              "Y": 28.0
                            },
                            "Name": "Image_37_0",
                            "ctype": "ImageViewObjectData"
                          },
                          {
                            "IsCustomSize": true,
                            "FontSize": 18,
                            "LabelText": "1234567890",
                            "FontResource": {
                              "Type": "Normal",
                              "Path": "font/ModeMinBStd.ttf",
                              "Plist": ""
                            },
                            "HorizontalAlignmentType": "HT_Right",
                            "OutlineSize": 2,
                            "OutlineColor": {
                              "R": 46,
                              "G": 58,
                              "B": 130
                            },
                            "ShadowColor": {
                              "R": 0,
                              "G": 0,
                              "B": 0
                            },
                            "ShadowOffsetX": 2.0,
                            "ShadowOffsetY": -2.0,
                            "AnchorPoint": {
                              "ScaleX": 1.0,
                              "ScaleY": 0.5
                            },
                            "Position": {
                              "X": 281.214,
                              "Y": 14.0099
                            },
                            "Scale": {
                              "ScaleX": 1.0,
                              "ScaleY": 1.0
                            },
                            "CColor": {},
                            "IconVisible": false,
                            "PrePosition": {
                              "X": 1.7576,
                              "Y": 0.467
                            },
                            "PreSize": {
                              "X": 0.8125,
                              "Y": 0.7333
                            },
                            "LeftMargin": 151.214,
                            "RightMargin": -121.214,
                            "TopMargin": 4.9901,
                            "BottomMargin": 3.0099,
                            "Tag": 198,
                            "ActionTag": 1973050077,
                            "Size": {
                              "X": 130.0,
                              "Y": 22.0
                            },
                            "Name": "txt_bestscorex1",
                            "ctype": "TextObjectData"
                          },
                          {
                            "IsCustomSize": true,
                            "FontSize": 17,
                            "LabelText": "{TXT_UI_YOKAIBUILDER-MAIN_2}",
                            "FontResource": {
                              "Type": "Normal",
                              "Path": "font/ModeMinBStd.ttf",
                              "Plist": ""
                            },
                            "OutlineSize": 2,
                            "OutlineColor": {
                              "R": 109,
                              "G": 0,
                              "B": 0
                            },
                            "OutlineEnabled": true,
                            "ShadowColor": {
                              "R": 0,
                              "G": 0,
                              "B": 0
                            },
                            "ShadowOffsetX": 2.0,
                            "ShadowOffsetY": -2.0,
                            "AnchorPoint": {
                              "ScaleY": 1.0
                            },
                            "Position": {
                              "X": 34.0562,
                              "Y": 26.2686
                            },
                            "Scale": {
                              "ScaleX": 1.0,
                              "ScaleY": 1.0
                            },
                            "CColor": {},
                            "IconVisible": false,
                            "PrePosition": {
                              "X": 0.2129,
                              "Y": 0.8756
                            },
                            "PreSize": {
                              "X": 0.75,
                              "Y": 0.8667
                            },
                            "LeftMargin": 34.0562,
                            "RightMargin": 5.9438,
                            "TopMargin": 3.7314,
                            "BottomMargin": 0.2686,
                            "Tag": 199,
                            "ActionTag": -1552387959,
                            "Size": {
                              "X": 120.0,
                              "Y": 26.0
                            },
                            "Name": "txt_scoreicon",
                            "ctype": "TextObjectData"
                          },
                          {
                            "FileData": {
                              "Type": "MarkedSubImage",
                              "Path": "common/S_1_frame.png",
                              "Plist": "common/common.plist"
                            },
                            "Scale9OriginX": 48,
                            "Scale9Width": 50,
                            "Scale9Height": 2,
                            "AnchorPoint": {
                              "ScaleX": 0.5,
                              "ScaleY": 0.5
                            },
                            "Position": {
                              "X": 207.1696,
                              "Y": 1.0
                            },
                            "Scale": {
                              "ScaleX": 1.0,
                              "ScaleY": 1.0
                            },
                            "CColor": {},
                            "IconVisible": false,
                            "PrePosition": {
                              "X": 1.2948,
                              "Y": 0.0333
                            },
                            "PreSize": {
                              "X": 0.9125,
                              "Y": 0.0667
                            },
                            "LeftMargin": 134.1696,
                            "RightMargin": -120.1696,
                            "TopMargin": 28.0,
                            "Tag": 200,
                            "ActionTag": 807045874,
                            "Size": {
                              "X": 146.0,
                              "Y": 2.0
                            },
                            "Name": "Image_6_1",
                            "ctype": "ImageViewObjectData"
                          }
                        ],
                        "ActionTag": 2094137623,
                        "Size": {
                          "X": 160.0,
                          "Y": 30.0
                        },
                        "Name": "Image_106_0",
                        "ctype": "ImageViewObjectData"
                      },
                      {
                        "FileData": {
                          "Type": "MarkedSubImage",
                          "Path": "common/S_frame.png",
                          "Plist": "common/common.plist"
                        },
                        "Scale9Enable": true,
                        "Scale9OriginX": 10,
                        "Scale9OriginY": 10,
                        "Scale9Width": 122,
                        "Scale9Height": 10,
                        "AnchorPoint": {
                          "ScaleY": 0.5
                        },
                        "Position": {
                          "X": 297.0001,
                          "Y": 32.0
                        },
                        "Scale": {
                          "ScaleX": 1.0,
                          "ScaleY": 1.0
                        },
                        "CColor": {},
                        "IconVisible": false,
                        "PrePosition": {
                          "X": 0.5077,
                          "Y": 0.32
                        },
                        "PreSize": {
                          "X": 0.2735,
                          "Y": 0.3
                        },
                        "LeftMargin": 297.0001,
                        "RightMargin": 127.9999,
                        "TopMargin": 53.0,
                        "BottomMargin": 17.0,
                        "Tag": 118,
                        "Children": [
                          {
                            "FileData": {
                              "Type": "MarkedSubImage",
                              "Path": "yokaibuilder/img_yokaibuilder_scoreicon5.png",
                              "Plist": "yokaibuilder/yokaibuilderPlist.plist"
                            },
                            "Scale9OriginX": 8,
                            "Scale9OriginY": 8,
                            "Scale9Width": 14,
                            "Scale9Height": 12,
                            "AnchorPoint": {
                              "ScaleX": 0.5,
                              "ScaleY": 0.5
                            },
                            "Position": {
                              "X": 19.0,
                              "Y": 15.0
                            },
                            "Scale": {
                              "ScaleX": 1.0,
                              "ScaleY": 1.0
                            },
                            "CColor": {},
                            "IconVisible": false,
                            "PrePosition": {
                              "X": 0.1187,
                              "Y": 0.5
                            },
                            "PreSize": {
                              "X": 0.1875,
                              "Y": 0.9333
                            },
                            "LeftMargin": 4.0,
                            "RightMargin": 126.0,
                            "TopMargin": 1.0,
                            "BottomMargin": 1.0,
                            "Tag": 119,
                            "ActionTag": -755894346,
                            "Size": {
                              "X": 30.0,
                              "Y": 28.0
                            },
                            "Name": "Image_37_0",
                            "ctype": "ImageViewObjectData"
                          },
                          {
                            "IsCustomSize": true,
                            "FontSize": 18,
                            "LabelText": "1234567890",
                            "FontResource": {
                              "Type": "Normal",
                              "Path": "font/ModeMinBStd.ttf",
                              "Plist": ""
                            },
                            "HorizontalAlignmentType": "HT_Right",
                            "OutlineSize": 2,
                            "OutlineColor": {
                              "R": 46,
                              "G": 58,
                              "B": 130
                            },
                            "ShadowColor": {
                              "R": 0,
                              "G": 0,
                              "B": 0
                            },
                            "ShadowOffsetX": 2.0,
                            "ShadowOffsetY": -2.0,
                            "AnchorPoint": {
                              "ScaleX": 1.0,
                              "ScaleY": 0.5
                            },
                            "Position": {
                              "X": 279.2194,
                              "Y": 13.01
                            },
                            "Scale": {
                              "ScaleX": 1.0,
                              "ScaleY": 1.0
                            },
                            "CColor": {},
                            "IconVisible": false,
                            "PrePosition": {
                              "X": 1.7451,
                              "Y": 0.4337
                            },
                            "PreSize": {
                              "X": 0.875,
                              "Y": 0.7333
                            },
                            "LeftMargin": 139.2194,
                            "RightMargin": -119.2194,
                            "TopMargin": 5.99,
                            "BottomMargin": 2.01,
                            "Tag": 120,
                            "ActionTag": -270936710,
                            "Size": {
                              "X": 140.0,
                              "Y": 22.0
                            },
                            "Name": "txt_bestscorex5",
                            "ctype": "TextObjectData"
                          },
                          {
                            "IsCustomSize": true,
                            "FontSize": 18,
                            "LabelText": "{TXT_UI_YOKAIBUILDER-MAIN_2}",
                            "FontResource": {
                              "Type": "Normal",
                              "Path": "font/ModeMinBStd.ttf",
                              "Plist": ""
                            },
                            "OutlineSize": 2,
                            "OutlineColor": {
                              "R": 109,
                              "G": 0,
                              "B": 0
                            },
                            "OutlineEnabled": true,
                            "ShadowColor": {
                              "R": 0,
                              "G": 0,
                              "B": 0
                            },
                            "ShadowOffsetX": 2.0,
                            "ShadowOffsetY": -2.0,
                            "AnchorPoint": {
                              "ScaleY": 1.0
                            },
                            "Position": {
                              "X": 34.0562,
                              "Y": 26.2686
                            },
                            "Scale": {
                              "ScaleX": 1.0,
                              "ScaleY": 1.0
                            },
                            "CColor": {},
                            "IconVisible": false,
                            "PrePosition": {
                              "X": 0.2129,
                              "Y": 0.8756
                            },
                            "PreSize": {
                              "X": 0.75,
                              "Y": 0.8667
                            },
                            "LeftMargin": 34.0562,
                            "RightMargin": 5.9438,
                            "TopMargin": 3.7314,
                            "BottomMargin": 0.2686,
                            "Tag": 121,
                            "ActionTag": 779633837,
                            "Size": {
                              "X": 120.0,
                              "Y": 26.0
                            },
                            "Name": "txt_scoreicon",
                            "ctype": "TextObjectData"
                          },
                          {
                            "FileData": {
                              "Type": "MarkedSubImage",
                              "Path": "common/S_1_frame.png",
                              "Plist": "common/common.plist"
                            },
                            "Scale9OriginX": 48,
                            "Scale9Width": 50,
                            "Scale9Height": 2,
                            "AnchorPoint": {
                              "ScaleX": 0.5,
                              "ScaleY": 0.5
                            },
                            "Position": {
                              "X": 206.1684,
                              "Y": 0.9999
                            },
                            "Scale": {
                              "ScaleX": 1.0,
                              "ScaleY": 1.0
                            },
                            "CColor": {},
                            "IconVisible": false,
                            "PrePosition": {
                              "X": 1.2886,
                              "Y": 0.0333
                            },
                            "PreSize": {
                              "X": 0.9125,
                              "Y": 0.0667
                            },
                            "LeftMargin": 133.1684,
                            "RightMargin": -119.1684,
                            "TopMargin": 28.0001,
                            "BottomMargin": -0.0001,
                            "Tag": 122,
                            "ActionTag": -1931644520,
                            "Size": {
                              "X": 146.0,
                              "Y": 2.0
                            },
                            "Name": "Image_6_1",
                            "ctype": "ImageViewObjectData"
                          }
                        ],
                        "ActionTag": -340007529,
                        "Size": {
                          "X": 160.0,
                          "Y": 30.0
                        },
                        "Name": "Image_106_0_0",
                        "ctype": "ImageViewObjectData"
                      }
                    ],
                    "ActionTag": -131090273,
                    "Size": {
                      "X": 585.0,
                      "Y": 100.0
                    },
                    "Name": "Image_3",
                    "ctype": "ImageViewObjectData"
                  },
                  {
                    "FontSize": 14,
                    "ButtonText": "",
                    "TextColor": {
                      "R": 65,
                      "G": 65,
                      "B": 70
                    },
                    "NormalFileData": {
                      "Type": "MarkedSubImage",
                      "Path": "yokaibubble/btn_yokaibubble_exchange.png",
                      "Plist": "yokaibubble/yokaibubblePlist.plist"
                    },
                    "Scale9Enable": true,
                    "Scale9OriginX": 15,
                    "Scale9OriginY": 11,
                    "Scale9Width": 290,
                    "Scale9Height": 82,
                    "OutlineColor": {
                      "G": 0,
                      "B": 0
                    },
                    "ShadowColor": {
                      "R": 110,
                      "G": 110,
                      "B": 110
                    },
                    "ShadowOffsetX": 2.0,
                    "ShadowOffsetY": -2.0,
                    "TouchEnable": true,
                    "AnchorPoint": {
                      "ScaleX": 0.5,
                      "ScaleY": 0.5
                    },
                    "Position": {
                      "X": 158.0004,
                      "Y": 172.9999
                    },
                    "Scale": {
                      "ScaleX": 1.0,
                      "ScaleY": 1.0
                    },
                    "CColor": {},
                    "IconVisible": false,
                    "PrePosition": {
                      "X": 0.2469,
                      "Y": 0.5635
                    },
                    "PreSize": {
                      "X": 0.5,
                      "Y": 0.3388
                    },
                    "LeftMargin": -1.9996,
                    "RightMargin": 321.9996,
                    "TopMargin": 82.0001,
                    "BottomMargin": 120.9999,
                    "Tag": 748,
                    "ActionTag": 671752628,
                    "Size": {
                      "X": 320.0,
                      "Y": 104.0
                    },
                    "Name": "btn_exchange",
                    "ctype": "ButtonObjectData"
                  },
                  {
                    "FontSize": 14,
                    "ButtonText": "",
                    "TextColor": {
                      "R": 65,
                      "G": 65,
                      "B": 70
                    },
                    "NormalFileData": {
                      "Type": "MarkedSubImage",
                      "Path": "yokaibubble/btn_yokaibubble_guildfund.png",
                      "Plist": "yokaibubble/yokaibubblePlist.plist"
                    },
                    "Scale9Enable": true,
                    "Scale9OriginX": 15,
                    "Scale9OriginY": 11,
                    "Scale9Width": 290,
                    "Scale9Height": 82,
                    "OutlineColor": {
                      "G": 0,
                      "B": 0
                    },
                    "ShadowColor": {
                      "R": 110,
                      "G": 110,
                      "B": 110
                    },
                    "ShadowOffsetX": 2.0,
                    "ShadowOffsetY": -2.0,
                    "TouchEnable": true,
                    "AnchorPoint": {
                      "ScaleX": 0.5,
                      "ScaleY": 0.5
                    },
                    "Position": {
                      "X": 481.9991,
                      "Y": 173.9999
                    },
                    "Scale": {
                      "ScaleX": 1.0,
                      "ScaleY": 1.0
                    },
                    "CColor": {},
                    "IconVisible": false,
                    "PrePosition": {
                      "X": 0.7531,
                      "Y": 0.5668
                    },
                    "PreSize": {
                      "X": 0.5,
                      "Y": 0.3388
                    },
                    "LeftMargin": 321.9991,
                    "RightMargin": -1.9991,
                    "TopMargin": 81.0001,
                    "BottomMargin": 121.9999,
                    "Tag": 749,
                    "Children": [
                      {
                        "FileData": {
                          "Type": "MarkedSubImage",
                          "Path": "common/Dress_ImgRedP.png",
                          "Plist": "common/common.plist"
                        },
                        "Scale9OriginX": 6,
                        "Scale9OriginY": 6,
                        "Scale9Width": 26,
                        "Scale9Height": 26,
                        "AnchorPoint": {
                          "ScaleX": 0.5,
                          "ScaleY": 0.5
                        },
                        "Position": {
                          "X": 271.4243,
                          "Y": 97.0956
                        },
                        "Scale": {
                          "ScaleX": 1.0,
                          "ScaleY": 1.0
                        },
                        "CColor": {},
                        "IconVisible": false,
                        "PrePosition": {
                          "X": 0.8482,
                          "Y": 0.9336
                        },
                        "PreSize": {
                          "X": 0.1187,
                          "Y": 0.3654
                        },
                        "LeftMargin": 252.4243,
                        "RightMargin": 29.5757,
                        "TopMargin": -12.0956,
                        "BottomMargin": 78.0956,
                        "Tag": 446,
                        "ActionTag": 766430541,
                        "Size": {
                          "X": 38.0,
                          "Y": 38.0
                        },
                        "Name": "img_red_point",
                        "ctype": "ImageViewObjectData"
                      }
                    ],
                    "ActionTag": -456731034,
                    "Size": {
                      "X": 320.0,
                      "Y": 104.0
                    },
                    "Name": "btn_clubfund",
                    "ctype": "ButtonObjectData"
                  }
                ],
                "ActionTag": 726011811,
                "Size": {
                  "X": 640.0,
                  "Y": 307.0
                },
                "Name": "pnl_bottom",
                "ctype": "PanelObjectData"
              }
            ],
            "ActionTag": 818627958,
            "Size": {
              "X": 640.0,
              "Y": 1136.0
            },
            "Name": "Root",
            "ctype": "PanelObjectData"
          }
        ],
        "Size": {
          "X": 640.0,
          "Y": 1136.0
        },
        "Name": "Layer",
        "ctype": "LayerObjectData"
      },
      "UsedResources": [
        "bmtfont.proj/yokaibubble_fnt.fnt",
        "bmtfont.proj/yokaibubble_fnt.png",
        "common/common.plist",
        "common/common.png",
        "common_ui/common_panel_atlas.plist",
        "common_ui/common_panel_atlas.png",
        "common_ui/icon_club_top_bg.png",
        "Default/ImageFile.png",
        "font/ModeMinBStd.ttf",
        "gacha/gachaProgAtlas.plist",
        "gacha/gachaProgAtlas.png",
        "pic/club_boss/club_boss_atlas.plist",
        "pic/club_boss/club_boss_atlas.png",
        "pic/icon/icon_atlas.plist",
        "pic/icon/icon_atlas.png",
        "sandbeach/sandbeachPlist.plist",
        "sandbeach/sandbeachPlist.png",
        "yokaibubble/yokaibubblePlist.plist",
        "yokaibubble/yokaibubblePlist.png",
        "yokaibuilder/img_yokaibuilder_mainbg.jpg",
        "yokaibuilder/yokaibuilderPlist.plist",
        "yokaibuilder/yokaibuilderPlist.png"
      ],
      "ctype": "GameFileData"
    }
  },
  "Type": "Layer"
}