{
  "ID": "f80c56bd-6339-44ec-a145-e22d1f87cc9e",
  "Version": "3.10.0.0",
  "Name": "yokaibubble-choose-popup",
  "Content": {
    "Content": {
      "Animation": {
        "Duration": 0,
        "Speed": 1.0,
        "Timelines": [],
        "ctype": "TimelineActionData"
      },
      "AnimationList": [],
      "ObjectData": {
        "Tag": 425,
        "Children": [
          {
            "ClipAble": false,
            "BackColorAlpha": 102,
            "SingleColor": {
              "R": 150,
              "G": 200
            },
            "FirstColor": {
              "R": 150,
              "G": 200
            },
            "EndColor": {},
            "ColorVector": {
              "ScaleY": 1.0
            },
            "Scale9Width": 1,
            "Scale9Height": 1,
            "TouchEnable": true,
            "AnchorPoint": {
              "ScaleY": 1.0
            },
            "Position": {
              "X": -1044.6299,
              "Y": 550.15
            },
            "Scale": {
              "ScaleX": 1.0,
              "ScaleY": 1.0
            },
            "CColor": {},
            "IconVisible": false,
            "PrePosition": {
              "X": -1.6322,
              "Y": 0.4843
            },
            "PreSize": {
              "X": 0.2531,
              "Y": 0.1496
            },
            "LeftMargin": -1044.6299,
            "RightMargin": 1522.6299,
            "TopMargin": 585.85,
            "BottomMargin": 380.15,
            "Tag": 944,
            "Children": [
              {
                "FileData": {
                  "Type": "Default",
                  "Path": "Default/ImageFile.png",
                  "Plist": ""
                },
                "Scale9OriginX": 15,
                "Scale9OriginY": 15,
                "Scale9Width": 16,
                "Scale9Height": 16,
                "AnchorPoint": {
                  "ScaleX": 0.5,
                  "ScaleY": 0.5
                },
                "Position": {
                  "X": 81.0,
                  "Y": 76.0
                },
                "Scale": {
                  "ScaleX": 1.0,
                  "ScaleY": 1.0
                },
                "CColor": {},
                "IconVisible": false,
                "PrePosition": {
                  "X": 0.5,
                  "Y": 0.4471
                },
                "PreSize": {
                  "X": 0.8025,
                  "Y": 0.7647
                },
                "LeftMargin": 16.0,
                "RightMargin": 16.0,
                "TopMargin": 29.0,
                "BottomMargin": 11.0,
                "Tag": 943,
                "ActionTag": 1340099578,
                "Size": {
                  "X": 130.0,
                  "Y": 130.0
                },
                "Name": "img_choosed",
                "ctype": "ImageViewObjectData"
              },
              {
                "FileData": {
                  "Type": "Default",
                  "Path": "Default/ImageFile.png",
                  "Plist": ""
                },
                "Scale9OriginX": 15,
                "Scale9OriginY": 15,
                "Scale9Width": 16,
                "Scale9Height": 16,
                "AnchorPoint": {
                  "ScaleX": 0.5
                },
                "Position": {
                  "X": 81.0,
                  "Y": 13.0005
                },
                "Scale": {
                  "ScaleX": 1.0,
                  "ScaleY": 1.0
                },
                "CColor": {},
                "IconVisible": false,
                "PrePosition": {
                  "X": 0.5,
                  "Y": 0.0765
                },
                "PreSize": {
                  "X": 0.284,
                  "Y": 0.2706
                },
                "LeftMargin": 58.0,
                "RightMargin": 58.0,
                "TopMargin": 110.9995,
                "BottomMargin": 13.0005,
                "Tag": 932,
                "ActionTag": 1406554366,
                "Size": {
                  "X": 46.0,
                  "Y": 46.0
                },
                "Name": "img_yokai",
                "ctype": "ImageViewObjectData"
              },
              {
                "FileData": {
                  "Type": "MarkedSubImage",
                  "Path": "yokaibubble/img_yokaibubble_choosed_gou.png",
                  "Plist": "yokaibubble/yokaibubblePlist.plist"
                },
                "Scale9OriginX": 18,
                "Scale9OriginY": 17,
                "Scale9Width": 19,
                "Scale9Height": 19,
                "AnchorPoint": {
                  "ScaleX": 0.5,
                  "ScaleY": 0.5
                },
                "Position": {
                  "X": 122.9406,
                  "Y": 119.8274
                },
                "Scale": {
                  "ScaleX": 1.0,
                  "ScaleY": 1.0
                },
                "CColor": {},
                "IconVisible": false,
                "PrePosition": {
                  "X": 0.7589,
                  "Y": 0.7049
                },
                "PreSize": {
                  "X": 0.3395,
                  "Y": 0.3118
                },
                "LeftMargin": 95.4406,
                "RightMargin": 11.5594,
                "TopMargin": 23.6726,
                "BottomMargin": 93.3274,
                "Tag": 284,
                "ActionTag": 1142715898,
                "Size": {
                  "X": 55.0,
                  "Y": 53.0
                },
                "Name": "img_gou",
                "ctype": "ImageViewObjectData"
              },
              {
                "FileData": {
                  "Type": "MarkedSubImage",
                  "Path": "yokaibubble/img_yokaibubble_scoreup.png",
                  "Plist": "yokaibubble/yokaibubblePlist.plist"
                },
                "Scale9OriginX": 25,
                "Scale9OriginY": 8,
                "Scale9Width": 28,
                "Scale9Height": 9,
                "AnchorPoint": {
                  "ScaleX": 0.5,
                  "ScaleY": 0.5
                },
                "Position": {
                  "X": 51.0,
                  "Y": 13.0
                },
                "Scale": {
                  "ScaleX": 1.0,
                  "ScaleY": 1.0
                },
                "CColor": {},
                "IconVisible": false,
                "PrePosition": {
                  "X": 0.3148,
                  "Y": 0.0765
                },
                "PreSize": {
                  "X": 0.4815,
                  "Y": 0.1471
                },
                "LeftMargin": 12.0,
                "RightMargin": 72.0,
                "TopMargin": 144.5,
                "BottomMargin": 0.5,
                "Tag": 945,
                "Children": [
                  {
                    "FileData": {
                      "Type": "MarkedSubImage",
                      "Path": "yokaibubble/img_yokaibubble_scoreup10.png",
                      "Plist": "yokaibubble/yokaibubblePlist.plist"
                    },
                    "Scale9OriginX": 20,
                    "Scale9OriginY": 8,
                    "Scale9Width": 12,
                    "Scale9Height": 9,
                    "AnchorPoint": {
                      "ScaleY": 0.5
                    },
                    "Position": {
                      "X": 78.0,
                      "Y": 12.5
                    },
                    "Scale": {
                      "ScaleX": 1.0,
                      "ScaleY": 1.0
                    },
                    "CColor": {},
                    "IconVisible": false,
                    "PrePosition": {
                      "X": 1.0,
                      "Y": 0.5
                    },
                    "PreSize": {
                      "X": 0.6667,
                      "Y": 1.0
                    },
                    "LeftMargin": 78.0,
                    "RightMargin": -52.0,
                    "Tag": 946,
                    "ActionTag": 1883855900,
                    "Size": {
                      "X": 52.0,
                      "Y": 25.0
                    },
                    "Name": "img_upnum",
                    "ctype": "ImageViewObjectData"
                  }
                ],
                "ActionTag": 1848776212,
                "Size": {
                  "X": 78.0,
                  "Y": 25.0
                },
                "Name": "img_scoreup",
                "ctype": "ImageViewObjectData"
              }
            ],
            "ActionTag": -251599270,
            "Size": {
              "X": 162.0,
              "Y": 170.0
            },
            "Name": "ItemYokai",
            "ctype": "PanelObjectData"
          },
          {
            "ClipAble": false,
            "BackColorAlpha": 191,
            "ComboBoxIndex": 1,
            "SingleColor": {
              "R": 0,
              "G": 0,
              "B": 0
            },
            "FirstColor": {
              "R": 150,
              "G": 200
            },
            "EndColor": {},
            "ColorVector": {
              "ScaleY": 1.0
            },
            "Scale9Width": 1,
            "Scale9Height": 1,
            "TouchEnable": true,
            "AnchorPoint": {
              "ScaleX": 0.5,
              "ScaleY": 0.5
            },
            "Position": {
              "X": 320.0,
              "Y": 568.0
            },
            "Scale": {
              "ScaleX": 1.0,
              "ScaleY": 1.0
            },
            "CColor": {},
            "IconVisible": false,
            "PrePosition": {
              "X": 0.5,
              "Y": 0.5
            },
            "PreSize": {
              "X": 1.0,
              "Y": 1.0
            },
            "Tag": 426,
            "Children": [
              {
                "FileData": {
                  "Type": "Default",
                  "Path": "Default/ImageFile.png",
                  "Plist": ""
                },
                "Scale9OriginX": 15,
                "Scale9OriginY": 15,
                "Scale9Width": 16,
                "Scale9Height": 16,
                "TouchEnable": true,
                "AnchorPoint": {
                  "ScaleX": 0.5,
                  "ScaleY": 0.5
                },
                "Position": {
                  "X": 320.0,
                  "Y": 583.0
                },
                "Scale": {
                  "ScaleX": 1.0,
                  "ScaleY": 1.0
                },
                "CColor": {},
                "IconVisible": false,
                "PrePosition": {
                  "X": 0.5,
                  "Y": 0.5132
                },
                "PreSize": {
                  "X": 0.9937,
                  "Y": 0.9428
                },
                "LeftMargin": 2.0,
                "RightMargin": 2.0,
                "TopMargin": 17.5,
                "BottomMargin": 47.5,
                "Tag": 427,
                "Children": [
                  {
                    "IsCustomSize": true,
                    "FontSize": 20,
                    "LabelText": "",
                    "FontResource": {
                      "Type": "Normal",
                      "Path": "font/ModeMinBStd.ttf",
                      "Plist": ""
                    },
                    "HorizontalAlignmentType": "HT_Center",
                    "OutlineSize": 2,
                    "OutlineColor": {
                      "R": 109,
                      "G": 0,
                      "B": 0
                    },
                    "OutlineEnabled": true,
                    "ShadowColor": {
                      "R": 110,
                      "G": 110,
                      "B": 110
                    },
                    "ShadowOffsetX": 2.0,
                    "ShadowOffsetY": -2.0,
                    "AnchorPoint": {
                      "ScaleX": 0.5,
                      "ScaleY": 0.5
                    },
                    "Position": {
                      "X": 231.9074,
                      "Y": 681.2989
                    },
                    "Scale": {
                      "ScaleX": 1.0,
                      "ScaleY": 1.0
                    },
                    "CColor": {},
                    "IconVisible": false,
                    "PrePosition": {
                      "X": 0.3646,
                      "Y": 0.6361
                    },
                    "PreSize": {
                      "X": 0.4717,
                      "Y": 0.0205
                    },
                    "LeftMargin": 81.9074,
                    "RightMargin": 254.0926,
                    "TopMargin": 378.7011,
                    "BottomMargin": 670.2989,
                    "Tag": 931,
                    "ActionTag": 532000253,
                    "Size": {
                      "X": 300.0,
                      "Y": 22.0
                    },
                    "Name": "txt_date",
                    "ctype": "TextObjectData"
                  },
                  {
                    "InnerNodeSize": {
                      "Width": 500,
                      "Height": 500
                    },
                    "ScrollDirectionType": "Vertical",
                    "ClipAble": true,
                    "BackColorAlpha": 102,
                    "SingleColor": {
                      "G": 150,
                      "B": 100
                    },
                    "FirstColor": {
                      "G": 150,
                      "B": 100
                    },
                    "EndColor": {},
                    "ColorVector": {
                      "ScaleY": 1.0
                    },
                    "Scale9Width": 1,
                    "Scale9Height": 1,
                    "TouchEnable": true,
                    "AnchorPoint": {},
                    "Position": {
                      "X": 73.0001,
                      "Y": 189.9995
                    },
                    "Scale": {
                      "ScaleX": 1.0,
                      "ScaleY": 1.0
                    },
                    "CColor": {},
                    "IconVisible": false,
                    "PrePosition": {
                      "X": 0.1148,
                      "Y": 0.1774
                    },
                    "PreSize": {
                      "X": 0.7862,
                      "Y": 0.4248
                    },
                    "LeftMargin": 73.0001,
                    "RightMargin": 62.9999,
                    "TopMargin": 426.0005,
                    "BottomMargin": 189.9995,
                    "Tag": 982,
                    "ActionTag": -1990205220,
                    "Size": {
                      "X": 500.0,
                      "Y": 455.0
                    },
                    "Name": "list_yokai",
                    "ctype": "ScrollViewObjectData"
                  },
                  {
                    "FontSize": 14,
                    "ButtonText": "",
                    "TextColor": {},
                    "NormalFileData": {
                      "Type": "MarkedSubImage",
                      "Path": "common/common_newbtn2.png",
                      "Plist": "common/common.plist"
                    },
                    "Scale9OriginX": 64,
                    "Scale9OriginY": 27,
                    "Scale9Width": 100,
                    "Scale9Height": 29,
                    "OutlineColor": {
                      "R": 0,
                      "G": 0,
                      "B": 0
                    },
                    "ShadowColor": {
                      "R": 0,
                      "G": 0,
                      "B": 0
                    },
                    "ShadowOffsetX": 2.0,
                    "ShadowOffsetY": -2.0,
                    "TouchEnable": true,
                    "AnchorPoint": {
                      "ScaleX": 0.5,
                      "ScaleY": 0.5
                    },
                    "Position": {
                      "X": 317.9995,
                      "Y": 123.9996
                    },
                    "Scale": {
                      "ScaleX": 1.0,
                      "ScaleY": 1.0
                    },
                    "CColor": {},
                    "IconVisible": false,
                    "PositionPercentXEnabled": true,
                    "PrePosition": {
                      "X": 0.5,
                      "Y": 0.1158
                    },
                    "PreSize": {
                      "X": 0.3585,
                      "Y": 0.0775
                    },
                    "LeftMargin": 203.9995,
                    "RightMargin": 204.0005,
                    "TopMargin": 905.5004,
                    "BottomMargin": 82.4996,
                    "Tag": 877,
                    "Children": [
                      {
                        "IsCustomSize": true,
                        "FontSize": 26,
                        "LabelText": "{TXT_UI_YOKAIBUUBLE-CHOOSE-POPUP_0}",
                        "FontResource": {
                          "Type": "Normal",
                          "Path": "font/ModeMinBStd.ttf",
                          "Plist": ""
                        },
                        "HorizontalAlignmentType": "HT_Center",
                        "OutlineSize": 2,
                        "OutlineColor": {
                          "R": 76,
                          "G": 83,
                          "B": 98
                        },
                        "OutlineEnabled": true,
                        "ShadowColor": {
                          "R": 110,
                          "G": 110,
                          "B": 110
                        },
                        "ShadowOffsetX": 2.0,
                        "ShadowOffsetY": -2.0,
                        "AnchorPoint": {
                          "ScaleX": 0.5,
                          "ScaleY": 0.5
                        },
                        "Position": {
                          "X": 114.0,
                          "Y": 42.43
                        },
                        "Scale": {
                          "ScaleX": 1.0,
                          "ScaleY": 1.0
                        },
                        "CColor": {},
                        "IconVisible": false,
                        "PositionPercentXEnabled": true,
                        "PrePosition": {
                          "X": 0.5,
                          "Y": 0.5112
                        },
                        "PreSize": {
                          "X": 0.4079,
                          "Y": 0.4096
                        },
                        "LeftMargin": 67.5,
                        "RightMargin": 67.5,
                        "TopMargin": 23.57,
                        "BottomMargin": 25.43,
                        "Tag": 878,
                        "ActionTag": -79369634,
                        "Size": {
                          "X": 93.0,
                          "Y": 34.0
                        },
                        "Name": "Text_1",
                        "ctype": "TextObjectData"
                      }
                    ],
                    "ActionTag": -1533631056,
                    "Size": {
                      "X": 228.0,
                      "Y": 83.0
                    },
                    "Name": "btn_close",
                    "ctype": "ButtonObjectData"
                  },
                  {
                    "FontSize": 20,
                    "ButtonText": "",
                    "TextColor": {
                      "R": 0,
                      "G": 0,
                      "B": 0
                    },
                    "NormalFileData": {
                      "Type": "MarkedSubImage",
                      "Path": "pic/button/button_close.png",
                      "Plist": "pic/button/common_btn_atlas.plist"
                    },
                    "Scale9Enable": true,
                    "Scale9OriginX": 15,
                    "Scale9OriginY": 11,
                    "Scale9Width": 52,
                    "Scale9Height": 60,
                    "OutlineColor": {
                      "G": 0,
                      "B": 0
                    },
                    "ShadowColor": {
                      "R": 110,
                      "G": 110,
                      "B": 110
                    },
                    "ShadowOffsetX": 2.0,
                    "ShadowOffsetY": -2.0,
                    "TouchEnable": true,
                    "AnchorPoint": {
                      "ScaleX": 0.5,
                      "ScaleY": 0.5
                    },
                    "Position": {
                      "X": 611.9988,
                      "Y": 981.0005
                    },
                    "Scale": {
                      "ScaleX": 1.0,
                      "ScaleY": 1.0
                    },
                    "CColor": {},
                    "IconVisible": false,
                    "PrePosition": {
                      "X": 0.9623,
                      "Y": 0.916
                    },
                    "PreSize": {
                      "X": 0.1289,
                      "Y": 0.0766
                    },
                    "LeftMargin": 570.9988,
                    "RightMargin": -16.9988,
                    "TopMargin": 48.9995,
                    "BottomMargin": 940.0005,
                    "Tag": 2844,
                    "ActionTag": 553877040,
                    "Size": {
                      "X": 82.0,
                      "Y": 82.0
                    },
                    "Name": "btn_closeview",
                    "ctype": "ButtonObjectData"
                  },
                  {
                    "FontSize": 30,
                    "ButtonText": "",
                    "TextColor": {
                      "R": 127,
                      "G": 127,
                      "B": 127
                    },
                    "NormalFileData": {
                      "Type": "MarkedSubImage",
                      "Path": "common_ui/img_TeamImg8.png",
                      "Plist": "common_ui/common_panel_atlas.plist"
                    },
                    "Scale9Enable": true,
                    "Scale9OriginX": 30,
                    "Scale9OriginY": 14,
                    "Scale9Width": 168,
                    "Scale9Height": 55,
                    "OutlineColor": {
                      "R": 0,
                      "G": 0,
                      "B": 0
                    },
                    "ShadowColor": {
                      "R": 0,
                      "G": 0,
                      "B": 0
                    },
                    "ShadowOffsetX": 2.0,
                    "ShadowOffsetY": -2.0,
                    "TouchEnable": true,
                    "AnchorPoint": {
                      "ScaleX": 0.5,
                      "ScaleY": 0.5
                    },
                    "Position": {
                      "X": 317.9995,
                      "Y": 123.9996
                    },
                    "Scale": {
                      "ScaleX": 1.0,
                      "ScaleY": 1.0
                    },
                    "CColor": {},
                    "IconVisible": false,
                    "PositionPercentXEnabled": true,
                    "PrePosition": {
                      "X": 0.5,
                      "Y": 0.1158
                    },
                    "PreSize": {
                      "X": 0.3569,
                      "Y": 0.0775
                    },
                    "LeftMargin": 204.4995,
                    "RightMargin": 204.5005,
                    "TopMargin": 905.5004,
                    "BottomMargin": 82.4996,
                    "Tag": 980,
                    "Children": [
                      {
                        "IsCustomSize": true,
                        "FontSize": 28,
                        "LabelText": "{TXT_UI_YOKAIBUUBLE-CHOOSE-POPUP_1}",
                        "FontResource": {
                          "Type": "Normal",
                          "Path": "font/ModeMinBStd.ttf",
                          "Plist": ""
                        },
                        "HorizontalAlignmentType": "HT_Center",
                        "OutlineSize": 2,
                        "OutlineColor": {
                          "R": 109,
                          "G": 0,
                          "B": 0
                        },
                        "OutlineEnabled": true,
                        "ShadowColor": {
                          "R": 110,
                          "G": 110,
                          "B": 110
                        },
                        "ShadowOffsetX": 2.0,
                        "ShadowOffsetY": -2.0,
                        "AnchorPoint": {
                          "ScaleX": 0.5,
                          "ScaleY": 0.5
                        },
                        "Position": {
                          "X": 113.5,
                          "Y": 45.65
                        },
                        "Scale": {
                          "ScaleX": 1.0,
                          "ScaleY": 1.0
                        },
                        "CColor": {},
                        "IconVisible": false,
                        "PositionPercentXEnabled": true,
                        "PositionPercentYEnabled": true,
                        "PrePosition": {
                          "X": 0.5,
                          "Y": 0.55
                        },
                        "PreSize": {
                          "X": 0.6256,
                          "Y": 0.4337
                        },
                        "LeftMargin": 42.5,
                        "RightMargin": 42.5,
                        "TopMargin": 19.35,
                        "BottomMargin": 27.65,
                        "Tag": 981,
                        "ActionTag": 633871620,
                        "Size": {
                          "X": 142.0,
                          "Y": 36.0
                        },
                        "Name": "Text_2",
                        "ctype": "TextObjectData"
                      }
                    ],
                    "ActionTag": 1190700963,
                    "Size": {
                      "X": 227.0,
                      "Y": 83.0
                    },
                    "Name": "btn_ok",
                    "ctype": "ButtonObjectData"
                  }
                ],
                "ActionTag": -250976753,
                "Size": {
                  "X": 636.0,
                  "Y": 1071.0
                },
                "Name": "img_mainbg",
                "ctype": "ImageViewObjectData"
              }
            ],
            "ActionTag": 1366335466,
            "Size": {
              "X": 640.0,
              "Y": 1136.0
            },
            "Name": "Root",
            "ctype": "PanelObjectData"
          }
        ],
        "Size": {
          "X": 640.0,
          "Y": 1136.0
        },
        "Name": "Layer",
        "ctype": "LayerObjectData"
      },
      "UsedResources": [
        "common/common.plist",
        "common/common.png",
        "common_ui/common_panel_atlas.plist",
        "common_ui/common_panel_atlas.png",
        "Default/ImageFile.png",
        "font/ModeMinBStd.ttf",
        "pic/button/common_btn_atlas.plist",
        "pic/button/common_btn_atlas.png",
        "yokaibubble/yokaibubblePlist.plist",
        "yokaibubble/yokaibubblePlist.png"
      ],
      "ctype": "GameFileData"
    }
  },
  "Type": "Layer"
}