{
  "ID": "2f358e36-e293-4b21-a336-b0cd2118cb7a",
  "Version": "3.10.0.0",
  "Name": "yokaibuilder-shop",
  "Content": {
    "Content": {
      "Animation": {
        "Duration": 0,
        "Speed": 1.0,
        "Timelines": [],
        "ctype": "TimelineActionData"
      },
      "AnimationList": [],
      "ObjectData": {
        "Tag": 378,
        "Children": [
          {
            "ClipAble": false,
            "BackColorAlpha": 100,
            "SingleColor": {
              "R": 150,
              "G": 200
            },
            "FirstColor": {},
            "EndColor": {
              "R": 150,
              "G": 200
            },
            "ColorVector": {
              "ScaleY": -1.0
            },
            "Scale9Width": 1,
            "Scale9Height": 1,
            "TouchEnable": true,
            "AnchorPoint": {
              "ScaleY": 1.0
            },
            "Position": {
              "X": 1578.9279,
              "Y": 648.1176
            },
            "Scale": {
              "ScaleX": 1.0,
              "ScaleY": 1.0
            },
            "CColor": {},
            "IconVisible": false,
            "PrePosition": {
              "X": 2.4671,
              "Y": 0.5705
            },
            "PreSize": {
              "X": 0.3031,
              "Y": 0.2676
            },
            "LeftMargin": 1578.9279,
            "RightMargin": -1132.9279,
            "TopMargin": 487.8824,
            "BottomMargin": 344.1176,
            "Tag": 56520,
            "Children": [
              {
                "FileData": {
                  "Type": "Normal",
                  "Path": "common_ui/battle_activity_part_12.png",
                  "Plist": ""
                },
                "Scale9OriginX": 13,
                "Scale9OriginY": 13,
                "Scale9Width": 168,
                "Scale9Height": 278,
                "AnchorPoint": {
                  "ScaleY": 1.0
                },
                "Position": {
                  "X": -0.608,
                  "Y": 303.8316
                },
                "Scale": {
                  "ScaleX": 1.0,
                  "ScaleY": 1.0
                },
                "CColor": {},
                "IconVisible": false,
                "PrePosition": {
                  "X": -0.0031,
                  "Y": 0.9994
                },
                "PreSize": {
                  "X": 1.0,
                  "Y": 1.0
                },
                "LeftMargin": -0.608,
                "RightMargin": 0.608,
                "TopMargin": 0.1684,
                "BottomMargin": -0.1684,
                "Tag": 26,
                "ActionTag": -1151462968,
                "Size": {
                  "X": 194.0,
                  "Y": 304.0
                },
                "Name": "Image_3",
                "ctype": "ImageViewObjectData"
              },
              {
                "FileData": {
                  "Type": "MarkedSubImage",
                  "Path": "common/icon_bag_0.png",
                  "Plist": "common/common.plist"
                },
                "Scale9OriginX": 15,
                "Scale9OriginY": 15,
                "Scale9Width": 71,
                "Scale9Height": 71,
                "AnchorPoint": {
                  "ScaleX": 0.5,
                  "ScaleY": 0.5
                },
                "Position": {
                  "X": 95.9912,
                  "Y": 238.53
                },
                "Scale": {
                  "ScaleX": 1.03,
                  "ScaleY": 1.03
                },
                "CColor": {},
                "IconVisible": false,
                "PositionPercentXEnabled": true,
                "PrePosition": {
                  "X": 0.4948,
                  "Y": 0.7846
                },
                "PreSize": {
                  "X": 0.5,
                  "Y": 0.3191
                },
                "LeftMargin": 47.4912,
                "RightMargin": 49.5088,
                "TopMargin": 16.97,
                "BottomMargin": 190.03,
                "Tag": 56521,
                "Children": [
                  {
                    "FileData": {
                      "Type": "Default",
                      "Path": "Default/ImageFile.png",
                      "Plist": ""
                    },
                    "Scale9Width": 46,
                    "Scale9Height": 46,
                    "AnchorPoint": {
                      "ScaleX": 0.5,
                      "ScaleY": 0.5
                    },
                    "Position": {
                      "X": 48.5473,
                      "Y": 49.023
                    },
                    "Scale": {
                      "ScaleX": 1.0,
                      "ScaleY": 1.0
                    },
                    "CColor": {},
                    "IconVisible": false,
                    "PrePosition": {
                      "X": 0.5005,
                      "Y": 0.5054
                    },
                    "PreSize": {
                      "X": 0.8247,
                      "Y": 0.8247
                    },
                    "LeftMargin": 8.5473,
                    "RightMargin": 8.4527,
                    "TopMargin": 7.977,
                    "BottomMargin": 9.023,
                    "Tag": 56522,
                    "ActionTag": 8166983,
                    "Size": {
                      "X": 80.0,
                      "Y": 80.0
                    },
                    "Name": "img_item",
                    "ctype": "ImageViewObjectData"
                  },
                  {
                    "FileData": {
                      "Type": "MarkedSubImage",
                      "Path": "common/sui_R.png",
                      "Plist": "common/common.plist"
                    },
                    "Scale9OriginX": 9,
                    "Scale9OriginY": 9,
                    "Scale9Width": 12,
                    "Scale9Height": 12,
                    "AnchorPoint": {
                      "ScaleX": 0.5,
                      "ScaleY": 0.5
                    },
                    "Position": {
                      "X": 20.4228,
                      "Y": 76.7978
                    },
                    "Scale": {
                      "ScaleX": 1.0,
                      "ScaleY": 1.0
                    },
                    "CColor": {},
                    "IconVisible": false,
                    "PrePosition": {
                      "X": 0.2105,
                      "Y": 0.7917
                    },
                    "PreSize": {
                      "X": 0.3093,
                      "Y": 0.3093
                    },
                    "LeftMargin": 5.4228,
                    "RightMargin": 61.5772,
                    "TopMargin": 5.2022,
                    "BottomMargin": 61.7978,
                    "Tag": 913,
                    "ActionTag": 790747634,
                    "Size": {
                      "X": 30.0,
                      "Y": 30.0
                    },
                    "VisibleForFrame": false,
                    "Name": "Image_isSuiPian",
                    "ctype": "ImageViewObjectData"
                  }
                ],
                "ActionTag": 45646685,
                "Size": {
                  "X": 97.0,
                  "Y": 97.0
                },
                "Name": "img_box_bg",
                "ctype": "ImageViewObjectData"
              },
              {
                "IsCustomSize": true,
                "FontSize": 18,
                "LabelText": "",
                "FontResource": {
                  "Type": "Normal",
                  "Path": "font/ModeMinBStd.ttf",
                  "Plist": ""
                },
                "HorizontalAlignmentType": "HT_Center",
                "VerticalAlignmentType": "VT_Center",
                "OutlineSize": 2,
                "OutlineColor": {
                  "R": 103,
                  "G": 56,
                  "B": 31
                },
                "ShadowColor": {
                  "R": 0,
                  "G": 0,
                  "B": 0
                },
                "ShadowOffsetX": 2.0,
                "ShadowOffsetY": -2.0,
                "AnchorPoint": {
                  "ScaleX": 0.5,
                  "ScaleY": 1.0
                },
                "Position": {
                  "X": 97.0,
                  "Y": 188.95
                },
                "Scale": {
                  "ScaleX": 1.0,
                  "ScaleY": 1.0
                },
                "CColor": {
                  "R": 109,
                  "G": 0,
                  "B": 0
                },
                "IconVisible": false,
                "PositionPercentXEnabled": true,
                "PrePosition": {
                  "X": 0.5,
                  "Y": 0.6215
                },
                "PreSize": {
                  "X": 0.8814,
                  "Y": 0.1316
                },
                "LeftMargin": 11.5,
                "RightMargin": 11.5,
                "TopMargin": 115.05,
                "BottomMargin": 148.95,
                "Tag": 56523,
                "ActionTag": 6393987,
                "Size": {
                  "X": 171.0,
                  "Y": 40.0
                },
                "Name": "lbl_ug",
                "ctype": "TextObjectData"
              },
              {
                "FileData": {
                  "Type": "MarkedSubImage",
                  "Path": "pic/battle_activity/battle_activity_part_13.png",
                  "Plist": "pic/battle_activity/battle_activity_atlas.plist"
                },
                "Scale9OriginX": 15,
                "Scale9OriginY": 15,
                "Scale9Width": 118,
                "Scale9Height": 2,
                "AnchorPoint": {
                  "ScaleX": 0.5,
                  "ScaleY": 0.5
                },
                "Position": {
                  "X": 95.8846,
                  "Y": 102.8181
                },
                "Scale": {
                  "ScaleX": 1.0,
                  "ScaleY": 1.0
                },
                "CColor": {},
                "IconVisible": false,
                "PrePosition": {
                  "X": 0.4943,
                  "Y": 0.3382
                },
                "PreSize": {
                  "X": 0.7629,
                  "Y": 0.1053
                },
                "LeftMargin": 21.8846,
                "RightMargin": 24.1154,
                "TopMargin": 185.1819,
                "BottomMargin": 86.8181,
                "Tag": 1376,
                "ActionTag": -2025383266,
                "Size": {
                  "X": 148.0,
                  "Y": 32.0
                },
                "Name": "img_item_icon_0",
                "ctype": "ImageViewObjectData"
              },
              {
                "FileData": {
                  "Type": "MarkedSubImage",
                  "Path": "pic/Shop/shopImg4.png",
                  "Plist": "pic/Shop/shopPlist.plist"
                },
                "Scale9Enable": true,
                "Scale9OriginX": 14,
                "Scale9OriginY": 7,
                "Scale9Width": 4,
                "Scale9Height": 18,
                "AnchorPoint": {
                  "ScaleX": 0.5,
                  "ScaleY": 0.5
                },
                "Position": {
                  "X": 96.3792,
                  "Y": 103.1957
                },
                "Scale": {
                  "ScaleX": 1.0,
                  "ScaleY": 1.0
                },
                "CColor": {},
                "IconVisible": false,
                "PositionPercentXEnabled": true,
                "PrePosition": {
                  "X": 0.4968,
                  "Y": 0.3395
                },
                "PreSize": {
                  "X": 0.7629,
                  "Y": 0.1053
                },
                "LeftMargin": 22.3792,
                "RightMargin": 23.6208,
                "TopMargin": 184.8043,
                "BottomMargin": 87.1957,
                "Tag": 27,
                "ActionTag": -1977236570,
                "Size": {
                  "X": 148.0,
                  "Y": 32.0
                },
                "Name": "Image_4",
                "ctype": "ImageViewObjectData"
              },
              {
                "IsCustomSize": true,
                "FontSize": 18,
                "LabelText": "",
                "FontResource": {
                  "Type": "Normal",
                  "Path": "font/ModeMinBStd.ttf",
                  "Plist": ""
                },
                "HorizontalAlignmentType": "HT_Center",
                "OutlineSize": 2,
                "OutlineColor": {
                  "R": 46,
                  "G": 58,
                  "B": 130
                },
                "OutlineEnabled": true,
                "ShadowColor": {
                  "R": 0,
                  "G": 0,
                  "B": 0
                },
                "ShadowOffsetX": 2.0,
                "ShadowOffsetY": -2.0,
                "AnchorPoint": {
                  "ScaleX": 1.0,
                  "ScaleY": 0.5
                },
                "Position": {
                  "X": 162.5518,
                  "Y": 102.4298
                },
                "Scale": {
                  "ScaleX": 1.0,
                  "ScaleY": 1.0
                },
                "CColor": {},
                "IconVisible": false,
                "PrePosition": {
                  "X": 0.8379,
                  "Y": 0.3369
                },
                "PreSize": {
                  "X": 0.5155,
                  "Y": 0.0789
                },
                "LeftMargin": 62.5518,
                "RightMargin": 31.4482,
                "TopMargin": 189.5702,
                "BottomMargin": 90.4298,
                "Tag": 56525,
                "ActionTag": 48150975,
                "Size": {
                  "X": 100.0,
                  "Y": 24.0
                },
                "Name": "lbl_price",
                "ctype": "TextObjectData"
              },
              {
                "FileData": {
                  "Type": "MarkedSubImage",
                  "Path": "yokaibubble/img_yokaibubble_icon.png",
                  "Plist": "yokaibubble/yokaibubblePlist.plist"
                },
                "Scale9OriginX": 9,
                "Scale9OriginY": 15,
                "Scale9Width": 11,
                "Scale9Height": 13,
                "AnchorPoint": {
                  "ScaleX": 0.5,
                  "ScaleY": 0.5
                },
                "Position": {
                  "X": 43.9665,
                  "Y": 103.5
                },
                "Scale": {
                  "ScaleX": 1.0,
                  "ScaleY": 1.0
                },
                "CColor": {},
                "IconVisible": false,
                "PrePosition": {
                  "X": 0.2266,
                  "Y": 0.3405
                },
                "PreSize": {
                  "X": 0.1495,
                  "Y": 0.1414
                },
                "LeftMargin": 29.4665,
                "RightMargin": 135.5335,
                "TopMargin": 179.0,
                "BottomMargin": 82.0,
                "Tag": 32,
                "ActionTag": -1344774863,
                "Size": {
                  "X": 29.0,
                  "Y": 43.0
                },
                "Name": "img_item_icon",
                "ctype": "ImageViewObjectData"
              },
              {
                "FileData": {
                  "Type": "MarkedSubImage",
                  "Path": "pic/battle_activity/battle_activity_part_15.png",
                  "Plist": "pic/battle_activity/battle_activity_atlas.plist"
                },
                "Scale9Enable": true,
                "Scale9OriginX": 28,
                "Scale9OriginY": 7,
                "Scale9Width": 31,
                "Scale9Height": 10,
                "AnchorPoint": {
                  "ScaleX": 0.5,
                  "ScaleY": 0.5
                },
                "Position": {
                  "X": 96.9998,
                  "Y": 138.0033
                },
                "Scale": {
                  "ScaleX": 1.0,
                  "ScaleY": 1.0
                },
                "CColor": {},
                "IconVisible": false,
                "PrePosition": {
                  "X": 0.5,
                  "Y": 0.454
                },
                "PreSize": {
                  "X": 0.6289,
                  "Y": 0.0789
                },
                "LeftMargin": 35.9998,
                "RightMargin": 36.0002,
                "TopMargin": 153.9967,
                "BottomMargin": 126.0033,
                "Tag": 1374,
                "Children": [
                  {
                    "IsCustomSize": true,
                    "FontSize": 17,
                    "LabelText": "{TXT_UI_YOKAIBUBBLE-SHOP_3}",
                    "FontResource": {
                      "Type": "Normal",
                      "Path": "font/ModeMinBStd.ttf",
                      "Plist": ""
                    },
                    "OutlineColor": {
                      "R": 109,
                      "G": 0,
                      "B": 0
                    },
                    "OutlineEnabled": true,
                    "ShadowColor": {
                      "R": 110,
                      "G": 110,
                      "B": 110
                    },
                    "ShadowOffsetX": 2.0,
                    "ShadowOffsetY": -2.0,
                    "AnchorPoint": {
                      "ScaleX": 0.5,
                      "ScaleY": 0.5
                    },
                    "Position": {
                      "X": 33.91,
                      "Y": 10.6786
                    },
                    "Scale": {
                      "ScaleX": 1.0,
                      "ScaleY": 1.0
                    },
                    "CColor": {},
                    "IconVisible": false,
                    "PrePosition": {
                      "X": 0.278,
                      "Y": 0.4449
                    },
                    "PreSize": {
                      "X": 0.4016,
                      "Y": 0.9167
                    },
                    "LeftMargin": 9.41,
                    "RightMargin": 63.59,
                    "TopMargin": 2.3214,
                    "BottomMargin": -0.3214,
                    "Tag": 1375,
                    "ActionTag": 272449108,
                    "Size": {
                      "X": 49.0,
                      "Y": 22.0
                    },
                    "Name": "Text_13",
                    "ctype": "TextObjectData"
                  },
                  {
                    "IsCustomSize": true,
                    "FontSize": 18,
                    "LabelText": "",
                    "FontResource": {
                      "Type": "Normal",
                      "Path": "font/ModeMinBStd.ttf",
                      "Plist": ""
                    },
                    "HorizontalAlignmentType": "HT_Center",
                    "OutlineSize": 2,
                    "OutlineColor": {
                      "R": 109,
                      "G": 0,
                      "B": 0
                    },
                    "OutlineEnabled": true,
                    "ShadowColor": {
                      "R": 0,
                      "G": 0,
                      "B": 0
                    },
                    "ShadowOffsetX": 2.0,
                    "ShadowOffsetY": -2.0,
                    "AnchorPoint": {
                      "ScaleY": 0.4012
                    },
                    "Position": {
                      "X": 50.08,
                      "Y": 9.7709
                    },
                    "Scale": {
                      "ScaleX": 1.0,
                      "ScaleY": 1.0
                    },
                    "CColor": {},
                    "IconVisible": false,
                    "PrePosition": {
                      "X": 0.4105,
                      "Y": 0.4071
                    },
                    "PreSize": {
                      "X": 0.5492,
                      "Y": 0.9167
                    },
                    "LeftMargin": 50.08,
                    "RightMargin": 4.92,
                    "TopMargin": 1.0555,
                    "BottomMargin": 0.9445,
                    "Tag": 41,
                    "ActionTag": 111091473,
                    "Size": {
                      "X": 67.0,
                      "Y": 22.0
                    },
                    "Name": "lbl_buy_limit",
                    "ctype": "TextObjectData"
                  }
                ],
                "ActionTag": 704301088,
                "Size": {
                  "X": 122.0,
                  "Y": 24.0
                },
                "Name": "Image_18",
                "ctype": "ImageViewObjectData"
              },
              {
                "FontSize": 20,
                "ButtonText": "",
                "TextColor": {},
                "PressedFileData": {
                  "Type": "MarkedSubImage",
                  "Path": "pic/club_shop/club_shop_1.png",
                  "Plist": "pic/club_shop/club_shop_atlas.plist"
                },
                "NormalFileData": {
                  "Type": "MarkedSubImage",
                  "Path": "pic/club_shop/club_shop_1.png",
                  "Plist": "pic/club_shop/club_shop_atlas.plist"
                },
                "Scale9Enable": true,
                "Scale9OriginX": 37,
                "Scale9Width": 80,
                "Scale9Height": 60,
                "OutlineColor": {
                  "R": 0,
                  "G": 0,
                  "B": 0
                },
                "ShadowColor": {
                  "R": 0,
                  "G": 0,
                  "B": 0
                },
                "ShadowOffsetX": 2.0,
                "ShadowOffsetY": -2.0,
                "TouchEnable": true,
                "AnchorPoint": {
                  "ScaleX": 0.5,
                  "ScaleY": 0.5
                },
                "Position": {
                  "X": 96.3792,
                  "Y": 52.1035
                },
                "Scale": {
                  "ScaleX": 1.0,
                  "ScaleY": 1.0
                },
                "CColor": {},
                "IconVisible": false,
                "PositionPercentXEnabled": true,
                "PrePosition": {
                  "X": 0.4968,
                  "Y": 0.1714
                },
                "PreSize": {
                  "X": 0.7938,
                  "Y": 0.1974
                },
                "LeftMargin": 19.3792,
                "RightMargin": 20.6208,
                "TopMargin": 221.8965,
                "BottomMargin": 22.1035,
                "Tag": 56527,
                "Children": [
                  {
                    "IsCustomSize": true,
                    "FontSize": 28,
                    "LabelText": "{TXT_UI_YOKAIBUBBLE-SHOP_4}",
                    "FontResource": {
                      "Type": "Normal",
                      "Path": "font/ModeMinBStd.ttf",
                      "Plist": ""
                    },
                    "HorizontalAlignmentType": "HT_Center",
                    "OutlineSize": 2,
                    "OutlineColor": {
                      "R": 131,
                      "G": 9,
                      "B": 25
                    },
                    "OutlineEnabled": true,
                    "ShadowColor": {
                      "R": 110,
                      "G": 110,
                      "B": 110
                    },
                    "ShadowOffsetX": 2.0,
                    "ShadowOffsetY": -2.0,
                    "AnchorPoint": {
                      "ScaleX": 0.5,
                      "ScaleY": 1.0
                    },
                    "Position": {
                      "X": 77.0,
                      "Y": 49.15
                    },
                    "Scale": {
                      "ScaleX": 1.0,
                      "ScaleY": 1.0
                    },
                    "CColor": {},
                    "IconVisible": false,
                    "PositionPercentXEnabled": true,
                    "PrePosition": {
                      "X": 0.5,
                      "Y": 0.8192
                    },
                    "PreSize": {
                      "X": 0.9805,
                      "Y": 1.0
                    },
                    "LeftMargin": 1.5,
                    "RightMargin": 1.5,
                    "TopMargin": 10.85,
                    "BottomMargin": -10.85,
                    "Tag": 671,
                    "ActionTag": -2079668411,
                    "Size": {
                      "X": 151.0,
                      "Y": 60.0
                    },
                    "Name": "Text_1",
                    "ctype": "TextObjectData"
                  }
                ],
                "ActionTag": 7914870,
                "Size": {
                  "X": 154.0,
                  "Y": 60.0
                },
                "Name": "btn_buy",
                "ctype": "ButtonObjectData"
              },
              {
                "FileData": {
                  "Type": "MarkedSubImage",
                  "Path": "pic/Shop/shopImg21.png",
                  "Plist": "pic/Shop/shopPlist.plist"
                },
                "Scale9OriginX": 37,
                "Scale9OriginY": 26,
                "Scale9Width": 39,
                "Scale9Height": 29,
                "AnchorPoint": {
                  "ScaleX": 0.5,
                  "ScaleY": 0.5
                },
                "Position": {
                  "X": 100.5674,
                  "Y": 159.3303
                },
                "Scale": {
                  "ScaleX": 1.0,
                  "ScaleY": 1.0
                },
                "CColor": {},
                "IconVisible": false,
                "PrePosition": {
                  "X": 0.5184,
                  "Y": 0.5241
                },
                "PreSize": {
                  "X": 0.5825,
                  "Y": 0.2664
                },
                "LeftMargin": 44.0674,
                "RightMargin": 36.9326,
                "TopMargin": 104.1697,
                "BottomMargin": 118.8303,
                "Tag": 545,
                "ActionTag": 1700591677,
                "Size": {
                  "X": 113.0,
                  "Y": 81.0
                },
                "VisibleForFrame": false,
                "Name": "img_saleoff",
                "ctype": "ImageViewObjectData"
              }
            ],
            "ActionTag": 42354556,
            "Size": {
              "X": 194.0,
              "Y": 304.0
            },
            "Name": "ShopItem",
            "ctype": "PanelObjectData"
          },
          {
            "ClipAble": false,
            "BackColorAlpha": 192,
            "ComboBoxIndex": 1,
            "SingleColor": {
              "R": 0,
              "G": 0,
              "B": 0
            },
            "FirstColor": {},
            "EndColor": {
              "R": 150,
              "G": 200
            },
            "ColorVector": {
              "ScaleY": -1.0
            },
            "Scale9Width": 1,
            "Scale9Height": 1,
            "TouchEnable": true,
            "AnchorPoint": {},
            "Position": {
              "X": 0.0,
              "Y": 0.0
            },
            "Scale": {
              "ScaleX": 1.0,
              "ScaleY": 1.0
            },
            "CColor": {},
            "IconVisible": false,
            "PrePosition": {
              "X": 0.0,
              "Y": 0.0
            },
            "PreSize": {
              "X": 1.0,
              "Y": 1.0
            },
            "Tag": 56392,
            "Children": [
              {
                "FileData": {
                  "Type": "Normal",
                  "Path": "pic/battle_activity/battle_activity_shop_bg.jpg",
                  "Plist": ""
                },
                "Scale9OriginX": 211,
                "Scale9OriginY": 374,
                "Scale9Width": 218,
                "Scale9Height": 388,
                "AnchorPoint": {
                  "ScaleX": 0.5,
                  "ScaleY": 0.5
                },
                "Position": {
                  "X": 320.0,
                  "Y": 568.0
                },
                "Scale": {
                  "ScaleX": 1.0,
                  "ScaleY": 1.0
                },
                "CColor": {},
                "IconVisible": false,
                "PrePosition": {
                  "X": 0.5,
                  "Y": 0.5
                },
                "PreSize": {
                  "X": 1.0,
                  "Y": 1.0
                },
                "Tag": 241,
                "Children": [
                  {
                    "FileData": {
                      "Type": "Default",
                      "Path": "Default/ImageFile.png",
                      "Plist": ""
                    },
                    "Scale9OriginX": 15,
                    "Scale9OriginY": 15,
                    "Scale9Width": 16,
                    "Scale9Height": 16,
                    "AnchorPoint": {
                      "ScaleX": 0.5,
                      "ScaleY": 0.5
                    },
                    "Position": {
                      "X": 320.0,
                      "Y": 677.0
                    },
                    "Scale": {
                      "ScaleX": 1.0,
                      "ScaleY": 1.0
                    },
                    "CColor": {},
                    "IconVisible": false,
                    "PositionPercentXEnabled": true,
                    "PrePosition": {
                      "X": 0.5,
                      "Y": 0.596
                    },
                    "PreSize": {
                      "X": 3.1781,
                      "Y": 1.7905
                    },
                    "LeftMargin": -697.0,
                    "RightMargin": -697.0,
                    "TopMargin": -558.0,
                    "BottomMargin": -340.0,
                    "Tag": 119,
                    "ActionTag": -1899395151,
                    "Size": {
                      "X": 2034.0,
                      "Y": 2034.0
                    },
                    "Name": "RoleIcon",
                    "ctype": "ImageViewObjectData"
                  }
                ],
                "ActionTag": -1295916112,
                "Size": {
                  "X": 640.0,
                  "Y": 1136.0
                },
                "Name": "Image_85",
                "ctype": "ImageViewObjectData"
              },
              {
                "FileData": {
                  "Type": "MarkedSubImage",
                  "Path": "common_ui/Dress_ImgTips.png",
                  "Plist": "common_ui/common_slider_atlas.plist"
                },
                "Scale9Enable": true,
                "Scale9OriginX": 132,
                "Scale9OriginY": 89,
                "Scale9Width": 139,
                "Scale9Height": 20,
                "AnchorPoint": {
                  "ScaleY": 1.0
                },
                "Position": {
                  "X": 87.9398,
                  "Y": 901.5933
                },
                "Scale": {
                  "ScaleX": 1.0,
                  "ScaleY": 1.0
                },
                "CColor": {},
                "IconVisible": false,
                "PrePosition": {
                  "X": 0.1374,
                  "Y": 0.7937
                },
                "PreSize": {
                  "X": 0.7109,
                  "Y": 0.1276
                },
                "LeftMargin": 87.9398,
                "RightMargin": 97.0602,
                "TopMargin": 234.4067,
                "BottomMargin": 756.5933,
                "Tag": 1371,
                "Children": [
                  {
                    "IsCustomSize": true,
                    "FontSize": 22,
                    "LabelText": "{TXT_UI_YOKAIBUBBLE-SHOP_1}",
                    "FontResource": {
                      "Type": "Normal",
                      "Path": "font/ModeMinBStd.ttf",
                      "Plist": ""
                    },
                    "OutlineSize": 2,
                    "OutlineColor": {
                      "R": 109,
                      "G": 0,
                      "B": 0
                    },
                    "OutlineEnabled": true,
                    "ShadowColor": {
                      "R": 110,
                      "G": 110,
                      "B": 110
                    },
                    "ShadowOffsetX": 2.0,
                    "ShadowOffsetY": -2.0,
                    "AnchorPoint": {
                      "ScaleY": 0.5
                    },
                    "Position": {
                      "X": 15.34,
                      "Y": 100.82
                    },
                    "Scale": {
                      "ScaleX": 1.0,
                      "ScaleY": 1.0
                    },
                    "CColor": {},
                    "IconVisible": false,
                    "PrePosition": {
                      "X": 0.0337,
                      "Y": 0.6953
                    },
                    "PreSize": {
                      "X": 0.1956,
                      "Y": 0.1793
                    },
                    "LeftMargin": 15.34,
                    "RightMargin": 350.66,
                    "TopMargin": 31.18,
                    "BottomMargin": 87.82,
                    "Tag": 1372,
                    "ActionTag": 227295385,
                    "Size": {
                      "X": 89.0,
                      "Y": 26.0
                    },
                    "Name": "txt_activity_time_0",
                    "ctype": "TextObjectData"
                  },
                  {
                    "IsCustomSize": true,
                    "FontSize": 22,
                    "LabelText": "{TXT_UI_YOKAIBUBBLE-SHOP_2}",
                    "FontResource": {
                      "Type": "Normal",
                      "Path": "font/ModeMinBStd.ttf",
                      "Plist": ""
                    },
                    "OutlineColor": {
                      "G": 0,
                      "B": 0
                    },
                    "ShadowColor": {
                      "R": 110,
                      "G": 110,
                      "B": 110
                    },
                    "ShadowOffsetX": 2.0,
                    "ShadowOffsetY": -2.0,
                    "AnchorPoint": {
                      "ScaleY": 0.5
                    },
                    "Position": {
                      "X": 12.4194,
                      "Y": 51.62
                    },
                    "Scale": {
                      "ScaleX": 1.0,
                      "ScaleY": 1.0
                    },
                    "CColor": {
                      "R": 109,
                      "G": 0,
                      "B": 0
                    },
                    "IconVisible": false,
                    "PrePosition": {
                      "X": 0.0273,
                      "Y": 0.356
                    },
                    "PreSize": {
                      "X": 0.9231,
                      "Y": 0.4138
                    },
                    "LeftMargin": 12.4194,
                    "RightMargin": 22.5806,
                    "TopMargin": 63.38,
                    "BottomMargin": 21.62,
                    "Tag": 245,
                    "ActionTag": -608656792,
                    "Size": {
                      "X": 420.0,
                      "Y": 60.0
                    },
                    "Name": "txt_activity_time",
                    "ctype": "TextObjectData"
                  }
                ],
                "ActionTag": 949649101,
                "Size": {
                  "X": 455.0,
                  "Y": 145.0
                },
                "Name": "Image_16",
                "ctype": "ImageViewObjectData"
              },
              {
                "ClipAble": false,
                "BackColorAlpha": 100,
                "FileData": {
                  "Type": "MarkedSubImage",
                  "Path": "pic/battle_activity/battle_activity_part_14.png",
                  "Plist": "pic/battle_activity/battle_activity_atlas.plist"
                },
                "SingleColor": {
                  "R": 150,
                  "G": 200
                },
                "FirstColor": {},
                "EndColor": {
                  "R": 150,
                  "G": 200
                },
                "ColorVector": {
                  "ScaleY": -1.0
                },
                "Scale9OriginX": 24,
                "Scale9OriginY": 12,
                "Scale9Width": 144,
                "Scale9Height": 15,
                "TouchEnable": true,
                "AnchorPoint": {},
                "Position": {
                  "X": 456.9381,
                  "Y": 1008.4786
                },
                "Scale": {
                  "ScaleX": 1.0,
                  "ScaleY": 1.0
                },
                "CColor": {},
                "IconVisible": false,
                "PrePosition": {
                  "X": 0.714,
                  "Y": 0.8877
                },
                "PreSize": {
                  "X": 0.2813,
                  "Y": 0.0308
                },
                "LeftMargin": 456.9381,
                "RightMargin": 3.0619,
                "TopMargin": 92.5215,
                "BottomMargin": 1008.4786,
                "Tag": 57653,
                "Children": [
                  {
                    "FileData": {
                      "Type": "MarkedSubImage",
                      "Path": "yokaibubble/img_yokaibubble_icon.png",
                      "Plist": "yokaibubble/yokaibubblePlist.plist"
                    },
                    "Scale9OriginX": 9,
                    "Scale9OriginY": 15,
                    "Scale9Width": 11,
                    "Scale9Height": 13,
                    "AnchorPoint": {
                      "ScaleX": 0.5,
                      "ScaleY": 0.5
                    },
                    "Position": {
                      "X": 5.6573,
                      "Y": 17.7455
                    },
                    "Scale": {
                      "ScaleX": 1.0,
                      "ScaleY": 1.0
                    },
                    "CColor": {},
                    "IconVisible": false,
                    "PrePosition": {
                      "X": 0.0314,
                      "Y": 0.507
                    },
                    "PreSize": {
                      "X": 0.1611,
                      "Y": 1.2286
                    },
                    "LeftMargin": -8.8427,
                    "RightMargin": 159.8427,
                    "TopMargin": -4.2455,
                    "BottomMargin": -3.7545,
                    "Tag": 243,
                    "ActionTag": -1972968929,
                    "Size": {
                      "X": 29.0,
                      "Y": 43.0
                    },
                    "Name": "img_currency_icon",
                    "ctype": "ImageViewObjectData"
                  },
                  {
                    "IsCustomSize": true,
                    "FontSize": 24,
                    "LabelText": "0",
                    "FontResource": {
                      "Type": "Normal",
                      "Path": "font/ModeMinBStd.ttf",
                      "Plist": ""
                    },
                    "HorizontalAlignmentType": "HT_Right",
                    "OutlineColor": {
                      "R": 0,
                      "G": 0,
                      "B": 0
                    },
                    "ShadowColor": {
                      "R": 0,
                      "G": 0,
                      "B": 0
                    },
                    "ShadowOffsetX": 2.0,
                    "ShadowOffsetY": -2.0,
                    "AnchorPoint": {
                      "ScaleY": 0.5
                    },
                    "Position": {
                      "X": 30.84,
                      "Y": 16.72
                    },
                    "Scale": {
                      "ScaleX": 1.0,
                      "ScaleY": 1.0
                    },
                    "CColor": {},
                    "IconVisible": false,
                    "PrePosition": {
                      "X": 0.1713,
                      "Y": 0.4777
                    },
                    "PreSize": {
                      "X": 0.7667,
                      "Y": 0.8
                    },
                    "LeftMargin": 30.84,
                    "RightMargin": 11.16,
                    "TopMargin": 4.28,
                    "BottomMargin": 2.72,
                    "Tag": 57658,
                    "ActionTag": 19168488,
                    "Size": {
                      "X": 138.0,
                      "Y": 28.0
                    },
                    "Name": "lbl_dkp",
                    "ctype": "TextObjectData"
                  }
                ],
                "ActionTag": 9431758,
                "Size": {
                  "X": 180.0,
                  "Y": 35.0
                },
                "Name": "pnl_value",
                "ctype": "PanelObjectData"
              },
              {
                "ClipAble": false,
                "BackColorAlpha": 100,
                "FileData": {
                  "Type": "MarkedSubImage",
                  "Path": "pic/battle_activity/battle_activity_part_15.png",
                  "Plist": "pic/battle_activity/battle_activity_atlas.plist"
                },
                "SingleColor": {
                  "R": 150,
                  "G": 200
                },
                "FirstColor": {},
                "EndColor": {
                  "R": 150,
                  "G": 200
                },
                "ColorVector": {
                  "ScaleY": -1.0
                },
                "Scale9Enable": true,
                "Scale9OriginX": 29,
                "Scale9Width": 29,
                "Scale9Height": 24,
                "TouchEnable": true,
                "AnchorPoint": {},
                "Position": {
                  "X": 25.6,
                  "Y": 1031.35
                },
                "Scale": {
                  "ScaleX": 1.0,
                  "ScaleY": 1.0
                },
                "CColor": {},
                "IconVisible": false,
                "PositionPercentXEnabled": true,
                "PrePosition": {
                  "X": 0.04,
                  "Y": 0.9079
                },
                "PreSize": {
                  "X": 0.4219,
                  "Y": 0.0282
                },
                "LeftMargin": 25.6,
                "RightMargin": 344.4,
                "TopMargin": 72.65,
                "BottomMargin": 1031.35,
                "Tag": 1032,
                "Children": [
                  {
                    "IsCustomSize": true,
                    "FontSize": 24,
                    "LabelText": "0",
                    "FontResource": {
                      "Type": "Normal",
                      "Path": "font/ModeMinBStd.ttf",
                      "Plist": ""
                    },
                    "OutlineColor": {
                      "R": 0,
                      "G": 0,
                      "B": 0
                    },
                    "ShadowColor": {
                      "R": 0,
                      "G": 0,
                      "B": 0
                    },
                    "ShadowOffsetX": 2.0,
                    "ShadowOffsetY": -2.0,
                    "AnchorPoint": {
                      "ScaleY": 0.5
                    },
                    "Position": {
                      "X": 6.8351,
                      "Y": 15.7332
                    },
                    "Scale": {
                      "ScaleX": 1.0,
                      "ScaleY": 1.0
                    },
                    "CColor": {},
                    "IconVisible": false,
                    "PrePosition": {
                      "X": 0.0253,
                      "Y": 0.4917
                    },
                    "PreSize": {
                      "X": 1.4815,
                      "Y": 0.875
                    },
                    "LeftMargin": 6.8351,
                    "RightMargin": -136.8351,
                    "TopMargin": 2.2668,
                    "BottomMargin": 1.7332,
                    "Tag": 1034,
                    "ActionTag": 1104504593,
                    "Size": {
                      "X": 400.0,
                      "Y": 28.0
                    },
                    "Name": "txt_changeTime",
                    "ctype": "TextObjectData"
                  }
                ],
                "ActionTag": 417765629,
                "Size": {
                  "X": 270.0,
                  "Y": 32.0
                },
                "VisibleForFrame": false,
                "Name": "pnl_change",
                "ctype": "PanelObjectData"
              },
              {
                "ClipAble": false,
                "BackColorAlpha": 171,
                "FileData": {
                  "Type": "MarkedSubImage",
                  "Path": "common_ui/icon_club_part_15.png",
                  "Plist": "common_ui/common_panel_atlas.plist"
                },
                "SingleColor": {
                  "R": 150,
                  "G": 200
                },
                "FirstColor": {},
                "EndColor": {
                  "R": 150,
                  "G": 200
                },
                "ColorVector": {
                  "ScaleY": -1.0
                },
                "Scale9Enable": true,
                "Scale9OriginX": 11,
                "Scale9OriginY": 47,
                "Scale9Width": 13,
                "Scale9Height": 50,
                "TouchEnable": true,
                "AnchorPoint": {
                  "ScaleX": 0.5,
                  "ScaleY": 1.0
                },
                "Position": {
                  "X": 320.0074,
                  "Y": 761.9991
                },
                "Scale": {
                  "ScaleX": 1.0,
                  "ScaleY": 1.0
                },
                "CColor": {},
                "IconVisible": false,
                "PrePosition": {
                  "X": 0.5,
                  "Y": 0.6708
                },
                "PreSize": {
                  "X": 1.0,
                  "Y": 0.6602
                },
                "LeftMargin": 0.0074,
                "RightMargin": -0.0074,
                "TopMargin": 374.0009,
                "BottomMargin": 11.9991,
                "Tag": 56515,
                "Children": [
                  {
                    "FileData": {
                      "Type": "MarkedSubImage",
                      "Path": "common_ui/icon_grade_content_bg.png",
                      "Plist": "common_ui/common_panel_atlas.plist"
                    },
                    "Scale9Enable": true,
                    "Scale9OriginX": 17,
                    "Scale9OriginY": 17,
                    "Scale9Width": 74,
                    "Scale9Height": 76,
                    "AnchorPoint": {
                      "ScaleX": 0.5,
                      "ScaleY": 1.0
                    },
                    "Position": {
                      "X": 320.0,
                      "Y": 724.5792
                    },
                    "Scale": {
                      "ScaleX": 1.0,
                      "ScaleY": 1.0
                    },
                    "CColor": {},
                    "IconVisible": false,
                    "PositionPercentXEnabled": true,
                    "PrePosition": {
                      "X": 0.5,
                      "Y": 0.9661
                    },
                    "PreSize": {
                      "X": 0.9641,
                      "Y": 0.8133
                    },
                    "LeftMargin": 11.5,
                    "RightMargin": 11.5,
                    "TopMargin": 25.4208,
                    "BottomMargin": 114.5792,
                    "Tag": 24,
                    "ActionTag": 1248566467,
                    "Size": {
                      "X": 617.0,
                      "Y": 610.0
                    },
                    "Name": "Image_2",
                    "ctype": "ImageViewObjectData"
                  },
                  {
                    "InnerNodeSize": {
                      "Width": 608,
                      "Height": 600
                    },
                    "ScrollDirectionType": "Vertical",
                    "ClipAble": true,
                    "BackColorAlpha": 102,
                    "SingleColor": {
                      "G": 150,
                      "B": 100
                    },
                    "FirstColor": {
                      "G": 150,
                      "B": 100
                    },
                    "EndColor": {},
                    "ColorVector": {
                      "ScaleY": 1.0
                    },
                    "Scale9Width": 1,
                    "Scale9Height": 1,
                    "TouchEnable": true,
                    "AnchorPoint": {
                      "ScaleX": 0.5,
                      "ScaleY": 0.5
                    },
                    "Position": {
                      "X": 320.0,
                      "Y": 421.3109
                    },
                    "Scale": {
                      "ScaleX": 1.0,
                      "ScaleY": 1.0
                    },
                    "CColor": {},
                    "IconVisible": false,
                    "PositionPercentXEnabled": true,
                    "PrePosition": {
                      "X": 0.5,
                      "Y": 0.5617
                    },
                    "PreSize": {
                      "X": 0.95,
                      "Y": 0.8
                    },
                    "LeftMargin": 16.0,
                    "RightMargin": 16.0,
                    "TopMargin": 28.6891,
                    "BottomMargin": 121.3109,
                    "Tag": 468,
                    "ActionTag": 2037832060,
                    "Size": {
                      "X": 608.0,
                      "Y": 600.0
                    },
                    "Name": "scl_item",
                    "ctype": "ScrollViewObjectData"
                  }
                ],
                "ActionTag": 60944714,
                "Size": {
                  "X": 640.0,
                  "Y": 750.0
                },
                "Name": "pnl_1",
                "ctype": "PanelObjectData"
              },
              {
                "ClipAble": false,
                "BackColorAlpha": 102,
                "SingleColor": {
                  "R": 150,
                  "G": 200
                },
                "FirstColor": {
                  "R": 150,
                  "G": 200
                },
                "EndColor": {},
                "ColorVector": {
                  "ScaleY": 1.0
                },
                "Scale9Width": 1,
                "Scale9Height": 1,
                "AnchorPoint": {
                  "ScaleY": 1.0
                },
                "Position": {
                  "X": 0.0,
                  "Y": 1136.0002
                },
                "Scale": {
                  "ScaleX": 1.0,
                  "ScaleY": 1.0
                },
                "CColor": {},
                "IconVisible": false,
                "PrePosition": {
                  "X": 0.0,
                  "Y": 1.0
                },
                "PreSize": {
                  "X": 1.0,
                  "Y": 0.088
                },
                "TopMargin": -0.0002,
                "BottomMargin": 1036.0002,
                "Tag": 51,
                "Children": [
                  {
                    "FileData": {
                      "Type": "Normal",
                      "Path": "common_ui/icon_club_top_bg.png",
                      "Plist": ""
                    },
                    "Scale9OriginX": 211,
                    "Scale9OriginY": 18,
                    "Scale9Width": 218,
                    "Scale9Height": 140,
                    "AnchorPoint": {
                      "ScaleX": 0.5
                    },
                    "Position": {
                      "X": 320.0,
                      "Y": 43.0
                    },
                    "Scale": {
                      "ScaleX": 1.0,
                      "ScaleY": 1.0
                    },
                    "CColor": {},
                    "IconVisible": false,
                    "PrePosition": {
                      "X": 0.5,
                      "Y": 0.43
                    },
                    "PreSize": {
                      "X": 1.0,
                      "Y": 1.81
                    },
                    "TopMargin": -124.0,
                    "BottomMargin": 43.0,
                    "Tag": 52,
                    "ActionTag": -1966781747,
                    "Size": {
                      "X": 640.0,
                      "Y": 181.0
                    },
                    "Name": "Image_1",
                    "ctype": "ImageViewObjectData"
                  },
                  {
                    "FontSize": 14,
                    "ButtonText": "",
                    "TextColor": {},
                    "NormalFileData": {
                      "Type": "MarkedSubImage",
                      "Path": "common_ui/btn_grade_help.png",
                      "Plist": "common_ui/common_panel_atlas.plist"
                    },
                    "Scale9OriginX": 23,
                    "Scale9OriginY": 23,
                    "Scale9Width": 34,
                    "Scale9Height": 34,
                    "OutlineColor": {
                      "R": 0,
                      "G": 0,
                      "B": 0
                    },
                    "ShadowColor": {
                      "R": 0,
                      "G": 0,
                      "B": 0
                    },
                    "ShadowOffsetX": 2.0,
                    "ShadowOffsetY": -2.0,
                    "TouchEnable": true,
                    "AnchorPoint": {
                      "ScaleX": 0.5,
                      "ScaleY": 0.5
                    },
                    "Position": {
                      "X": 596.0,
                      "Y": 60.0
                    },
                    "Scale": {
                      "ScaleX": 1.0,
                      "ScaleY": 1.0
                    },
                    "CColor": {},
                    "IconVisible": false,
                    "PrePosition": {
                      "X": 0.9312,
                      "Y": 0.6
                    },
                    "PreSize": {
                      "X": 0.125,
                      "Y": 0.8
                    },
                    "LeftMargin": 556.0,
                    "RightMargin": 4.0,
                    "BottomMargin": 20.0,
                    "Tag": 1236,
                    "ActionTag": -2016244571,
                    "Size": {
                      "X": 80.0,
                      "Y": 80.0
                    },
                    "VisibleForFrame": false,
                    "Name": "btn_help",
                    "ctype": "ButtonObjectData"
                  },
                  {
                    "FileData": {
                      "Type": "MarkedSubImage",
                      "Path": "pic/icon/icon_bg.png",
                      "Plist": "pic/icon/icon_atlas.plist"
                    },
                    "Scale9OriginX": 98,
                    "Scale9OriginY": 22,
                    "Scale9Width": 198,
                    "Scale9Height": 29,
                    "AnchorPoint": {
                      "ScaleX": 0.5,
                      "ScaleY": 0.5
                    },
                    "Position": {
                      "X": 328.4883,
                      "Y": 61.6638
                    },
                    "Scale": {
                      "ScaleX": 1.0,
                      "ScaleY": 1.0
                    },
                    "CColor": {},
                    "IconVisible": false,
                    "PrePosition": {
                      "X": 0.5133,
                      "Y": 0.6166
                    },
                    "PreSize": {
                      "X": 0.4922,
                      "Y": 0.73
                    },
                    "LeftMargin": 170.9883,
                    "RightMargin": 154.0117,
                    "TopMargin": 1.8362,
                    "BottomMargin": 25.1638,
                    "Tag": 53,
                    "ActionTag": 703484737,
                    "Size": {
                      "X": 315.0,
                      "Y": 73.0
                    },
                    "Name": "Image_26",
                    "ctype": "ImageViewObjectData"
                  },
                  {
                    "IsCustomSize": true,
                    "FontSize": 30,
                    "LabelText": "{TXT_UI_YOKAIBUBBLE-SHOP_0}",
                    "FontResource": {
                      "Type": "Normal",
                      "Path": "font/ModeMinBStd.ttf",
                      "Plist": ""
                    },
                    "HorizontalAlignmentType": "HT_Center",
                    "OutlineColor": {
                      "R": 0,
                      "G": 0,
                      "B": 0
                    },
                    "ShadowColor": {
                      "R": 0,
                      "G": 0,
                      "B": 0
                    },
                    "ShadowOffsetX": 2.0,
                    "ShadowOffsetY": -2.0,
                    "ShadowEnabled": true,
                    "AnchorPoint": {
                      "ScaleX": 0.5,
                      "ScaleY": 0.5
                    },
                    "Position": {
                      "X": 328.7703,
                      "Y": 66.1891
                    },
                    "Scale": {
                      "ScaleX": 1.0,
                      "ScaleY": 1.0
                    },
                    "CColor": {},
                    "IconVisible": false,
                    "PrePosition": {
                      "X": 0.5137,
                      "Y": 0.6619
                    },
                    "PreSize": {
                      "X": 0.4422,
                      "Y": 0.33
                    },
                    "LeftMargin": 187.2703,
                    "RightMargin": 169.7297,
                    "TopMargin": 17.3109,
                    "BottomMargin": 49.6891,
                    "Tag": 54,
                    "ActionTag": 684253659,
                    "Size": {
                      "X": 283.0,
                      "Y": 33.0
                    },
                    "Name": "txt_title",
                    "ctype": "TextObjectData"
                  },
                  {
                    "FontSize": 25,
                    "ButtonText": "",
                    "TextColor": {},
                    "NormalFileData": {
                      "Type": "MarkedSubImage",
                      "Path": "common_ui/btn_grade_back.png",
                      "Plist": "common_ui/common_panel_atlas.plist"
                    },
                    "Scale9OriginX": 23,
                    "Scale9OriginY": 14,
                    "Scale9Width": 81,
                    "Scale9Height": 42,
                    "OutlineColor": {
                      "R": 0,
                      "G": 0,
                      "B": 0
                    },
                    "ShadowColor": {
                      "R": 0,
                      "G": 0,
                      "B": 0
                    },
                    "ShadowOffsetX": 2.0,
                    "ShadowOffsetY": -2.0,
                    "TouchEnable": true,
                    "AnchorPoint": {
                      "ScaleX": 0.52,
                      "ScaleY": 0.6
                    },
                    "Position": {
                      "X": 58.7401,
                      "Y": 66.3492
                    },
                    "Scale": {
                      "ScaleX": 1.0,
                      "ScaleY": 1.0
                    },
                    "CColor": {},
                    "IconVisible": false,
                    "PrePosition": {
                      "X": 0.0918,
                      "Y": 0.6635
                    },
                    "PreSize": {
                      "X": 0.1984,
                      "Y": 0.72
                    },
                    "LeftMargin": -7.2999,
                    "RightMargin": 520.2999,
                    "TopMargin": 4.8508,
                    "BottomMargin": 23.1492,
                    "Tag": 56,
                    "ActionTag": -268613203,
                    "Size": {
                      "X": 127.0,
                      "Y": 72.0
                    },
                    "Name": "btn_close",
                    "ctype": "ButtonObjectData"
                  }
                ],
                "ActionTag": -600258886,
                "Size": {
                  "X": 640.0,
                  "Y": 100.0
                },
                "Name": "pnl_top",
                "ctype": "PanelObjectData"
              }
            ],
            "ActionTag": -1,
            "Size": {
              "X": 640.0,
              "Y": 1136.0
            },
            "Name": "Root",
            "ctype": "PanelObjectData"
          }
        ],
        "Size": {
          "X": 640.0,
          "Y": 1136.0
        },
        "Name": "UiEntity100904161",
        "ctype": "LayerObjectData"
      },
      "UsedResources": [
        "common/common.plist",
        "common/common.png",
        "common_ui/battle_activity_part_12.png",
        "common_ui/common_panel_atlas.plist",
        "common_ui/common_panel_atlas.png",
        "common_ui/common_slider_atlas.plist",
        "common_ui/common_slider_atlas.png",
        "common_ui/icon_club_top_bg.png",
        "Default/ImageFile.png",
        "font/ModeMinBStd.ttf",
        "pic/battle_activity/battle_activity_atlas.plist",
        "pic/battle_activity/battle_activity_atlas.png",
        "pic/battle_activity/battle_activity_shop_bg.jpg",
        "pic/club_shop/club_shop_atlas.plist",
        "pic/club_shop/club_shop_atlas.png",
        "pic/icon/icon_atlas.plist",
        "pic/icon/icon_atlas.png",
        "pic/Shop/shopPlist.plist",
        "pic/Shop/shopPlist.png",
        "yokaibubble/yokaibubblePlist.plist",
        "yokaibubble/yokaibubblePlist.png"
      ],
      "ctype": "GameFileData"
    }
  },
  "Type": "Layer"
}