{
  "ID": "4e1153db-2589-4173-a220-b2e41bdcedee",
  "Version": "3.10.0.0",
  "Name": "yokaieliminate-special-bag",
  "Content": {
    "Content": {
      "Animation": {
        "Duration": 0,
        "Speed": 0.3333,
        "ActivedAnimationName": "start",
        "Timelines": [],
        "ctype": "TimelineActionData"
      },
      "AnimationList": [
        {
          "StartIndex": 0,
          "EndIndex": 75,
          "Name": "start",
          "ctype": "AnimationInfoData"
        }
      ],
      "ObjectData": {
        "Tag": 68,
        "Children": [
          {
            "ClipAble": false,
            "BackColorAlpha": 191,
            "SingleColor": {
              "G": 0,
              "B": 0
            },
            "FirstColor": {
              "R": 150,
              "G": 200
            },
            "EndColor": {},
            "ColorVector": {
              "ScaleY": 1.0
            },
            "Scale9Enable": true,
            "Scale9OriginX": -40,
            "Scale9OriginY": -21,
            "Scale9Width": 80,
            "Scale9Height": 42,
            "TouchEnable": true,
            "AnchorPoint": {
              "ScaleX": 0.5,
              "ScaleY": 1.0
            },
            "Position": {
              "X": -679.75,
              "Y": 31.2
            },
            "Scale": {
              "ScaleX": 1.0,
              "ScaleY": 1.0
            },
            "CColor": {},
            "IconVisible": false,
            "PrePosition": {
              "X": -1.0621,
              "Y": 0.0275
            },
            "PreSize": {
              "X": 0.1594,
              "Y": 0.1056
            },
            "LeftMargin": -730.75,
            "RightMargin": 1268.75,
            "TopMargin": 1104.8,
            "BottomMargin": -88.8,
            "Tag": 197,
            "Children": [
              {
                "FileData": {
                  "Type": "Default",
                  "Path": "Default/ImageFile.png",
                  "Plist": ""
                },
                "Scale9OriginX": 15,
                "Scale9OriginY": 18,
                "Scale9Width": 16,
                "Scale9Height": 10,
                "AnchorPoint": {
                  "ScaleX": 0.5,
                  "ScaleY": 0.5
                },
                "Position": {
                  "X": 51.0002,
                  "Y": 29.0
                },
                "Scale": {
                  "ScaleX": 1.0,
                  "ScaleY": 1.0
                },
                "CColor": {},
                "IconVisible": false,
                "PrePosition": {
                  "X": 0.5,
                  "Y": 0.2417
                },
                "PreSize": {
                  "X": 0.8529,
                  "Y": 0.3417
                },
                "LeftMargin": 7.5002,
                "RightMargin": 7.4998,
                "TopMargin": 70.5,
                "BottomMargin": 8.5,
                "Tag": 198,
                "ActionTag": 1790407536,
                "Size": {
                  "X": 87.0,
                  "Y": 41.0
                },
                "Name": "img_bannerbg",
                "ctype": "ImageViewObjectData"
              },
              {
                "FileData": {
                  "Type": "Default",
                  "Path": "Default/ImageFile.png",
                  "Plist": ""
                },
                "Scale9OriginX": 15,
                "Scale9OriginY": 15,
                "Scale9Width": 16,
                "Scale9Height": 16,
                "AnchorPoint": {
                  "ScaleX": 0.5,
                  "ScaleY": 0.5
                },
                "Position": {
                  "X": 51.0,
                  "Y": 60.0
                },
                "Scale": {
                  "ScaleX": 1.0,
                  "ScaleY": 1.0
                },
                "CColor": {},
                "IconVisible": false,
                "PrePosition": {
                  "X": 0.5,
                  "Y": 0.5
                },
                "PreSize": {
                  "X": 1.0588,
                  "Y": 0.9
                },
                "LeftMargin": -3.0,
                "RightMargin": -3.0,
                "TopMargin": 6.0,
                "BottomMargin": 6.0,
                "Tag": 296,
                "ActionTag": 883083845,
                "Size": {
                  "X": 108.0,
                  "Y": 108.0
                },
                "Name": "img_itemlight",
                "ctype": "ImageViewObjectData"
              },
              {
                "FileData": {
                  "Type": "Default",
                  "Path": "Default/ImageFile.png",
                  "Plist": ""
                },
                "Scale9OriginX": 17,
                "Scale9OriginY": 17,
                "Scale9Width": 12,
                "Scale9Height": 12,
                "TouchEnable": true,
                "AnchorPoint": {
                  "ScaleX": 0.5,
                  "ScaleY": 0.5
                },
                "Position": {
                  "X": 51.0,
                  "Y": 65.112
                },
                "Scale": {
                  "ScaleX": 1.0,
                  "ScaleY": 1.0
                },
                "CColor": {},
                "IconVisible": false,
                "PositionPercentXEnabled": true,
                "PositionPercentYEnabled": true,
                "PrePosition": {
                  "X": 0.5,
                  "Y": 0.5426
                },
                "PreSize": {
                  "X": 0.8333,
                  "Y": 0.7083
                },
                "LeftMargin": 8.5,
                "RightMargin": 8.5,
                "TopMargin": 12.388,
                "BottomMargin": 22.612,
                "Tag": 199,
                "Children": [
                  {
                    "IsCustomSize": true,
                    "FontSize": 19,
                    "LabelText": "",
                    "FontResource": {
                      "Type": "Normal",
                      "Path": "font/ModeMinBStd.ttf",
                      "Plist": ""
                    },
                    "HorizontalAlignmentType": "HT_Center",
                    "OutlineSize": 2,
                    "OutlineColor": {
                      "R": 137,
                      "G": 9,
                      "B": 25
                    },
                    "OutlineEnabled": true,
                    "ShadowColor": {
                      "R": 29,
                      "G": 16,
                      "B": 1
                    },
                    "ShadowOffsetX": 0.0,
                    "ShadowOffsetY": 0.0,
                    "AnchorPoint": {
                      "ScaleX": 0.5,
                      "ScaleY": 0.5
                    },
                    "Position": {
                      "X": 41.7552,
                      "Y": -7.8917
                    },
                    "Scale": {
                      "ScaleX": 1.0,
                      "ScaleY": 1.0
                    },
                    "CColor": {},
                    "IconVisible": false,
                    "PrePosition": {
                      "X": 0.4912,
                      "Y": -0.0928
                    },
                    "PreSize": {
                      "X": 1.0,
                      "Y": 0.2706
                    },
                    "LeftMargin": -0.7448,
                    "RightMargin": 0.7448,
                    "TopMargin": 81.3917,
                    "BottomMargin": -19.3917,
                    "Tag": 200,
                    "ActionTag": 332756169,
                    "Size": {
                      "X": 85.0,
                      "Y": 23.0
                    },
                    "Name": "txt_count",
                    "ctype": "TextObjectData"
                  },
                  {
                    "FileData": {
                      "Type": "MarkedSubImage",
                      "Path": "common/sui_R.png",
                      "Plist": "common/common.plist"
                    },
                    "Scale9OriginX": 15,
                    "Scale9OriginY": 15,
                    "Scale9Width": 1,
                    "Scale9Height": 1,
                    "AnchorPoint": {
                      "ScaleX": 0.5,
                      "ScaleY": 0.5
                    },
                    "Position": {
                      "X": 15.1308,
                      "Y": 15.9862
                    },
                    "Scale": {
                      "ScaleX": 1.0,
                      "ScaleY": 1.0
                    },
                    "CColor": {},
                    "IconVisible": false,
                    "PrePosition": {
                      "X": 0.178,
                      "Y": 0.1881
                    },
                    "PreSize": {
                      "X": 0.3176,
                      "Y": 0.3176
                    },
                    "LeftMargin": 1.6308,
                    "RightMargin": 56.3692,
                    "TopMargin": 55.5138,
                    "BottomMargin": 2.4862,
                    "Tag": 201,
                    "ActionTag": 935496676,
                    "Size": {
                      "X": 27.0,
                      "Y": 27.0
                    },
                    "VisibleForFrame": false,
                    "Name": "Image_isSuiPian",
                    "ctype": "ImageViewObjectData"
                  },
                  {
                    "FileData": {
                      "Type": "Default",
                      "Path": "Default/ImageFile.png",
                      "Plist": ""
                    },
                    "Scale9OriginX": 17,
                    "Scale9OriginY": 17,
                    "Scale9Width": 12,
                    "Scale9Height": 12,
                    "AnchorPoint": {
                      "ScaleX": 0.5,
                      "ScaleY": 0.5
                    },
                    "Position": {
                      "X": 42.5,
                      "Y": 42.449
                    },
                    "Scale": {
                      "ScaleX": 0.9,
                      "ScaleY": 0.9
                    },
                    "CColor": {},
                    "IconVisible": false,
                    "PositionPercentXEnabled": true,
                    "PositionPercentYEnabled": true,
                    "PrePosition": {
                      "X": 0.5,
                      "Y": 0.4994
                    },
                    "PreSize": {
                      "X": 1.0,
                      "Y": 1.0
                    },
                    "TopMargin": 0.051,
                    "BottomMargin": -0.051,
                    "Tag": 202,
                    "ActionTag": -1866443272,
                    "Size": {
                      "X": 85.0,
                      "Y": 85.0
                    },
                    "VisibleForFrame": false,
                    "Name": "img_box_bg",
                    "ctype": "ImageViewObjectData"
                  }
                ],
                "ActionTag": -1865626187,
                "Size": {
                  "X": 85.0,
                  "Y": 85.0
                },
                "Name": "img_item",
                "ctype": "ImageViewObjectData"
              }
            ],
            "ActionTag": 1427539422,
            "Size": {
              "X": 102.0,
              "Y": 120.0
            },
            "Name": "prefab_item",
            "ctype": "PanelObjectData"
          },
          {
            "ClipAble": false,
            "BackColorAlpha": 102,
            "SingleColor": {
              "R": 150,
              "G": 200
            },
            "FirstColor": {
              "R": 150,
              "G": 200
            },
            "EndColor": {},
            "ColorVector": {
              "ScaleY": 1.0
            },
            "Scale9Width": 1,
            "Scale9Height": 1,
            "TouchEnable": true,
            "AnchorPoint": {},
            "Position": {
              "X": -1535.6506,
              "Y": 55.8475
            },
            "Scale": {
              "ScaleX": 1.0,
              "ScaleY": 1.0
            },
            "CColor": {},
            "IconVisible": false,
            "PrePosition": {
              "X": -2.3995,
              "Y": 0.0492
            },
            "PreSize": {
              "X": 0.9875,
              "Y": 0.4595
            },
            "LeftMargin": -1535.6506,
            "RightMargin": 1543.6506,
            "TopMargin": 558.1525,
            "BottomMargin": 55.8475,
            "Tag": 54,
            "Children": [
              {
                "FileData": {
                  "Type": "Default",
                  "Path": "Default/ImageFile.png",
                  "Plist": ""
                },
                "Scale9Enable": true,
                "Scale9OriginX": 15,
                "Scale9OriginY": 15,
                "Scale9Width": 16,
                "Scale9Height": 16,
                "AnchorPoint": {
                  "ScaleX": 0.5,
                  "ScaleY": 0.5
                },
                "Position": {
                  "X": 316.0,
                  "Y": 261.0
                },
                "Scale": {
                  "ScaleX": 1.0,
                  "ScaleY": 1.0
                },
                "CColor": {},
                "IconVisible": false,
                "PrePosition": {
                  "X": 0.5,
                  "Y": 0.5
                },
                "PreSize": {
                  "X": 0.9478,
                  "Y": 0.9732
                },
                "LeftMargin": 16.5,
                "RightMargin": 16.5,
                "TopMargin": 7.0,
                "BottomMargin": 7.0,
                "Tag": 1527,
                "Children": [
                  {
                    "ItemMargin": 15,
                    "ScrollDirectionType": 0,
                    "ClipAble": true,
                    "BackColorAlpha": 102,
                    "SingleColor": {
                      "R": 150,
                      "G": 150
                    },
                    "FirstColor": {
                      "R": 150,
                      "G": 150
                    },
                    "EndColor": {},
                    "ColorVector": {
                      "ScaleY": 1.0
                    },
                    "Scale9Width": 1,
                    "Scale9Height": 1,
                    "TouchEnable": true,
                    "AnchorPoint": {},
                    "Position": {
                      "X": 117.0,
                      "Y": 135.4716
                    },
                    "Scale": {
                      "ScaleX": 0.85,
                      "ScaleY": 0.85
                    },
                    "CColor": {},
                    "IconVisible": false,
                    "PrePosition": {
                      "X": 0.1953,
                      "Y": 0.2667
                    },
                    "PreSize": {
                      "X": 0.7179,
                      "Y": 0.2461
                    },
                    "LeftMargin": 117.0,
                    "RightMargin": 52.0,
                    "TopMargin": 247.5284,
                    "BottomMargin": 135.4716,
                    "Tag": 231,
                    "ActionTag": 1930271396,
                    "Size": {
                      "X": 430.0,
                      "Y": 125.0
                    },
                    "Name": "listitem",
                    "ctype": "ListViewObjectData"
                  },
                  {
                    "FileData": {
                      "Type": "MarkedSubImage",
                      "Path": "common/common_name_bg.png",
                      "Plist": "common/common.plist"
                    },
                    "Scale9Enable": true,
                    "Scale9OriginX": 50,
                    "Scale9Width": 108,
                    "Scale9Height": 34,
                    "AnchorPoint": {
                      "ScaleX": 0.5,
                      "ScaleY": 0.5
                    },
                    "Position": {
                      "X": 299.5,
                      "Y": 93.8362
                    },
                    "Scale": {
                      "ScaleX": 1.0,
                      "ScaleY": 1.0
                    },
                    "CColor": {},
                    "IconVisible": false,
                    "PositionPercentXEnabled": true,
                    "PrePosition": {
                      "X": 0.5,
                      "Y": 0.1847
                    },
                    "PreSize": {
                      "X": 0.4341,
                      "Y": 0.0689
                    },
                    "LeftMargin": 169.5,
                    "RightMargin": 169.5,
                    "TopMargin": 396.6638,
                    "BottomMargin": 76.3362,
                    "Tag": 238,
                    "Children": [
                      {
                        "IsCustomSize": true,
                        "FontSize": 17,
                        "LabelText": "{TXT_UI_YOKAIELIMINATE-SPECIAL-BAG_0}",
                        "FontResource": {
                          "Type": "Normal",
                          "Path": "font/ModeMinBStd.ttf",
                          "Plist": ""
                        },
                        "HorizontalAlignmentType": "HT_Right",
                        "OutlineSize": 2,
                        "OutlineColor": {
                          "R": 131,
                          "G": 25,
                          "B": 22
                        },
                        "OutlineEnabled": true,
                        "ShadowColor": {
                          "R": 110,
                          "G": 110,
                          "B": 110
                        },
                        "ShadowOffsetX": 2.0,
                        "ShadowOffsetY": -2.0,
                        "AnchorPoint": {
                          "ScaleX": 1.0,
                          "ScaleY": 0.5
                        },
                        "Position": {
                          "X": 111.488,
                          "Y": 17.4475
                        },
                        "Scale": {
                          "ScaleX": 1.0,
                          "ScaleY": 1.0
                        },
                        "CColor": {},
                        "IconVisible": false,
                        "PositionPercentXEnabled": true,
                        "PositionPercentYEnabled": true,
                        "PrePosition": {
                          "X": 0.4288,
                          "Y": 0.4985
                        },
                        "PreSize": {
                          "X": 0.3846,
                          "Y": 0.6857
                        },
                        "LeftMargin": 11.488,
                        "RightMargin": 148.512,
                        "TopMargin": 5.5525,
                        "BottomMargin": 5.4475,
                        "Tag": 241,
                        "ActionTag": 735084261,
                        "Size": {
                          "X": 100.0,
                          "Y": 24.0
                        },
                        "Name": "Text_21",
                        "ctype": "TextObjectData"
                      },
                      {
                        "IsCustomSize": true,
                        "FontSize": 17,
                        "LabelText": "",
                        "FontResource": {
                          "Type": "Normal",
                          "Path": "font/ModeMinBStd.ttf",
                          "Plist": ""
                        },
                        "HorizontalAlignmentType": "HT_Center",
                        "OutlineSize": 2,
                        "OutlineColor": {
                          "R": 131,
                          "G": 25,
                          "B": 22
                        },
                        "OutlineEnabled": true,
                        "ShadowColor": {
                          "R": 110,
                          "G": 110,
                          "B": 110
                        },
                        "ShadowOffsetX": 2.0,
                        "ShadowOffsetY": -2.0,
                        "AnchorPoint": {
                          "ScaleY": 0.5
                        },
                        "Position": {
                          "X": 115.544,
                          "Y": 18.8965
                        },
                        "Scale": {
                          "ScaleX": 1.0,
                          "ScaleY": 1.0
                        },
                        "CColor": {},
                        "IconVisible": false,
                        "PositionPercentXEnabled": true,
                        "PositionPercentYEnabled": true,
                        "PrePosition": {
                          "X": 0.4444,
                          "Y": 0.5399
                        },
                        "PreSize": {
                          "X": 0.5385,
                          "Y": 0.5714
                        },
                        "LeftMargin": 115.544,
                        "RightMargin": 4.456,
                        "TopMargin": 6.1035,
                        "BottomMargin": 8.8965,
                        "Tag": 239,
                        "ActionTag": 734751546,
                        "Size": {
                          "X": 140.0,
                          "Y": 20.0
                        },
                        "Name": "txt_date",
                        "ctype": "TextObjectData"
                      }
                    ],
                    "ActionTag": -79718339,
                    "Size": {
                      "X": 260.0,
                      "Y": 35.0
                    },
                    "Name": "img_time_bg",
                    "ctype": "ImageViewObjectData"
                  },
                  {
                    "FontSize": 20,
                    "ButtonText": "",
                    "TextColor": {
                      "R": 0,
                      "G": 0,
                      "B": 0
                    },
                    "NormalFileData": {
                      "Type": "MarkedSubImage",
                      "Path": "pic/button/button_close.png",
                      "Plist": "pic/button/common_btn_atlas.plist"
                    },
                    "Scale9Enable": true,
                    "Scale9OriginX": 15,
                    "Scale9OriginY": 11,
                    "Scale9Width": 52,
                    "Scale9Height": 60,
                    "OutlineColor": {
                      "G": 0,
                      "B": 0
                    },
                    "ShadowColor": {
                      "R": 110,
                      "G": 110,
                      "B": 110
                    },
                    "ShadowOffsetX": 2.0,
                    "ShadowOffsetY": -2.0,
                    "TouchEnable": true,
                    "AnchorPoint": {
                      "ScaleX": 0.5,
                      "ScaleY": 0.5
                    },
                    "Position": {
                      "X": 550.6308,
                      "Y": 472.9991
                    },
                    "Scale": {
                      "ScaleX": 1.0,
                      "ScaleY": 1.0
                    },
                    "CColor": {},
                    "IconVisible": false,
                    "PrePosition": {
                      "X": 0.9193,
                      "Y": 0.9311
                    },
                    "PreSize": {
                      "X": 0.1336,
                      "Y": 0.1575
                    },
                    "LeftMargin": 510.6308,
                    "RightMargin": 8.3692,
                    "TopMargin": -4.999,
                    "BottomMargin": 432.9991,
                    "Tag": 1546,
                    "ActionTag": -1719747449,
                    "Size": {
                      "X": 80.0,
                      "Y": 80.0
                    },
                    "VisibleForFrame": false,
                    "Name": "btn_closeview",
                    "ctype": "ButtonObjectData"
                  },
                  {
                    "FontSize": 14,
                    "ButtonText": "",
                    "TextColor": {},
                    "NormalFileData": {
                      "Type": "MarkedSubImage",
                      "Path": "common/common_newbtn4.png",
                      "Plist": "common/common.plist"
                    },
                    "Scale9OriginX": 64,
                    "Scale9OriginY": 27,
                    "Scale9Width": 100,
                    "Scale9Height": 29,
                    "OutlineColor": {
                      "R": 0,
                      "G": 0,
                      "B": 0
                    },
                    "ShadowColor": {
                      "R": 0,
                      "G": 0,
                      "B": 0
                    },
                    "ShadowOffsetX": 2.0,
                    "ShadowOffsetY": -2.0,
                    "TouchEnable": true,
                    "AnchorPoint": {
                      "ScaleX": 0.5,
                      "ScaleY": 0.5
                    },
                    "Position": {
                      "X": 299.5,
                      "Y": 36.216
                    },
                    "Scale": {
                      "ScaleX": 1.0,
                      "ScaleY": 1.0
                    },
                    "CColor": {},
                    "IconVisible": false,
                    "PrePosition": {
                      "X": 0.5,
                      "Y": 0.0713
                    },
                    "PreSize": {
                      "X": 0.3806,
                      "Y": 0.1634
                    },
                    "LeftMargin": 185.5,
                    "RightMargin": 185.5,
                    "TopMargin": 430.284,
                    "BottomMargin": -5.284,
                    "Tag": 1563,
                    "Children": [
                      {
                        "IsCustomSize": true,
                        "FontSize": 26,
                        "LabelText": "",
                        "FontResource": {
                          "Type": "Normal",
                          "Path": "font/ModeMinBStd.ttf",
                          "Plist": ""
                        },
                        "HorizontalAlignmentType": "HT_Center",
                        "OutlineSize": 2,
                        "OutlineColor": {
                          "R": 43,
                          "G": 68,
                          "B": 110
                        },
                        "OutlineEnabled": true,
                        "ShadowColor": {
                          "R": 110,
                          "G": 110,
                          "B": 110
                        },
                        "ShadowOffsetX": 2.0,
                        "ShadowOffsetY": -2.0,
                        "AnchorPoint": {
                          "ScaleX": 0.5,
                          "ScaleY": 0.5
                        },
                        "Position": {
                          "X": 114.0,
                          "Y": 42.43
                        },
                        "Scale": {
                          "ScaleX": 1.0,
                          "ScaleY": 1.0
                        },
                        "CColor": {},
                        "IconVisible": false,
                        "PositionPercentXEnabled": true,
                        "PrePosition": {
                          "X": 0.5,
                          "Y": 0.5112
                        },
                        "PreSize": {
                          "X": 0.7895,
                          "Y": 0.4096
                        },
                        "LeftMargin": 24.0,
                        "RightMargin": 24.0,
                        "TopMargin": 23.57,
                        "BottomMargin": 25.43,
                        "Tag": 1564,
                        "ActionTag": -994093458,
                        "Size": {
                          "X": 180.0,
                          "Y": 34.0
                        },
                        "Name": "txt_price",
                        "ctype": "TextObjectData"
                      }
                    ],
                    "ActionTag": 67249739,
                    "Size": {
                      "X": 228.0,
                      "Y": 83.0
                    },
                    "Name": "btn_buy",
                    "ctype": "ButtonObjectData"
                  },
                  {
                    "IsCustomSize": true,
                    "FontSize": 20,
                    "LabelText": "{TXT_UI_YOKAIBUBBLE-SPECIAL-BAG_2}",
                    "FontResource": {
                      "Type": "Normal",
                      "Path": "font/ModeMinBStd.ttf",
                      "Plist": ""
                    },
                    "HorizontalAlignmentType": "HT_Center",
                    "OutlineSize": 2,
                    "OutlineColor": {
                      "R": 109,
                      "G": 0,
                      "B": 0
                    },
                    "ShadowColor": {
                      "R": 110,
                      "G": 110,
                      "B": 110
                    },
                    "ShadowOffsetX": 2.0,
                    "ShadowOffsetY": -2.0,
                    "AnchorPoint": {
                      "ScaleX": 0.5,
                      "ScaleY": 0.5
                    },
                    "Position": {
                      "X": 299.9723,
                      "Y": 388.7175
                    },
                    "Scale": {
                      "ScaleX": 1.0,
                      "ScaleY": 1.0
                    },
                    "CColor": {},
                    "IconVisible": false,
                    "PrePosition": {
                      "X": 0.5008,
                      "Y": 0.7652
                    },
                    "PreSize": {
                      "X": 0.4674,
                      "Y": 0.0472
                    },
                    "LeftMargin": 159.9723,
                    "RightMargin": 159.0277,
                    "TopMargin": 107.2825,
                    "BottomMargin": 376.7175,
                    "Tag": 222,
                    "ActionTag": -1540535041,
                    "Size": {
                      "X": 280.0,
                      "Y": 24.0
                    },
                    "Name": "Text_101_0",
                    "ctype": "TextObjectData"
                  },
                  {
                    "FileData": {
                      "Type": "Default",
                      "Path": "Default/ImageFile.png",
                      "Plist": ""
                    },
                    "Scale9OriginX": 15,
                    "Scale9OriginY": 21,
                    "Scale9Width": 16,
                    "Scale9Height": 4,
                    "AnchorPoint": {
                      "ScaleX": 0.5,
                      "ScaleY": 0.5
                    },
                    "Position": {
                      "X": 299.3039,
                      "Y": 427.9905
                    },
                    "Scale": {
                      "ScaleX": 1.0,
                      "ScaleY": 1.0
                    },
                    "CColor": {},
                    "IconVisible": false,
                    "PrePosition": {
                      "X": 0.4997,
                      "Y": 0.8425
                    },
                    "PreSize": {
                      "X": 0.3973,
                      "Y": 0.128
                    },
                    "LeftMargin": 180.3039,
                    "RightMargin": 180.6961,
                    "TopMargin": 47.5095,
                    "BottomMargin": 395.4905,
                    "Tag": 223,
                    "ActionTag": 1554782253,
                    "Size": {
                      "X": 238.0,
                      "Y": 65.0
                    },
                    "Name": "img_bagtitle",
                    "ctype": "ImageViewObjectData"
                  }
                ],
                "ActionTag": -915406553,
                "Size": {
                  "X": 599.0,
                  "Y": 508.0
                },
                "Name": "img_bagbg",
                "ctype": "ImageViewObjectData"
              }
            ],
            "ActionTag": 444549077,
            "Size": {
              "X": 632.0,
              "Y": 522.0
            },
            "Name": "ItemSpecialBag",
            "ctype": "PanelObjectData"
          },
          {
            "FileData": {
              "Type": "MarkedSubImage",
              "Path": "common/icon_point_normal.png",
              "Plist": "common/common.plist"
            },
            "Scale9OriginX": 5,
            "Scale9OriginY": 6,
            "Scale9Width": 8,
            "Scale9Height": 7,
            "AnchorPoint": {
              "ScaleX": 0.5252,
              "ScaleY": 0.6671
            },
            "Position": {
              "X": -287.5958,
              "Y": 137.2799
            },
            "Scale": {
              "ScaleX": 1.0,
              "ScaleY": 1.0
            },
            "CColor": {},
            "IconVisible": false,
            "PrePosition": {
              "X": -0.4494,
              "Y": 0.1208
            },
            "PreSize": {
              "X": 0.0281,
              "Y": 0.0167
            },
            "LeftMargin": -297.0494,
            "RightMargin": 919.0494,
            "TopMargin": 992.395,
            "BottomMargin": 124.605,
            "Tag": 66,
            "ActionTag": -1351929916,
            "Size": {
              "X": 18.0,
              "Y": 19.0
            },
            "Name": "prefab_pageview_point",
            "ctype": "ImageViewObjectData"
          },
          {
            "ClipAble": false,
            "BackColorAlpha": 191,
            "ComboBoxIndex": 1,
            "SingleColor": {
              "R": 0,
              "G": 0,
              "B": 0
            },
            "FirstColor": {
              "R": 150,
              "G": 200
            },
            "EndColor": {},
            "ColorVector": {
              "ScaleY": 1.0
            },
            "Scale9Width": 1,
            "Scale9Height": 1,
            "TouchEnable": true,
            "AnchorPoint": {},
            "Position": {
              "X": 0.0001,
              "Y": -3.0
            },
            "Scale": {
              "ScaleX": 1.0,
              "ScaleY": 1.0
            },
            "CColor": {},
            "IconVisible": false,
            "PrePosition": {
              "X": 0.0,
              "Y": -0.0026
            },
            "PreSize": {
              "X": 1.0,
              "Y": 1.0
            },
            "LeftMargin": 0.0001,
            "RightMargin": -0.0001,
            "TopMargin": 3.0,
            "BottomMargin": -3.0,
            "Tag": 728,
            "Children": [
              {
                "ClipAble": false,
                "BackColorAlpha": 102,
                "SingleColor": {
                  "R": 150,
                  "G": 200
                },
                "FirstColor": {
                  "R": 150,
                  "G": 200
                },
                "EndColor": {},
                "ColorVector": {
                  "ScaleY": 1.0
                },
                "Scale9Width": 1,
                "Scale9Height": 1,
                "TouchEnable": true,
                "AnchorPoint": {},
                "Position": {
                  "X": 0.0,
                  "Y": 0.0
                },
                "Scale": {
                  "ScaleX": 1.0,
                  "ScaleY": 1.0
                },
                "CColor": {},
                "IconVisible": false,
                "PrePosition": {
                  "X": 0.0,
                  "Y": 0.0
                },
                "PreSize": {
                  "X": 1.0,
                  "Y": 1.0
                },
                "Tag": 68,
                "Children": [
                  {
                    "ScrollDirectionType": 0,
                    "ClipAble": false,
                    "BackColorAlpha": 102,
                    "SingleColor": {
                      "R": 150,
                      "G": 150,
                      "B": 100
                    },
                    "FirstColor": {
                      "R": 150,
                      "G": 150,
                      "B": 100
                    },
                    "EndColor": {},
                    "ColorVector": {
                      "ScaleY": 1.0
                    },
                    "Scale9Width": 1,
                    "Scale9Height": 1,
                    "TouchEnable": true,
                    "AnchorPoint": {},
                    "Position": {
                      "X": 0.0,
                      "Y": 345.0004
                    },
                    "Scale": {
                      "ScaleX": 1.0,
                      "ScaleY": 1.0
                    },
                    "CColor": {},
                    "IconVisible": false,
                    "PrePosition": {
                      "X": 0.0,
                      "Y": 0.3037
                    },
                    "PreSize": {
                      "X": 1.0,
                      "Y": 0.4595
                    },
                    "TopMargin": 268.9996,
                    "BottomMargin": 345.0004,
                    "Tag": 55,
                    "ActionTag": 160529761,
                    "Size": {
                      "X": 640.0,
                      "Y": 522.0
                    },
                    "Name": "pageview_bag",
                    "ctype": "PageViewObjectData"
                  },
                  {
                    "ItemMargin": 10,
                    "VerticalType": "Align_VerticalCenter",
                    "ScrollDirectionType": 0,
                    "ClipAble": true,
                    "BackColorAlpha": 102,
                    "SingleColor": {
                      "R": 150,
                      "G": 150
                    },
                    "FirstColor": {
                      "R": 150,
                      "G": 150
                    },
                    "EndColor": {},
                    "ColorVector": {
                      "ScaleY": 1.0
                    },
                    "Scale9Width": 1,
                    "Scale9Height": 1,
                    "AnchorPoint": {
                      "ScaleX": 0.5
                    },
                    "Position": {
                      "X": 322.816,
                      "Y": 242.6081
                    },
                    "Scale": {
                      "ScaleX": 1.0,
                      "ScaleY": 1.0
                    },
                    "CColor": {},
                    "IconVisible": false,
                    "PositionPercentXEnabled": true,
                    "PrePosition": {
                      "X": 0.5044,
                      "Y": 0.2136
                    },
                    "PreSize": {
                      "X": 0.625,
                      "Y": 0.0264
                    },
                    "LeftMargin": 122.816,
                    "RightMargin": 117.184,
                    "TopMargin": 863.3919,
                    "BottomMargin": 242.6081,
                    "Tag": 65,
                    "ActionTag": 802613615,
                    "Size": {
                      "X": 400.0,
                      "Y": 30.0
                    },
                    "Name": "list_dots",
                    "ctype": "ListViewObjectData"
                  },
                  {
                    "FontSize": 24,
                    "ButtonText": "",
                    "TextColor": {
                      "R": 65,
                      "G": 65,
                      "B": 70
                    },
                    "NormalFileData": {
                      "Type": "MarkedSubImage",
                      "Path": "common/common_newbtn2.png",
                      "Plist": "common/common.plist"
                    },
                    "Scale9Enable": true,
                    "Scale9OriginX": 15,
                    "Scale9OriginY": 11,
                    "Scale9Width": 198,
                    "Scale9Height": 61,
                    "OutlineColor": {
                      "G": 0,
                      "B": 0
                    },
                    "ShadowColor": {
                      "R": 110,
                      "G": 110,
                      "B": 110
                    },
                    "ShadowOffsetX": 2.0,
                    "ShadowOffsetY": -2.0,
                    "TouchEnable": true,
                    "AnchorPoint": {
                      "ScaleX": 0.5,
                      "ScaleY": 0.5
                    },
                    "Position": {
                      "X": 322.1461,
                      "Y": 204.3786
                    },
                    "Scale": {
                      "ScaleX": 1.0,
                      "ScaleY": 1.0
                    },
                    "CColor": {},
                    "IconVisible": false,
                    "PrePosition": {
                      "X": 0.5034,
                      "Y": 0.1799
                    },
                    "PreSize": {
                      "X": 0.2734,
                      "Y": 0.0599
                    },
                    "LeftMargin": 234.6461,
                    "RightMargin": 230.3539,
                    "TopMargin": 897.6214,
                    "BottomMargin": 170.3786,
                    "Tag": 1290,
                    "Children": [
                      {
                        "IsCustomSize": true,
                        "FontSize": 22,
                        "LabelText": "{TXT_UI_YOKAIELIMINATE-SPECIAL-BAG_2}",
                        "FontResource": {
                          "Type": "Normal",
                          "Path": "font/ModeMinBStd.ttf",
                          "Plist": ""
                        },
                        "HorizontalAlignmentType": "HT_Center",
                        "OutlineSize": 2,
                        "OutlineColor": {
                          "R": 76,
                          "G": 83,
                          "B": 98
                        },
                        "OutlineEnabled": true,
                        "ShadowColor": {
                          "R": 110,
                          "G": 110,
                          "B": 110
                        },
                        "ShadowOffsetX": 2.0,
                        "ShadowOffsetY": -2.0,
                        "AnchorPoint": {
                          "ScaleX": 0.5,
                          "ScaleY": 0.5
                        },
                        "Position": {
                          "X": 88.06,
                          "Y": 30.6662
                        },
                        "Scale": {
                          "ScaleX": 1.0,
                          "ScaleY": 1.0
                        },
                        "CColor": {},
                        "IconVisible": false,
                        "PositionPercentXEnabled": true,
                        "PrePosition": {
                          "X": 0.5032,
                          "Y": 0.451
                        },
                        "PreSize": {
                          "X": 1.0343,
                          "Y": 0.5588
                        },
                        "LeftMargin": -2.44,
                        "RightMargin": -3.56,
                        "TopMargin": 18.3338,
                        "BottomMargin": 11.6662,
                        "Tag": 1291,
                        "ActionTag": 1934481850,
                        "Size": {
                          "X": 181.0,
                          "Y": 38.0
                        },
                        "Name": "txt",
                        "ctype": "TextObjectData"
                      }
                    ],
                    "ActionTag": 1657477086,
                    "Size": {
                      "X": 175.0,
                      "Y": 68.0
                    },
                    "Name": "btn_cancel",
                    "ctype": "ButtonObjectData"
                  },
                  {
                    "FontSize": 24,
                    "ButtonText": "",
                    "TextColor": {
                      "R": 65,
                      "G": 65,
                      "B": 70
                    },
                    "DisabledFileData": {
                      "Type": "MarkedSubImage",
                      "Path": "common_ui/seven_party_21.png",
                      "Plist": "common_ui/common_slider_atlas.plist"
                    },
                    "PressedFileData": {
                      "Type": "MarkedSubImage",
                      "Path": "common_ui/seven_party_21.png",
                      "Plist": "common_ui/common_slider_atlas.plist"
                    },
                    "NormalFileData": {
                      "Type": "MarkedSubImage",
                      "Path": "common_ui/seven_party_21.png",
                      "Plist": "common_ui/common_slider_atlas.plist"
                    },
                    "Scale9Enable": true,
                    "Scale9OriginX": 15,
                    "Scale9OriginY": 11,
                    "Scale9Width": 118,
                    "Scale9Height": 49,
                    "OutlineColor": {
                      "G": 0,
                      "B": 0
                    },
                    "ShadowColor": {
                      "R": 110,
                      "G": 110,
                      "B": 110
                    },
                    "ShadowOffsetX": 2.0,
                    "ShadowOffsetY": -2.0,
                    "TouchEnable": true,
                    "AnchorPoint": {
                      "ScaleX": 0.5,
                      "ScaleY": 0.5
                    },
                    "Position": {
                      "X": 171.9175,
                      "Y": 203.3055
                    },
                    "Scale": {
                      "ScaleX": 1.0,
                      "ScaleY": 1.0
                    },
                    "CColor": {},
                    "IconVisible": false,
                    "PrePosition": {
                      "X": 0.2686,
                      "Y": 0.179
                    },
                    "PreSize": {
                      "X": 0.2313,
                      "Y": 0.0625
                    },
                    "LeftMargin": 97.9175,
                    "RightMargin": 394.0825,
                    "TopMargin": 897.1945,
                    "BottomMargin": 167.8055,
                    "Tag": 1292,
                    "Children": [
                      {
                        "IsCustomSize": true,
                        "FontSize": 22,
                        "LabelText": "{TXT_UI_YOKAIELIMINATE-SPECIAL-BAG_1}",
                        "FontResource": {
                          "Type": "Normal",
                          "Path": "font/ModeMinBStd.ttf",
                          "Plist": ""
                        },
                        "HorizontalAlignmentType": "HT_Center",
                        "OutlineSize": 2,
                        "OutlineColor": {
                          "R": 137,
                          "G": 9,
                          "B": 25
                        },
                        "OutlineEnabled": true,
                        "ShadowColor": {
                          "R": 110,
                          "G": 110,
                          "B": 110
                        },
                        "ShadowOffsetX": 2.0,
                        "ShadowOffsetY": -2.0,
                        "AnchorPoint": {
                          "ScaleX": 0.5,
                          "ScaleY": 0.5
                        },
                        "Position": {
                          "X": 74.7828,
                          "Y": 35.4742
                        },
                        "Scale": {
                          "ScaleX": 1.0,
                          "ScaleY": 1.0
                        },
                        "CColor": {},
                        "IconVisible": false,
                        "PrePosition": {
                          "X": 0.5053,
                          "Y": 0.4996
                        },
                        "PreSize": {
                          "X": 1.1149,
                          "Y": 0.493
                        },
                        "LeftMargin": -7.7172,
                        "RightMargin": -9.2828,
                        "TopMargin": 18.0258,
                        "BottomMargin": 17.9742,
                        "Tag": 1293,
                        "ActionTag": 633956657,
                        "Size": {
                          "X": 165.0,
                          "Y": 35.0
                        },
                        "Name": "txt",
                        "ctype": "TextObjectData"
                      }
                    ],
                    "ActionTag": -1437083499,
                    "Size": {
                      "X": 148.0,
                      "Y": 71.0
                    },
                    "Name": "btn_pre",
                    "ctype": "ButtonObjectData"
                  },
                  {
                    "FontSize": 24,
                    "ButtonText": "",
                    "TextColor": {
                      "R": 65,
                      "G": 65,
                      "B": 70
                    },
                    "DisabledFileData": {
                      "Type": "MarkedSubImage",
                      "Path": "common_ui/seven_party_20.png",
                      "Plist": "common_ui/common_slider_atlas.plist"
                    },
                    "PressedFileData": {
                      "Type": "MarkedSubImage",
                      "Path": "common_ui/seven_party_20.png",
                      "Plist": "common_ui/common_slider_atlas.plist"
                    },
                    "NormalFileData": {
                      "Type": "MarkedSubImage",
                      "Path": "common_ui/seven_party_20.png",
                      "Plist": "common_ui/common_slider_atlas.plist"
                    },
                    "Scale9Enable": true,
                    "Scale9OriginX": 15,
                    "Scale9OriginY": 11,
                    "Scale9Width": 118,
                    "Scale9Height": 49,
                    "OutlineColor": {
                      "G": 0,
                      "B": 0
                    },
                    "ShadowColor": {
                      "R": 110,
                      "G": 110,
                      "B": 110
                    },
                    "ShadowOffsetX": 2.0,
                    "ShadowOffsetY": -2.0,
                    "TouchEnable": true,
                    "AnchorPoint": {
                      "ScaleX": 0.5,
                      "ScaleY": 0.5
                    },
                    "Position": {
                      "X": 468.6486,
                      "Y": 203.3027
                    },
                    "Scale": {
                      "ScaleX": 1.0,
                      "ScaleY": 1.0
                    },
                    "CColor": {},
                    "IconVisible": false,
                    "PrePosition": {
                      "X": 0.7323,
                      "Y": 0.179
                    },
                    "PreSize": {
                      "X": 0.2313,
                      "Y": 0.0625
                    },
                    "LeftMargin": 394.6486,
                    "RightMargin": 97.3514,
                    "TopMargin": 897.1973,
                    "BottomMargin": 167.8027,
                    "Tag": 1294,
                    "Children": [
                      {
                        "IsCustomSize": true,
                        "FontSize": 22,
                        "LabelText": "{TXT_UI_YOKAIELIMINATE-SPECIAL-BAG_3}",
                        "FontResource": {
                          "Type": "Normal",
                          "Path": "font/ModeMinBStd.ttf",
                          "Plist": ""
                        },
                        "HorizontalAlignmentType": "HT_Center",
                        "OutlineSize": 2,
                        "OutlineColor": {
                          "R": 137,
                          "G": 9,
                          "B": 25
                        },
                        "OutlineEnabled": true,
                        "ShadowColor": {
                          "R": 110,
                          "G": 110,
                          "B": 110
                        },
                        "ShadowOffsetX": 2.0,
                        "ShadowOffsetY": -2.0,
                        "AnchorPoint": {
                          "ScaleX": 0.5,
                          "ScaleY": 0.5
                        },
                        "Position": {
                          "X": 74.1795,
                          "Y": 35.47
                        },
                        "Scale": {
                          "ScaleX": 1.0,
                          "ScaleY": 1.0
                        },
                        "CColor": {},
                        "IconVisible": false,
                        "PrePosition": {
                          "X": 0.5012,
                          "Y": 0.4996
                        },
                        "PreSize": {
                          "X": 1.1149,
                          "Y": 0.493
                        },
                        "LeftMargin": -8.3205,
                        "RightMargin": -8.6795,
                        "TopMargin": 18.03,
                        "BottomMargin": 17.97,
                        "Tag": 1295,
                        "ActionTag": 1439030022,
                        "Size": {
                          "X": 165.0,
                          "Y": 35.0
                        },
                        "Name": "txt",
                        "ctype": "TextObjectData"
                      }
                    ],
                    "ActionTag": 1344425989,
                    "Size": {
                      "X": 148.0,
                      "Y": 71.0
                    },
                    "Name": "btn_next",
                    "ctype": "ButtonObjectData"
                  }
                ],
                "ActionTag": -2008930983,
                "Size": {
                  "X": 640.0,
                  "Y": 1136.0
                },
                "Name": "pnl_body",
                "ctype": "PanelObjectData"
              }
            ],
            "ActionTag": 818627958,
            "Size": {
              "X": 640.0,
              "Y": 1136.0
            },
            "Name": "Root",
            "ctype": "PanelObjectData"
          }
        ],
        "Size": {
          "X": 640.0,
          "Y": 1136.0
        },
        "Name": "Layer",
        "ctype": "LayerObjectData"
      },
      "UsedResources": [
        "common/common.plist",
        "common/common.png",
        "common_ui/common_slider_atlas.plist",
        "common_ui/common_slider_atlas.png",
        "Default/ImageFile.png",
        "font/ModeMinBStd.ttf",
        "pic/button/common_btn_atlas.plist",
        "pic/button/common_btn_atlas.png"
      ],
      "ctype": "GameFileData"
    }
  },
  "Type": "Layer"
}