{
  "ID": "605dc692-dc30-41f5-96f1-665dfa28a81d",
  "Version": "3.10.0.0",
  "Name": "yokaibubble-club-fund",
  "Content": {
    "Content": {
      "Animation": {
        "Duration": 0,
        "Speed": 0.3333,
        "ActivedAnimationName": "start",
        "Timelines": [],
        "ctype": "TimelineActionData"
      },
      "AnimationList": [
        {
          "StartIndex": 0,
          "EndIndex": 75,
          "Name": "start",
          "ctype": "AnimationInfoData"
        }
      ],
      "ObjectData": {
        "Tag": 68,
        "Children": [
          {
            "ClipAble": false,
            "BackColorAlpha": 191,
            "SingleColor": {
              "R": 0,
              "G": 0,
              "B": 0
            },
            "FirstColor": {
              "R": 150,
              "G": 200
            },
            "EndColor": {},
            "ColorVector": {
              "ScaleY": 1.0
            },
            "Scale9Enable": true,
            "Scale9OriginX": -40,
            "Scale9OriginY": -21,
            "Scale9Width": 80,
            "Scale9Height": 42,
            "TouchEnable": true,
            "AnchorPoint": {
              "ScaleY": 1.0
            },
            "Position": {
              "X": -565.6055,
              "Y": 718.5963
            },
            "Scale": {
              "ScaleX": 1.0,
              "ScaleY": 1.0
            },
            "CColor": {},
            "IconVisible": false,
            "PrePosition": {
              "X": -0.8838,
              "Y": 0.6326
            },
            "PreSize": {
              "X": 0.1328,
              "Y": 0.0748
            },
            "LeftMargin": -565.6055,
            "RightMargin": 1120.6055,
            "TopMargin": 417.4037,
            "BottomMargin": 633.5963,
            "Tag": 1141,
            "Children": [
              {
                "FileData": {
                  "Type": "Default",
                  "Path": "Default/ImageFile.png",
                  "Plist": ""
                },
                "Scale9OriginX": 17,
                "Scale9OriginY": 17,
                "Scale9Width": 12,
                "Scale9Height": 12,
                "AnchorPoint": {
                  "ScaleX": 0.5,
                  "ScaleY": 0.5
                },
                "Position": {
                  "X": 42.5,
                  "Y": 42.5
                },
                "Scale": {
                  "ScaleX": 0.9,
                  "ScaleY": 0.9
                },
                "CColor": {},
                "IconVisible": false,
                "PositionPercentXEnabled": true,
                "PositionPercentYEnabled": true,
                "PrePosition": {
                  "X": 0.5,
                  "Y": 0.5
                },
                "PreSize": {
                  "X": 1.0,
                  "Y": 1.0
                },
                "Tag": 1142,
                "Children": [
                  {
                    "FileData": {
                      "Type": "Default",
                      "Path": "Default/ImageFile.png",
                      "Plist": ""
                    },
                    "Scale9OriginX": 17,
                    "Scale9OriginY": 17,
                    "Scale9Width": 12,
                    "Scale9Height": 12,
                    "AnchorPoint": {
                      "ScaleX": 0.5,
                      "ScaleY": 0.5
                    },
                    "Position": {
                      "X": 42.5,
                      "Y": 42.5
                    },
                    "Scale": {
                      "ScaleX": 1.0,
                      "ScaleY": 1.0
                    },
                    "CColor": {},
                    "IconVisible": false,
                    "PositionPercentXEnabled": true,
                    "PositionPercentYEnabled": true,
                    "PrePosition": {
                      "X": 0.5,
                      "Y": 0.5
                    },
                    "PreSize": {
                      "X": 1.0,
                      "Y": 1.0
                    },
                    "Tag": 1143,
                    "ActionTag": 971913441,
                    "Size": {
                      "X": 85.0,
                      "Y": 85.0
                    },
                    "Name": "img_item",
                    "ctype": "ImageViewObjectData"
                  },
                  {
                    "IsCustomSize": true,
                    "FontSize": 19,
                    "LabelText": "",
                    "FontResource": {
                      "Type": "Normal",
                      "Path": "font/ModeMinBStd.ttf",
                      "Plist": ""
                    },
                    "HorizontalAlignmentType": "HT_Right",
                    "OutlineSize": 2,
                    "OutlineColor": {
                      "R": 103,
                      "G": 56,
                      "B": 31
                    },
                    "OutlineEnabled": true,
                    "ShadowColor": {
                      "R": 29,
                      "G": 16,
                      "B": 1
                    },
                    "ShadowOffsetX": 0.0,
                    "ShadowOffsetY": 0.0,
                    "AnchorPoint": {
                      "ScaleX": 1.0,
                      "ScaleY": 0.5
                    },
                    "Position": {
                      "X": 84.2554,
                      "Y": 14.1088
                    },
                    "Scale": {
                      "ScaleX": 1.0,
                      "ScaleY": 1.0
                    },
                    "CColor": {},
                    "IconVisible": false,
                    "PrePosition": {
                      "X": 0.9912,
                      "Y": 0.166
                    },
                    "PreSize": {
                      "X": 1.0,
                      "Y": 0.2706
                    },
                    "LeftMargin": -0.7446,
                    "RightMargin": 0.7446,
                    "TopMargin": 59.3912,
                    "BottomMargin": 2.6088,
                    "Tag": 1144,
                    "ActionTag": -406980427,
                    "Size": {
                      "X": 85.0,
                      "Y": 23.0
                    },
                    "Name": "txt_count",
                    "ctype": "TextObjectData"
                  },
                  {
                    "FileData": {
                      "Type": "MarkedSubImage",
                      "Path": "common/sui_R.png",
                      "Plist": "common/common.plist"
                    },
                    "Scale9OriginX": 15,
                    "Scale9OriginY": 15,
                    "Scale9Width": 1,
                    "Scale9Height": 1,
                    "AnchorPoint": {
                      "ScaleX": 0.5,
                      "ScaleY": 0.5
                    },
                    "Position": {
                      "X": 15.1308,
                      "Y": 15.9862
                    },
                    "Scale": {
                      "ScaleX": 1.0,
                      "ScaleY": 1.0
                    },
                    "CColor": {},
                    "IconVisible": false,
                    "PrePosition": {
                      "X": 0.178,
                      "Y": 0.1881
                    },
                    "PreSize": {
                      "X": 0.3176,
                      "Y": 0.3176
                    },
                    "LeftMargin": 1.6308,
                    "RightMargin": 56.3692,
                    "TopMargin": 55.5138,
                    "BottomMargin": 2.4862,
                    "Tag": 1145,
                    "ActionTag": -1581558506,
                    "Size": {
                      "X": 27.0,
                      "Y": 27.0
                    },
                    "VisibleForFrame": false,
                    "Name": "Image_isSuiPian",
                    "ctype": "ImageViewObjectData"
                  }
                ],
                "ActionTag": -1098664306,
                "Size": {
                  "X": 85.0,
                  "Y": 85.0
                },
                "Name": "img_box_bg",
                "ctype": "ImageViewObjectData"
              }
            ],
            "ActionTag": -1131329656,
            "Size": {
              "X": 85.0,
              "Y": 85.0
            },
            "Name": "prefab_item",
            "ctype": "PanelObjectData"
          },
          {
            "FileData": {
              "Type": "MarkedSubImage",
              "Path": "common_ui/DailyRegist_Img5.png",
              "Plist": "common_ui/common_slider_atlas.plist"
            },
            "Scale9Enable": true,
            "Scale9OriginX": 83,
            "Scale9OriginY": 35,
            "Scale9Width": 86,
            "Scale9Height": 37,
            "AnchorPoint": {
              "ScaleX": 0.5,
              "ScaleY": 0.5
            },
            "Position": {
              "X": -538.8181,
              "Y": 482.5308
            },
            "Scale": {
              "ScaleX": 1.0,
              "ScaleY": 1.0
            },
            "CColor": {},
            "IconVisible": false,
            "PrePosition": {
              "X": -0.8419,
              "Y": 0.4248
            },
            "PreSize": {
              "X": 0.7813,
              "Y": 0.1373
            },
            "LeftMargin": -788.8181,
            "RightMargin": 928.8181,
            "TopMargin": 575.4692,
            "BottomMargin": 404.5308,
            "Tag": 877,
            "Children": [
              {
                "FileData": {
                  "Type": "MarkedSubImage",
                  "Path": "pic/equip/equip_Img7.png",
                  "Plist": "pic/equip/equip.plist"
                },
                "Scale9Enable": true,
                "Scale9OriginX": 17,
                "Scale9OriginY": 7,
                "Scale9Width": 20,
                "Scale9Height": 10,
                "AnchorPoint": {
                  "ScaleX": 0.5,
                  "ScaleY": 0.5
                },
                "Position": {
                  "X": 431.7565,
                  "Y": 99.7331
                },
                "Scale": {
                  "ScaleX": 1.0,
                  "ScaleY": 1.0
                },
                "CColor": {},
                "IconVisible": false,
                "PrePosition": {
                  "X": 0.8635,
                  "Y": 0.6393
                },
                "PreSize": {
                  "X": 0.2,
                  "Y": 0.1923
                },
                "LeftMargin": 381.7565,
                "RightMargin": 18.2435,
                "TopMargin": 41.2669,
                "BottomMargin": 84.7331,
                "Tag": 1003,
                "Children": [
                  {
                    "IsCustomSize": true,
                    "FontSize": 20,
                    "LabelText": "",
                    "FontResource": {
                      "Type": "Normal",
                      "Path": "font/ModeMinBStd.ttf",
                      "Plist": ""
                    },
                    "HorizontalAlignmentType": "HT_Center",
                    "OutlineColor": {
                      "G": 0,
                      "B": 0
                    },
                    "ShadowColor": {
                      "R": 110,
                      "G": 110,
                      "B": 110
                    },
                    "ShadowOffsetX": 2.0,
                    "ShadowOffsetY": -2.0,
                    "AnchorPoint": {
                      "ScaleX": 0.5,
                      "ScaleY": 0.5
                    },
                    "Position": {
                      "X": 48.926,
                      "Y": 14.775
                    },
                    "Scale": {
                      "ScaleX": 1.0,
                      "ScaleY": 1.0
                    },
                    "CColor": {},
                    "IconVisible": false,
                    "PrePosition": {
                      "X": 0.4893,
                      "Y": 0.4925
                    },
                    "PreSize": {
                      "X": 0.8,
                      "Y": 0.7333
                    },
                    "LeftMargin": 8.926,
                    "RightMargin": 11.074,
                    "TopMargin": 4.225,
                    "BottomMargin": 3.775,
                    "Tag": 1004,
                    "ActionTag": -509421551,
                    "Size": {
                      "X": 80.0,
                      "Y": 22.0
                    },
                    "Name": "txt_percent",
                    "ctype": "TextObjectData"
                  }
                ],
                "ActionTag": 82545223,
                "Size": {
                  "X": 100.0,
                  "Y": 30.0
                },
                "Name": "Image_94",
                "ctype": "ImageViewObjectData"
              },
              {
                "FileData": {
                  "Type": "MarkedSubImage",
                  "Path": "pic/equip/equip_Img1.png",
                  "Plist": "pic/equip/equip.plist"
                },
                "Scale9Enable": true,
                "Scale9OriginX": 9,
                "Scale9OriginY": 9,
                "Scale9Width": 10,
                "Scale9Height": 10,
                "AnchorPoint": {
                  "ScaleX": 0.5,
                  "ScaleY": 0.5
                },
                "Position": {
                  "X": 192.4161,
                  "Y": 70.496
                },
                "Scale": {
                  "ScaleX": 1.0,
                  "ScaleY": 1.0
                },
                "CColor": {},
                "IconVisible": false,
                "PrePosition": {
                  "X": 0.3848,
                  "Y": 0.4519
                },
                "PreSize": {
                  "X": 0.7,
                  "Y": 0.5769
                },
                "LeftMargin": 17.4161,
                "RightMargin": 132.5839,
                "TopMargin": 40.504,
                "BottomMargin": 25.496,
                "Tag": 1001,
                "ActionTag": 1905168846,
                "Size": {
                  "X": 350.0,
                  "Y": 90.0
                },
                "Name": "img_listbg",
                "ctype": "ImageViewObjectData"
              },
              {
                "ItemMargin": 3,
                "VerticalType": "Align_VerticalCenter",
                "ScrollDirectionType": 0,
                "ClipAble": true,
                "BackColorAlpha": 102,
                "SingleColor": {
                  "R": 150,
                  "G": 150
                },
                "FirstColor": {
                  "R": 150,
                  "G": 150
                },
                "EndColor": {},
                "ColorVector": {
                  "ScaleY": 1.0
                },
                "Scale9Width": 1,
                "Scale9Height": 1,
                "TouchEnable": true,
                "AnchorPoint": {},
                "Position": {
                  "X": 24.0147,
                  "Y": 25.5586
                },
                "Scale": {
                  "ScaleX": 1.0,
                  "ScaleY": 1.0
                },
                "CColor": {},
                "IconVisible": false,
                "PrePosition": {
                  "X": 0.048,
                  "Y": 0.1638
                },
                "PreSize": {
                  "X": 0.68,
                  "Y": 0.5769
                },
                "LeftMargin": 24.0147,
                "RightMargin": 135.9853,
                "TopMargin": 40.4414,
                "BottomMargin": 25.5586,
                "Tag": 1000,
                "ActionTag": -623229431,
                "Size": {
                  "X": 340.0,
                  "Y": 90.0
                },
                "Name": "list_item",
                "ctype": "ListViewObjectData"
              },
              {
                "IsCustomSize": true,
                "FontSize": 16,
                "LabelText": "{TXT_UI_YOKAIBUBBLE-CLUB-FUND_5}",
                "FontResource": {
                  "Type": "Normal",
                  "Path": "font/ModeMinBStd.ttf",
                  "Plist": ""
                },
                "OutlineSize": 2,
                "OutlineColor": {
                  "R": 109,
                  "G": 0,
                  "B": 0
                },
                "OutlineEnabled": true,
                "ShadowColor": {
                  "R": 110,
                  "G": 110,
                  "B": 110
                },
                "ShadowOffsetX": 2.0,
                "ShadowOffsetY": -2.0,
                "AnchorPoint": {
                  "ScaleY": 0.5
                },
                "Position": {
                  "X": 15.0001,
                  "Y": 131.6507
                },
                "Scale": {
                  "ScaleX": 1.0,
                  "ScaleY": 1.0
                },
                "CColor": {},
                "IconVisible": false,
                "PrePosition": {
                  "X": 0.03,
                  "Y": 0.8439
                },
                "PreSize": {
                  "X": 0.94,
                  "Y": 0.1538
                },
                "LeftMargin": 15.0001,
                "RightMargin": 14.9999,
                "TopMargin": 12.3493,
                "BottomMargin": 119.6507,
                "Tag": 957,
                "ActionTag": 1712774262,
                "Size": {
                  "X": 470.0,
                  "Y": 24.0
                },
                "Name": "txt_desc",
                "ctype": "TextObjectData"
              },
              {
                "FontSize": 14,
                "ButtonText": "",
                "TextColor": {
                  "R": 65,
                  "G": 65,
                  "B": 70
                },
                "NormalFileData": {
                  "Type": "MarkedSubImage",
                  "Path": "common/common_btn_1.png",
                  "Plist": "common/common.plist"
                },
                "Scale9Enable": true,
                "Scale9OriginX": 15,
                "Scale9OriginY": 11,
                "Scale9Width": 93,
                "Scale9Height": 29,
                "OutlineColor": {
                  "G": 0,
                  "B": 0
                },
                "ShadowColor": {
                  "R": 110,
                  "G": 110,
                  "B": 110
                },
                "ShadowOffsetX": 2.0,
                "ShadowOffsetY": -2.0,
                "TouchEnable": true,
                "AnchorPoint": {
                  "ScaleX": 0.5,
                  "ScaleY": 0.5
                },
                "Position": {
                  "X": 430.0,
                  "Y": 45.0
                },
                "Scale": {
                  "ScaleX": 1.0,
                  "ScaleY": 1.0
                },
                "CColor": {},
                "IconVisible": false,
                "PrePosition": {
                  "X": 0.86,
                  "Y": 0.2885
                },
                "PreSize": {
                  "X": 0.22,
                  "Y": 0.3269
                },
                "LeftMargin": 375.0,
                "RightMargin": 15.0,
                "TopMargin": 85.5,
                "BottomMargin": 19.5,
                "Tag": 1084,
                "Children": [
                  {
                    "IsCustomSize": true,
                    "FontSize": 20,
                    "LabelText": "{TXT_UI_YOKAIBUBBLE-CLUB-FUND_6}",
                    "FontResource": {
                      "Type": "Normal",
                      "Path": "font/ModeMinBStd.ttf",
                      "Plist": ""
                    },
                    "HorizontalAlignmentType": "HT_Center",
                    "OutlineSize": 2,
                    "OutlineColor": {
                      "R": 109,
                      "G": 0,
                      "B": 0
                    },
                    "OutlineEnabled": true,
                    "ShadowColor": {
                      "R": 110,
                      "G": 110,
                      "B": 110
                    },
                    "ShadowOffsetX": 2.0,
                    "ShadowOffsetY": -2.0,
                    "AnchorPoint": {
                      "ScaleX": 0.5,
                      "ScaleY": 0.5
                    },
                    "Position": {
                      "X": 56.0134,
                      "Y": 29.361
                    },
                    "Scale": {
                      "ScaleX": 1.0,
                      "ScaleY": 1.0
                    },
                    "CColor": {},
                    "IconVisible": false,
                    "PrePosition": {
                      "X": 0.5092,
                      "Y": 0.5757
                    },
                    "PreSize": {
                      "X": 0.8182,
                      "Y": 0.4314
                    },
                    "LeftMargin": 11.0134,
                    "RightMargin": 8.9866,
                    "TopMargin": 10.639,
                    "BottomMargin": 18.361,
                    "Tag": 1086,
                    "ActionTag": 452428677,
                    "Size": {
                      "X": 90.0,
                      "Y": 22.0
                    },
                    "Name": "txt",
                    "ctype": "TextObjectData"
                  }
                ],
                "ActionTag": 772206179,
                "Size": {
                  "X": 110.0,
                  "Y": 51.0
                },
                "Name": "btn_get",
                "ctype": "ButtonObjectData"
              },
              {
                "FontSize": 14,
                "ButtonText": "",
                "TextColor": {
                  "R": 65,
                  "G": 65,
                  "B": 70
                },
                "NormalFileData": {
                  "Type": "MarkedSubImage",
                  "Path": "common/common_btn_2.png",
                  "Plist": "common/common.plist"
                },
                "Scale9Enable": true,
                "Scale9OriginX": 15,
                "Scale9OriginY": 11,
                "Scale9Width": 93,
                "Scale9Height": 29,
                "OutlineColor": {
                  "G": 0,
                  "B": 0
                },
                "ShadowColor": {
                  "R": 110,
                  "G": 110,
                  "B": 110
                },
                "ShadowOffsetX": 2.0,
                "ShadowOffsetY": -2.0,
                "TouchEnable": true,
                "AnchorPoint": {
                  "ScaleX": 0.5,
                  "ScaleY": 0.5
                },
                "Position": {
                  "X": 430.0,
                  "Y": 45.0
                },
                "Scale": {
                  "ScaleX": 1.0,
                  "ScaleY": 1.0
                },
                "CColor": {},
                "IconVisible": false,
                "PrePosition": {
                  "X": 0.86,
                  "Y": 0.2885
                },
                "PreSize": {
                  "X": 0.22,
                  "Y": 0.3269
                },
                "LeftMargin": 375.0,
                "RightMargin": 15.0,
                "TopMargin": 85.5,
                "BottomMargin": 19.5,
                "Tag": 1087,
                "Children": [
                  {
                    "IsCustomSize": true,
                    "FontSize": 20,
                    "LabelText": "{TXT_UI_YOKAIBUBBLE-CLUB-FUND_7}",
                    "FontResource": {
                      "Type": "Normal",
                      "Path": "font/ModeMinBStd.ttf",
                      "Plist": ""
                    },
                    "HorizontalAlignmentType": "HT_Center",
                    "OutlineSize": 2,
                    "OutlineColor": {
                      "R": 103,
                      "G": 56,
                      "B": 31
                    },
                    "OutlineEnabled": true,
                    "ShadowColor": {
                      "R": 110,
                      "G": 110,
                      "B": 110
                    },
                    "ShadowOffsetX": 2.0,
                    "ShadowOffsetY": -2.0,
                    "AnchorPoint": {
                      "ScaleX": 0.5,
                      "ScaleY": 0.5
                    },
                    "Position": {
                      "X": 56.0134,
                      "Y": 29.361
                    },
                    "Scale": {
                      "ScaleX": 1.0,
                      "ScaleY": 1.0
                    },
                    "CColor": {},
                    "IconVisible": false,
                    "PrePosition": {
                      "X": 0.5092,
                      "Y": 0.5757
                    },
                    "PreSize": {
                      "X": 0.8182,
                      "Y": 0.4314
                    },
                    "LeftMargin": 11.0134,
                    "RightMargin": 8.9866,
                    "TopMargin": 10.639,
                    "BottomMargin": 18.361,
                    "Tag": 1088,
                    "ActionTag": -95198889,
                    "Size": {
                      "X": 90.0,
                      "Y": 22.0
                    },
                    "Name": "txt",
                    "ctype": "TextObjectData"
                  }
                ],
                "ActionTag": 467221016,
                "Size": {
                  "X": 110.0,
                  "Y": 51.0
                },
                "Name": "btn_charge",
                "ctype": "ButtonObjectData"
              },
              {
                "FileData": {
                  "Type": "MarkedSubImage",
                  "Path": "common/Dress_ImgRedP.png",
                  "Plist": "common/common.plist"
                },
                "Scale9OriginX": 6,
                "Scale9OriginY": 6,
                "Scale9Width": 26,
                "Scale9Height": 26,
                "AnchorPoint": {
                  "ScaleX": 0.5,
                  "ScaleY": 0.5
                },
                "Position": {
                  "X": 470.2633,
                  "Y": 131.512
                },
                "Scale": {
                  "ScaleX": 1.0,
                  "ScaleY": 1.0
                },
                "CColor": {},
                "IconVisible": false,
                "PrePosition": {
                  "X": 0.9405,
                  "Y": 0.843
                },
                "PreSize": {
                  "X": 0.076,
                  "Y": 0.2436
                },
                "LeftMargin": 451.2633,
                "RightMargin": 10.7367,
                "TopMargin": 5.488,
                "BottomMargin": 112.512,
                "Tag": 482,
                "ActionTag": 732176632,
                "Size": {
                  "X": 38.0,
                  "Y": 38.0
                },
                "Name": "img_red_point",
                "ctype": "ImageViewObjectData"
              }
            ],
            "ActionTag": 584487926,
            "Size": {
              "X": 500.0,
              "Y": 156.0
            },
            "Name": "ItemReward",
            "ctype": "ImageViewObjectData"
          },
          {
            "ClipAble": false,
            "BackColorAlpha": 191,
            "ComboBoxIndex": 1,
            "SingleColor": {
              "R": 0,
              "G": 0,
              "B": 0
            },
            "FirstColor": {
              "R": 150,
              "G": 200
            },
            "EndColor": {},
            "ColorVector": {
              "ScaleY": 1.0
            },
            "Scale9Width": 1,
            "Scale9Height": 1,
            "TouchEnable": true,
            "AnchorPoint": {},
            "Position": {
              "X": 0.0001,
              "Y": -3.0
            },
            "Scale": {
              "ScaleX": 1.0,
              "ScaleY": 1.0
            },
            "CColor": {},
            "IconVisible": false,
            "PrePosition": {
              "X": 0.0,
              "Y": -0.0026
            },
            "PreSize": {
              "X": 1.0,
              "Y": 1.0
            },
            "LeftMargin": 0.0001,
            "RightMargin": -0.0001,
            "TopMargin": 3.0,
            "BottomMargin": -3.0,
            "Tag": 728,
            "Children": [
              {
                "FileData": {
                  "Type": "MarkedSubImage",
                  "Path": "common_ui/icon_grade_star_up_sel_mark.png",
                  "Plist": "common_ui/common_panel_atlas.plist"
                },
                "Scale9Enable": true,
                "Scale9OriginX": 26,
                "Scale9OriginY": 24,
                "Scale9Width": 27,
                "Scale9Height": 26,
                "AnchorPoint": {
                  "ScaleX": 0.5,
                  "ScaleY": 1.0
                },
                "Position": {
                  "X": 320.0004,
                  "Y": 1001.0024
                },
                "Scale": {
                  "ScaleX": 1.0,
                  "ScaleY": 1.0
                },
                "CColor": {},
                "IconVisible": false,
                "PrePosition": {
                  "X": 0.5,
                  "Y": 0.8812
                },
                "PreSize": {
                  "X": 0.8625,
                  "Y": 0.75
                },
                "LeftMargin": 44.0004,
                "RightMargin": 43.9996,
                "TopMargin": 134.9976,
                "BottomMargin": 149.0024,
                "Tag": 1527,
                "Children": [
                  {
                    "FileData": {
                      "Type": "MarkedSubImage",
                      "Path": "common/icon_grade_props_bg.png",
                      "Plist": "common/common.plist"
                    },
                    "Scale9Enable": true,
                    "Scale9OriginX": 40,
                    "Scale9OriginY": 21,
                    "Scale9Width": 44,
                    "Scale9Height": 24,
                    "AnchorPoint": {
                      "ScaleX": 0.5,
                      "ScaleY": 1.0
                    },
                    "Position": {
                      "X": 276.0,
                      "Y": 808.96
                    },
                    "Scale": {
                      "ScaleX": 1.0,
                      "ScaleY": 1.0
                    },
                    "CColor": {},
                    "IconVisible": false,
                    "PrePosition": {
                      "X": 0.5,
                      "Y": 0.9495
                    },
                    "PreSize": {
                      "X": 0.9239,
                      "Y": 0.5986
                    },
                    "LeftMargin": 21.0,
                    "RightMargin": 21.0,
                    "TopMargin": 43.04,
                    "BottomMargin": 298.96,
                    "Tag": 1614,
                    "Children": [
                      {
                        "IsCustomSize": true,
                        "FontSize": 20,
                        "LabelText": "{TXT_UI_YOKAIBUBBLE-CLUB-FUND_1}",
                        "FontResource": {
                          "Type": "Normal",
                          "Path": "font/ModeMinBStd.ttf",
                          "Plist": ""
                        },
                        "HorizontalAlignmentType": "HT_Center",
                        "OutlineSize": 2,
                        "OutlineColor": {
                          "R": 109,
                          "G": 0,
                          "B": 0
                        },
                        "ShadowColor": {
                          "R": 110,
                          "G": 110,
                          "B": 110
                        },
                        "ShadowOffsetX": 2.0,
                        "ShadowOffsetY": -2.0,
                        "AnchorPoint": {
                          "ScaleX": 0.5,
                          "ScaleY": 0.5
                        },
                        "Position": {
                          "X": 255.0,
                          "Y": 488.3918
                        },
                        "Scale": {
                          "ScaleX": 1.0,
                          "ScaleY": 1.0
                        },
                        "CColor": {},
                        "IconVisible": false,
                        "PrePosition": {
                          "X": 0.5,
                          "Y": 0.9576
                        },
                        "PreSize": {
                          "X": 0.3137,
                          "Y": 0.0471
                        },
                        "LeftMargin": 175.0,
                        "RightMargin": 175.0,
                        "TopMargin": 9.6082,
                        "BottomMargin": 476.3918,
                        "Tag": 2002,
                        "ActionTag": 1170709596,
                        "Size": {
                          "X": 160.0,
                          "Y": 24.0
                        },
                        "Name": "Text_101",
                        "ctype": "TextObjectData"
                      },
                      {
                        "FileData": {
                          "Type": "MarkedSubImage",
                          "Path": "pic/battle/Battle_Img11.png",
                          "Plist": "pic/battle/BattlePlist.plist"
                        },
                        "Scale9Enable": true,
                        "Scale9OriginX": 10,
                        "Scale9OriginY": 3,
                        "Scale9Width": 22,
                        "Scale9Height": 4,
                        "AnchorPoint": {
                          "ScaleX": 0.5,
                          "ScaleY": 0.5
                        },
                        "Position": {
                          "X": 108.3969,
                          "Y": 491.4995
                        },
                        "Scale": {
                          "ScaleX": 1.0,
                          "ScaleY": 1.0
                        },
                        "CColor": {},
                        "IconVisible": false,
                        "PrePosition": {
                          "X": 0.2125,
                          "Y": 0.9637
                        },
                        "PreSize": {
                          "X": 0.1961,
                          "Y": 0.0196
                        },
                        "LeftMargin": 58.3969,
                        "RightMargin": 351.6031,
                        "TopMargin": 13.5005,
                        "BottomMargin": 486.4995,
                        "Tag": 867,
                        "ActionTag": 774084471,
                        "Size": {
                          "X": 100.0,
                          "Y": 10.0
                        },
                        "Name": "Image_28",
                        "ctype": "ImageViewObjectData"
                      },
                      {
                        "FileData": {
                          "Type": "MarkedSubImage",
                          "Path": "pic/battle/Battle_Img11.png",
                          "Plist": "pic/battle/BattlePlist.plist"
                        },
                        "Scale9Enable": true,
                        "Scale9OriginX": 10,
                        "Scale9OriginY": 3,
                        "Scale9Width": 22,
                        "Scale9Height": 4,
                        "AnchorPoint": {
                          "ScaleX": 0.5,
                          "ScaleY": 0.5
                        },
                        "Position": {
                          "X": 398.9493,
                          "Y": 490.7876
                        },
                        "Scale": {
                          "ScaleX": -1.0,
                          "ScaleY": 1.0
                        },
                        "CColor": {},
                        "IconVisible": false,
                        "PrePosition": {
                          "X": 0.7823,
                          "Y": 0.9623
                        },
                        "PreSize": {
                          "X": 0.1961,
                          "Y": 0.0196
                        },
                        "LeftMargin": 348.9493,
                        "RightMargin": 61.0507,
                        "TopMargin": 14.2124,
                        "BottomMargin": 485.7876,
                        "Tag": 868,
                        "ActionTag": -615422595,
                        "Size": {
                          "X": 100.0,
                          "Y": 10.0
                        },
                        "Name": "Image_28_0",
                        "ctype": "ImageViewObjectData"
                      },
                      {
                        "ItemMargin": -10,
                        "DirectionType": "Vertical",
                        "HorizontalType": "Align_HorizontalCenter",
                        "ScrollDirectionType": 0,
                        "ClipAble": true,
                        "BackColorAlpha": 102,
                        "SingleColor": {
                          "R": 150,
                          "G": 150
                        },
                        "FirstColor": {
                          "R": 150,
                          "G": 150
                        },
                        "EndColor": {},
                        "ColorVector": {
                          "ScaleY": 1.0
                        },
                        "Scale9Width": 1,
                        "Scale9Height": 1,
                        "TouchEnable": true,
                        "AnchorPoint": {},
                        "Position": {
                          "X": 0.0,
                          "Y": 37.0
                        },
                        "Scale": {
                          "ScaleX": 1.0,
                          "ScaleY": 1.0
                        },
                        "CColor": {},
                        "IconVisible": false,
                        "PrePosition": {
                          "X": 0.0,
                          "Y": 0.0725
                        },
                        "PreSize": {
                          "X": 1.0,
                          "Y": 0.8529
                        },
                        "TopMargin": 38.0,
                        "BottomMargin": 37.0,
                        "Tag": 1140,
                        "ActionTag": -1264031858,
                        "Size": {
                          "X": 510.0,
                          "Y": 435.0
                        },
                        "Name": "list_reward",
                        "ctype": "ListViewObjectData"
                      }
                    ],
                    "ActionTag": 1227993329,
                    "Size": {
                      "X": 510.0,
                      "Y": 510.0
                    },
                    "Name": "Image_47",
                    "ctype": "ImageViewObjectData"
                  },
                  {
                    "FileData": {
                      "Type": "MarkedSubImage",
                      "Path": "common/icon_grade_props_bg.png",
                      "Plist": "common/common.plist"
                    },
                    "Scale9Enable": true,
                    "Scale9OriginX": 40,
                    "Scale9OriginY": 21,
                    "Scale9Width": 44,
                    "Scale9Height": 24,
                    "AnchorPoint": {
                      "ScaleX": 0.5,
                      "ScaleY": 1.0
                    },
                    "Position": {
                      "X": 273.8179,
                      "Y": 297.4051
                    },
                    "Scale": {
                      "ScaleX": 1.0,
                      "ScaleY": 1.0
                    },
                    "CColor": {},
                    "IconVisible": false,
                    "PrePosition": {
                      "X": 0.496,
                      "Y": 0.3491
                    },
                    "PreSize": {
                      "X": 0.9239,
                      "Y": 0.1819
                    },
                    "LeftMargin": 18.8179,
                    "RightMargin": 23.1821,
                    "TopMargin": 554.5949,
                    "BottomMargin": 142.4051,
                    "Tag": 871,
                    "Children": [
                      {
                        "IsCustomSize": true,
                        "FontSize": 20,
                        "LabelText": "{TXT_UI_YOKAIBUBBLE-CLUB-FUND_3}",
                        "FontResource": {
                          "Type": "Normal",
                          "Path": "font/ModeMinBStd.ttf",
                          "Plist": ""
                        },
                        "HorizontalAlignmentType": "HT_Center",
                        "OutlineSize": 2,
                        "OutlineColor": {
                          "R": 109,
                          "G": 0,
                          "B": 0
                        },
                        "ShadowColor": {
                          "R": 110,
                          "G": 110,
                          "B": 110
                        },
                        "ShadowOffsetX": 2.0,
                        "ShadowOffsetY": -2.0,
                        "AnchorPoint": {
                          "ScaleX": 0.5,
                          "ScaleY": 0.5
                        },
                        "Position": {
                          "X": 255.0001,
                          "Y": 127.9995
                        },
                        "Scale": {
                          "ScaleX": 1.0,
                          "ScaleY": 1.0
                        },
                        "CColor": {},
                        "IconVisible": false,
                        "PrePosition": {
                          "X": 0.5,
                          "Y": 0.8258
                        },
                        "PreSize": {
                          "X": 0.3137,
                          "Y": 0.1548
                        },
                        "LeftMargin": 175.0001,
                        "RightMargin": 174.9999,
                        "TopMargin": 15.0005,
                        "BottomMargin": 115.9995,
                        "Tag": 872,
                        "ActionTag": 1735060171,
                        "Size": {
                          "X": 160.0,
                          "Y": 24.0
                        },
                        "Name": "Text_101",
                        "ctype": "TextObjectData"
                      },
                      {
                        "FileData": {
                          "Type": "MarkedSubImage",
                          "Path": "pic/battle/Battle_Img11.png",
                          "Plist": "pic/battle/BattlePlist.plist"
                        },
                        "Scale9Enable": true,
                        "Scale9OriginX": 10,
                        "Scale9OriginY": 3,
                        "Scale9Width": 22,
                        "Scale9Height": 4,
                        "AnchorPoint": {
                          "ScaleX": 0.5,
                          "ScaleY": 0.5
                        },
                        "Position": {
                          "X": 113.3969,
                          "Y": 129.9994
                        },
                        "Scale": {
                          "ScaleX": 1.0,
                          "ScaleY": 1.0
                        },
                        "CColor": {},
                        "IconVisible": false,
                        "PrePosition": {
                          "X": 0.2223,
                          "Y": 0.8387
                        },
                        "PreSize": {
                          "X": 0.1961,
                          "Y": 0.0645
                        },
                        "LeftMargin": 63.3969,
                        "RightMargin": 346.6031,
                        "TopMargin": 20.0006,
                        "BottomMargin": 124.9994,
                        "Tag": 873,
                        "ActionTag": -1929512982,
                        "Size": {
                          "X": 100.0,
                          "Y": 10.0
                        },
                        "Name": "Image_28",
                        "ctype": "ImageViewObjectData"
                      },
                      {
                        "FileData": {
                          "Type": "MarkedSubImage",
                          "Path": "pic/battle/Battle_Img11.png",
                          "Plist": "pic/battle/BattlePlist.plist"
                        },
                        "Scale9Enable": true,
                        "Scale9OriginX": 10,
                        "Scale9OriginY": 3,
                        "Scale9Width": 22,
                        "Scale9Height": 4,
                        "AnchorPoint": {
                          "ScaleX": 0.5,
                          "ScaleY": 0.5
                        },
                        "Position": {
                          "X": 398.9494,
                          "Y": 129.9994
                        },
                        "Scale": {
                          "ScaleX": -1.0,
                          "ScaleY": 1.0
                        },
                        "CColor": {},
                        "IconVisible": false,
                        "PrePosition": {
                          "X": 0.7823,
                          "Y": 0.8387
                        },
                        "PreSize": {
                          "X": 0.1961,
                          "Y": 0.0645
                        },
                        "LeftMargin": 348.9494,
                        "RightMargin": 61.0506,
                        "TopMargin": 20.0006,
                        "BottomMargin": 124.9994,
                        "Tag": 874,
                        "ActionTag": -2075997584,
                        "Size": {
                          "X": 100.0,
                          "Y": 10.0
                        },
                        "Name": "Image_28_0",
                        "ctype": "ImageViewObjectData"
                      },
                      {
                        "IsCustomSize": true,
                        "FontSize": 20,
                        "LabelText": "",
                        "FontResource": {
                          "Type": "Normal",
                          "Path": "font/ModeMinBStd.ttf",
                          "Plist": ""
                        },
                        "OutlineSize": 2,
                        "OutlineColor": {
                          "R": 109,
                          "G": 0,
                          "B": 0
                        },
                        "OutlineEnabled": true,
                        "ShadowColor": {
                          "R": 110,
                          "G": 110,
                          "B": 110
                        },
                        "ShadowOffsetX": 2.0,
                        "ShadowOffsetY": -2.0,
                        "AnchorPoint": {
                          "ScaleX": 0.5,
                          "ScaleY": 0.5
                        },
                        "Position": {
                          "X": 256.7891,
                          "Y": 62.4535
                        },
                        "Scale": {
                          "ScaleX": 1.0,
                          "ScaleY": 1.0
                        },
                        "CColor": {},
                        "IconVisible": false,
                        "PrePosition": {
                          "X": 0.5035,
                          "Y": 0.4029
                        },
                        "PreSize": {
                          "X": 0.9216,
                          "Y": 0.5806
                        },
                        "LeftMargin": 21.7891,
                        "RightMargin": 18.2109,
                        "TopMargin": 47.5465,
                        "BottomMargin": 17.4535,
                        "Tag": 870,
                        "ActionTag": 1538034575,
                        "Size": {
                          "X": 470.0,
                          "Y": 90.0
                        },
                        "Name": "txt_allname",
                        "ctype": "TextObjectData"
                      }
                    ],
                    "ActionTag": -1281410355,
                    "Size": {
                      "X": 510.0,
                      "Y": 155.0
                    },
                    "Name": "Image_47_0",
                    "ctype": "ImageViewObjectData"
                  },
                  {
                    "FileData": {
                      "Type": "MarkedSubImage",
                      "Path": "pic/icon/icon_bg.png",
                      "Plist": "pic/icon/icon_atlas.plist"
                    },
                    "Scale9Enable": true,
                    "Scale9OriginX": 42,
                    "Scale9OriginY": 24,
                    "Scale9Width": 231,
                    "Scale9Height": 25,
                    "AnchorPoint": {
                      "ScaleX": 0.5,
                      "ScaleY": 0.5
                    },
                    "Position": {
                      "X": 275.9998,
                      "Y": 843.0044
                    },
                    "Scale": {
                      "ScaleX": 1.0,
                      "ScaleY": 1.0
                    },
                    "CColor": {},
                    "IconVisible": false,
                    "PrePosition": {
                      "X": 0.5,
                      "Y": 0.9894
                    },
                    "PreSize": {
                      "X": 0.5797,
                      "Y": 0.0857
                    },
                    "LeftMargin": 115.9998,
                    "RightMargin": 116.0002,
                    "TopMargin": -27.5044,
                    "BottomMargin": 806.5044,
                    "Tag": 1528,
                    "Children": [
                      {
                        "IsCustomSize": true,
                        "FontSize": 27,
                        "LabelText": "{TXT_UI_YOKAIBUBBLE-CLUB-FUND_0}",
                        "FontResource": {
                          "Type": "Normal",
                          "Path": "font/ModeMinBStd.ttf",
                          "Plist": ""
                        },
                        "HorizontalAlignmentType": "HT_Center",
                        "OutlineColor": {
                          "G": 0,
                          "B": 0
                        },
                        "ShadowColor": {
                          "R": 29,
                          "G": 16,
                          "B": 1
                        },
                        "ShadowOffsetX": 3.0,
                        "ShadowOffsetY": -3.0,
                        "ShadowEnabled": true,
                        "AnchorPoint": {
                          "ScaleX": 0.5,
                          "ScaleY": 0.5
                        },
                        "Position": {
                          "X": 160.0,
                          "Y": 40.8066
                        },
                        "Scale": {
                          "ScaleX": 1.0,
                          "ScaleY": 1.0
                        },
                        "CColor": {},
                        "IconVisible": false,
                        "PrePosition": {
                          "X": 0.5,
                          "Y": 0.559
                        },
                        "PreSize": {
                          "X": 0.7344,
                          "Y": 0.411
                        },
                        "LeftMargin": 42.5,
                        "RightMargin": 42.5,
                        "TopMargin": 17.1934,
                        "BottomMargin": 25.8066,
                        "Tag": 1529,
                        "ActionTag": 1081435459,
                        "Size": {
                          "X": 235.0,
                          "Y": 30.0
                        },
                        "Name": "ttx_title",
                        "ctype": "TextObjectData"
                      }
                    ],
                    "ActionTag": -2028284179,
                    "Size": {
                      "X": 320.0,
                      "Y": 73.0
                    },
                    "Name": "img_title_bg",
                    "ctype": "ImageViewObjectData"
                  },
                  {
                    "FontSize": 14,
                    "ButtonText": "",
                    "TextColor": {},
                    "NormalFileData": {
                      "Type": "MarkedSubImage",
                      "Path": "common/common_newbtn2.png",
                      "Plist": "common/common.plist"
                    },
                    "Scale9OriginX": 64,
                    "Scale9OriginY": 27,
                    "Scale9Width": 100,
                    "Scale9Height": 29,
                    "OutlineColor": {
                      "R": 0,
                      "G": 0,
                      "B": 0
                    },
                    "ShadowColor": {
                      "R": 0,
                      "G": 0,
                      "B": 0
                    },
                    "ShadowOffsetX": 2.0,
                    "ShadowOffsetY": -2.0,
                    "TouchEnable": true,
                    "AnchorPoint": {
                      "ScaleX": 0.5,
                      "ScaleY": 0.5
                    },
                    "Position": {
                      "X": 281.0001,
                      "Y": 55.0002
                    },
                    "Scale": {
                      "ScaleX": 1.0,
                      "ScaleY": 1.0
                    },
                    "CColor": {},
                    "IconVisible": false,
                    "PrePosition": {
                      "X": 0.5091,
                      "Y": 0.0646
                    },
                    "PreSize": {
                      "X": 0.413,
                      "Y": 0.0974
                    },
                    "LeftMargin": 167.0001,
                    "RightMargin": 156.9999,
                    "TopMargin": 755.4998,
                    "BottomMargin": 13.5002,
                    "Tag": 1563,
                    "Children": [
                      {
                        "IsCustomSize": true,
                        "FontSize": 26,
                        "LabelText": "{TXT_UI_YOKAIBUBBLE-CLUB-FUND_4}",
                        "FontResource": {
                          "Type": "Normal",
                          "Path": "font/ModeMinBStd.ttf",
                          "Plist": ""
                        },
                        "HorizontalAlignmentType": "HT_Center",
                        "OutlineSize": 2,
                        "OutlineColor": {
                          "R": 76,
                          "G": 83,
                          "B": 98
                        },
                        "OutlineEnabled": true,
                        "ShadowColor": {
                          "R": 110,
                          "G": 110,
                          "B": 110
                        },
                        "ShadowOffsetX": 2.0,
                        "ShadowOffsetY": -2.0,
                        "AnchorPoint": {
                          "ScaleX": 0.5,
                          "ScaleY": 0.5
                        },
                        "Position": {
                          "X": 114.0,
                          "Y": 42.43
                        },
                        "Scale": {
                          "ScaleX": 1.0,
                          "ScaleY": 1.0
                        },
                        "CColor": {},
                        "IconVisible": false,
                        "PositionPercentXEnabled": true,
                        "PrePosition": {
                          "X": 0.5,
                          "Y": 0.5112
                        },
                        "PreSize": {
                          "X": 0.4079,
                          "Y": 0.4096
                        },
                        "LeftMargin": 67.5,
                        "RightMargin": 67.5,
                        "TopMargin": 23.57,
                        "BottomMargin": 25.43,
                        "Tag": 1564,
                        "ActionTag": -994093458,
                        "Size": {
                          "X": 93.0,
                          "Y": 34.0
                        },
                        "Name": "Text_1",
                        "ctype": "TextObjectData"
                      }
                    ],
                    "ActionTag": 67249739,
                    "Size": {
                      "X": 228.0,
                      "Y": 83.0
                    },
                    "Name": "btn_close",
                    "ctype": "ButtonObjectData"
                  },
                  {
                    "IsCustomSize": true,
                    "FontSize": 16,
                    "LabelText": "{TXT_UI_YOKAIBUBBLE-CLUB-FUND_2}",
                    "FontResource": {
                      "Type": "Normal",
                      "Path": "font/ModeMinBStd.ttf",
                      "Plist": ""
                    },
                    "HorizontalAlignmentType": "HT_Center",
                    "OutlineSize": 2,
                    "OutlineColor": {
                      "R": 109,
                      "G": 0,
                      "B": 0
                    },
                    "ShadowColor": {
                      "R": 110,
                      "G": 110,
                      "B": 110
                    },
                    "ShadowOffsetX": 2.0,
                    "ShadowOffsetY": -2.0,
                    "AnchorPoint": {
                      "ScaleX": 0.5,
                      "ScaleY": 0.5
                    },
                    "Position": {
                      "X": 276.0,
                      "Y": 322.0358
                    },
                    "Scale": {
                      "ScaleX": 1.0,
                      "ScaleY": 1.0
                    },
                    "CColor": {
                      "R": 227,
                      "G": 228,
                      "B": 89
                    },
                    "IconVisible": false,
                    "PrePosition": {
                      "X": 0.5,
                      "Y": 0.378
                    },
                    "PreSize": {
                      "X": 0.8152,
                      "Y": 0.0282
                    },
                    "LeftMargin": 51.0,
                    "RightMargin": 51.0,
                    "TopMargin": 517.9642,
                    "BottomMargin": 310.0358,
                    "Tag": 2003,
                    "ActionTag": -510066250,
                    "Size": {
                      "X": 450.0,
                      "Y": 24.0
                    },
                    "Name": "txt_scoreup",
                    "ctype": "TextObjectData"
                  },
                  {
                    "FileData": {
                      "Type": "MarkedSubImage",
                      "Path": "common/common_name_bg.png",
                      "Plist": "common/common.plist"
                    },
                    "Scale9Enable": true,
                    "Scale9OriginX": 50,
                    "Scale9Width": 108,
                    "Scale9Height": 34,
                    "AnchorPoint": {
                      "ScaleX": 0.5,
                      "ScaleY": 0.5
                    },
                    "Position": {
                      "X": 273.0,
                      "Y": 117.497
                    },
                    "Scale": {
                      "ScaleX": 1.0,
                      "ScaleY": 1.0
                    },
                    "CColor": {},
                    "IconVisible": false,
                    "PrePosition": {
                      "X": 0.4946,
                      "Y": 0.1379
                    },
                    "PreSize": {
                      "X": 0.4891,
                      "Y": 0.0423
                    },
                    "LeftMargin": 138.0,
                    "RightMargin": 144.0,
                    "TopMargin": 716.503,
                    "BottomMargin": 99.497,
                    "Tag": 805,
                    "Children": [
                      {
                        "IsCustomSize": true,
                        "FontSize": 20,
                        "LabelText": "",
                        "FontResource": {
                          "Type": "Normal",
                          "Path": "font/ModeMinBStd.ttf",
                          "Plist": ""
                        },
                        "HorizontalAlignmentType": "HT_Center",
                        "OutlineSize": 2,
                        "OutlineColor": {
                          "R": 131,
                          "G": 25,
                          "B": 22
                        },
                        "OutlineEnabled": true,
                        "ShadowColor": {
                          "R": 110,
                          "G": 110,
                          "B": 110
                        },
                        "ShadowOffsetX": 2.0,
                        "ShadowOffsetY": -2.0,
                        "AnchorPoint": {
                          "ScaleX": 0.5,
                          "ScaleY": 0.5
                        },
                        "Position": {
                          "X": 135.0,
                          "Y": 18.0
                        },
                        "Scale": {
                          "ScaleX": 1.0,
                          "ScaleY": 1.0
                        },
                        "CColor": {},
                        "IconVisible": false,
                        "PositionPercentXEnabled": true,
                        "PositionPercentYEnabled": true,
                        "PrePosition": {
                          "X": 0.5,
                          "Y": 0.5
                        },
                        "PreSize": {
                          "X": 1.7222,
                          "Y": 0.6667
                        },
                        "LeftMargin": -97.5,
                        "RightMargin": -97.5,
                        "TopMargin": 6.0,
                        "BottomMargin": 6.0,
                        "Tag": 806,
                        "ActionTag": -2127906401,
                        "Size": {
                          "X": 465.0,
                          "Y": 24.0
                        },
                        "Name": "txt_date",
                        "ctype": "TextObjectData"
                      }
                    ],
                    "ActionTag": 1877984533,
                    "Size": {
                      "X": 270.0,
                      "Y": 36.0
                    },
                    "Name": "img_time_bg",
                    "ctype": "ImageViewObjectData"
                  }
                ],
                "ActionTag": -915406553,
                "Size": {
                  "X": 552.0,
                  "Y": 852.0
                },
                "Name": "Image_24",
                "ctype": "ImageViewObjectData"
              }
            ],
            "ActionTag": 818627958,
            "Size": {
              "X": 640.0,
              "Y": 1136.0
            },
            "Name": "Root",
            "ctype": "PanelObjectData"
          }
        ],
        "Size": {
          "X": 640.0,
          "Y": 1136.0
        },
        "Name": "Layer",
        "ctype": "LayerObjectData"
      },
      "UsedResources": [
        "common/common.plist",
        "common/common.png",
        "common_ui/common_panel_atlas.plist",
        "common_ui/common_panel_atlas.png",
        "common_ui/common_slider_atlas.plist",
        "common_ui/common_slider_atlas.png",
        "Default/ImageFile.png",
        "font/ModeMinBStd.ttf",
        "pic/battle/BattlePlist.plist",
        "pic/battle/BattlePlist.png",
        "pic/equip/equip.plist",
        "pic/equip/equip.png",
        "pic/icon/icon_atlas.plist",
        "pic/icon/icon_atlas.png"
      ],
      "ctype": "GameFileData"
    }
  },
  "Type": "Layer"
}