{
  "ID": "530531f5-c182-4f75-8437-192a0f6a1750",
  "Version": "3.10.0.0",
  "Name": "yokaibubble-game",
  "Content": {
    "Content": {
      "Animation": {
        "Duration": 0,
        "Speed": 0.3333,
        "ActivedAnimationName": "start",
        "Timelines": [],
        "ctype": "TimelineActionData"
      },
      "AnimationList": [
        {
          "StartIndex": 0,
          "EndIndex": 75,
          "Name": "start",
          "ctype": "AnimationInfoData"
        }
      ],
      "ObjectData": {
        "Tag": 68,
        "Children": [
          {
            "FileData": {
              "Type": "Default",
              "Path": "Default/ImageFile.png",
              "Plist": ""
            },
            "Scale9OriginX": 21,
            "Scale9OriginY": 21,
            "Scale9Width": 4,
            "Scale9Height": 4,
            "AnchorPoint": {
              "ScaleX": 0.5,
              "ScaleY": 0.5
            },
            "Position": {
              "X": -238.9548,
              "Y": 200.3156
            },
            "Scale": {
              "ScaleX": 1.0,
              "ScaleY": 1.0
            },
            "CColor": {},
            "IconVisible": false,
            "PrePosition": {
              "X": -0.3734,
              "Y": 0.1763
            },
            "PreSize": {
              "X": 0.1281,
              "Y": 0.0722
            },
            "LeftMargin": -279.9548,
            "RightMargin": 837.9548,
            "TopMargin": 894.6844,
            "BottomMargin": 159.3156,
            "Tag": 147,
            "Children": [
              {
                "FileData": {
                  "Type": "MarkedSubImage",
                  "Path": "yokaibubble/img_yokaibubble_itemcircle.png",
                  "Plist": "yokaibubble/yokaibubblePlist.plist"
                },
                "Scale9OriginX": 18,
                "Scale9OriginY": 18,
                "Scale9Width": 21,
                "Scale9Height": 21,
                "AnchorPoint": {
                  "ScaleX": 0.5,
                  "ScaleY": 0.5
                },
                "Position": {
                  "X": 41.0,
                  "Y": 41.0
                },
                "Scale": {
                  "ScaleX": 1.2,
                  "ScaleY": 1.2
                },
                "CColor": {},
                "IconVisible": false,
                "PrePosition": {
                  "X": 0.5,
                  "Y": 0.5
                },
                "PreSize": {
                  "X": 0.6951,
                  "Y": 0.6951
                },
                "LeftMargin": 12.5,
                "RightMargin": 12.5,
                "TopMargin": 12.5,
                "BottomMargin": 12.5,
                "Tag": 108,
                "Children": [
                  {
                    "FileData": {
                      "Type": "Default",
                      "Path": "Default/ImageFile.png",
                      "Plist": ""
                    },
                    "Scale9OriginX": 9,
                    "Scale9OriginY": 11,
                    "Scale9Width": 28,
                    "Scale9Height": 24,
                    "AnchorPoint": {
                      "ScaleX": 0.5,
                      "ScaleY": 0.5
                    },
                    "Position": {
                      "X": 28.5,
                      "Y": 28.5
                    },
                    "Scale": {
                      "ScaleX": 0.8,
                      "ScaleY": 0.8
                    },
                    "CColor": {},
                    "IconVisible": false,
                    "PositionPercentXEnabled": true,
                    "PositionPercentYEnabled": true,
                    "PrePosition": {
                      "X": 0.5,
                      "Y": 0.5
                    },
                    "PreSize": {
                      "X": 0.807,
                      "Y": 0.807
                    },
                    "LeftMargin": 5.5,
                    "RightMargin": 5.5,
                    "TopMargin": 5.5,
                    "BottomMargin": 5.5,
                    "Tag": 1074,
                    "ActionTag": -260879273,
                    "Size": {
                      "X": 46.0,
                      "Y": 46.0
                    },
                    "Name": "img_reward",
                    "ctype": "ImageViewObjectData"
                  }
                ],
                "ActionTag": 1720318934,
                "Size": {
                  "X": 57.0,
                  "Y": 57.0
                },
                "Name": "img_circle",
                "ctype": "ImageViewObjectData"
              }
            ],
            "ActionTag": -1847733203,
            "Size": {
              "X": 82.0,
              "Y": 82.0
            },
            "Name": "ItemBubble",
            "ctype": "ImageViewObjectData"
          },
          {
            "ClipAble": false,
            "BackColorAlpha": 102,
            "SingleColor": {
              "R": 150,
              "G": 200
            },
            "FirstColor": {
              "R": 150,
              "G": 200
            },
            "EndColor": {},
            "ColorVector": {
              "ScaleY": 1.0
            },
            "Scale9Width": 1,
            "Scale9Height": 1,
            "TouchEnable": true,
            "AnchorPoint": {},
            "Position": {
              "X": 0.0001,
              "Y": -3.0
            },
            "Scale": {
              "ScaleX": 1.0,
              "ScaleY": 1.0
            },
            "CColor": {},
            "IconVisible": false,
            "PrePosition": {
              "X": 0.0,
              "Y": -0.0026
            },
            "PreSize": {
              "X": 1.0,
              "Y": 1.0
            },
            "LeftMargin": 0.0001,
            "RightMargin": -0.0001,
            "TopMargin": 3.0,
            "BottomMargin": -3.0,
            "Tag": 728,
            "Children": [
              {
                "FileData": {
                  "Type": "Default",
                  "Path": "Default/ImageFile.png",
                  "Plist": ""
                },
                "Scale9OriginX": -165,
                "Scale9OriginY": -304,
                "Scale9Width": 376,
                "Scale9Height": 654,
                "AnchorPoint": {
                  "ScaleX": 0.5,
                  "ScaleY": 0.5
                },
                "Position": {
                  "X": 320.0002,
                  "Y": 567.0
                },
                "Scale": {
                  "ScaleX": 1.0,
                  "ScaleY": 1.0
                },
                "CColor": {},
                "IconVisible": false,
                "PrePosition": {
                  "X": 0.5,
                  "Y": 0.4991
                },
                "PreSize": {
                  "X": 1.0,
                  "Y": 0.934
                },
                "LeftMargin": 0.0002,
                "RightMargin": -0.0002,
                "TopMargin": 38.5,
                "BottomMargin": 36.5,
                "Tag": 793,
                "ActionTag": 269426116,
                "Size": {
                  "X": 640.0,
                  "Y": 1061.0
                },
                "Name": "img_mainbg",
                "ctype": "ImageViewObjectData"
              },
              {
                "FileData": {
                  "Type": "MarkedSubImage",
                  "Path": "yokaibubble/img_yokaibubble_deadline.png",
                  "Plist": "yokaibubble/yokaibubblePlist.plist"
                },
                "Scale9OriginX": 2,
                "Scale9OriginY": 37,
                "Scale9Width": 635,
                "Scale9Height": 10,
                "AnchorPoint": {
                  "ScaleX": 0.5,
                  "ScaleY": 0.5
                },
                "Position": {
                  "X": 320.0,
                  "Y": 448.0
                },
                "Scale": {
                  "ScaleX": 1.0,
                  "ScaleY": 1.0
                },
                "CColor": {},
                "IconVisible": false,
                "PrePosition": {
                  "X": 0.5,
                  "Y": 0.3944
                },
                "PreSize": {
                  "X": 1.0,
                  "Y": 0.0995
                },
                "TopMargin": 631.5,
                "BottomMargin": 391.5,
                "Tag": 794,
                "ActionTag": -1784153661,
                "Size": {
                  "X": 640.0,
                  "Y": 113.0
                },
                "Name": "Image_9",
                "ctype": "ImageViewObjectData"
              },
              {
                "FileData": {
                  "Type": "Default",
                  "Path": "Default/ImageFile.png",
                  "Plist": ""
                },
                "Scale9OriginX": 15,
                "Scale9OriginY": 15,
                "Scale9Width": 16,
                "Scale9Height": 16,
                "AnchorPoint": {
                  "ScaleX": 0.5,
                  "ScaleY": 0.5
                },
                "Position": {
                  "X": 320.0,
                  "Y": 167.9999
                },
                "Scale": {
                  "ScaleX": 1.0,
                  "ScaleY": 1.0
                },
                "CColor": {},
                "IconVisible": false,
                "PrePosition": {
                  "X": 0.5,
                  "Y": 0.1479
                },
                "PreSize": {
                  "X": 1.0047,
                  "Y": 0.2227
                },
                "LeftMargin": -1.5,
                "RightMargin": -1.5,
                "TopMargin": 841.5001,
                "BottomMargin": 41.4999,
                "Tag": 790,
                "ActionTag": -133883084,
                "Size": {
                  "X": 643.0,
                  "Y": 253.0
                },
                "Name": "img_table",
                "ctype": "ImageViewObjectData"
              },
              {
                "ClipAble": false,
                "SingleColor": {},
                "FirstColor": {},
                "EndColor": {},
                "ColorVector": {
                  "ScaleY": 1.0
                },
                "Scale9Width": 1,
                "Scale9Height": 1,
                "TouchEnable": true,
                "AnchorPoint": {
                  "ScaleY": 1.0
                },
                "Position": {
                  "X": 0.0,
                  "Y": 1094.0
                },
                "Scale": {
                  "ScaleX": 1.0,
                  "ScaleY": 1.0
                },
                "CColor": {},
                "IconVisible": false,
                "PrePosition": {
                  "X": 0.0,
                  "Y": 0.963
                },
                "PreSize": {
                  "X": 1.0,
                  "Y": 0.6558
                },
                "TopMargin": 42.0,
                "BottomMargin": 349.0,
                "Tag": 146,
                "ActionTag": 2144224047,
                "Size": {
                  "X": 640.0,
                  "Y": 745.0
                },
                "Name": "pnl_bubble",
                "ctype": "PanelObjectData"
              },
              {
                "ClipAble": false,
                "BackColorAlpha": 102,
                "SingleColor": {
                  "R": 150,
                  "G": 200
                },
                "FirstColor": {
                  "R": 150,
                  "G": 200
                },
                "EndColor": {},
                "ColorVector": {
                  "ScaleY": 1.0
                },
                "Scale9Width": 1,
                "Scale9Height": 1,
                "AnchorPoint": {
                  "ScaleY": 1.0
                },
                "Position": {
                  "X": 0.0,
                  "Y": 1136.0002
                },
                "Scale": {
                  "ScaleX": 1.0,
                  "ScaleY": 1.0
                },
                "CColor": {},
                "IconVisible": false,
                "PrePosition": {
                  "X": 0.0,
                  "Y": 1.0
                },
                "PreSize": {
                  "X": 1.0,
                  "Y": 0.088
                },
                "TopMargin": -0.0002,
                "BottomMargin": 1036.0002,
                "Tag": 837,
                "Children": [
                  {
                    "FileData": {
                      "Type": "Normal",
                      "Path": "common_ui/icon_club_top_bg.png",
                      "Plist": ""
                    },
                    "Scale9OriginX": 211,
                    "Scale9OriginY": 18,
                    "Scale9Width": 218,
                    "Scale9Height": 140,
                    "AnchorPoint": {
                      "ScaleX": 0.5
                    },
                    "Position": {
                      "X": 320.0,
                      "Y": 43.0
                    },
                    "Scale": {
                      "ScaleX": 1.0,
                      "ScaleY": 1.0
                    },
                    "CColor": {},
                    "IconVisible": false,
                    "PrePosition": {
                      "X": 0.5,
                      "Y": 0.43
                    },
                    "PreSize": {
                      "X": 1.0,
                      "Y": 1.81
                    },
                    "TopMargin": -124.0,
                    "BottomMargin": 43.0,
                    "Tag": 838,
                    "ActionTag": 522585306,
                    "Size": {
                      "X": 640.0,
                      "Y": 181.0
                    },
                    "Name": "Image_1",
                    "ctype": "ImageViewObjectData"
                  },
                  {
                    "FileData": {
                      "Type": "MarkedSubImage",
                      "Path": "pic/icon/icon_bg.png",
                      "Plist": "pic/icon/icon_atlas.plist"
                    },
                    "Scale9OriginX": 98,
                    "Scale9OriginY": 22,
                    "Scale9Width": 198,
                    "Scale9Height": 29,
                    "AnchorPoint": {
                      "ScaleX": 0.5,
                      "ScaleY": 0.5
                    },
                    "Position": {
                      "X": 320.0003,
                      "Y": 61.8483
                    },
                    "Scale": {
                      "ScaleX": 1.0,
                      "ScaleY": 1.0
                    },
                    "CColor": {},
                    "IconVisible": false,
                    "PrePosition": {
                      "X": 0.5,
                      "Y": 0.6185
                    },
                    "PreSize": {
                      "X": 0.4922,
                      "Y": 0.73
                    },
                    "LeftMargin": 162.5003,
                    "RightMargin": 162.4997,
                    "TopMargin": 1.6517,
                    "BottomMargin": 25.3483,
                    "Tag": 839,
                    "ActionTag": -1582187424,
                    "Size": {
                      "X": 315.0,
                      "Y": 73.0
                    },
                    "Name": "Image_26",
                    "ctype": "ImageViewObjectData"
                  },
                  {
                    "IsCustomSize": true,
                    "FontSize": 30,
                    "LabelText": "{TXT_UI_YOKAIBUUBLE-GAME_0}",
                    "FontResource": {
                      "Type": "Normal",
                      "Path": "font/ModeMinBStd.ttf",
                      "Plist": ""
                    },
                    "HorizontalAlignmentType": "HT_Center",
                    "OutlineColor": {
                      "R": 0,
                      "G": 0,
                      "B": 0
                    },
                    "ShadowColor": {
                      "R": 0,
                      "G": 0,
                      "B": 0
                    },
                    "ShadowOffsetX": 2.0,
                    "ShadowOffsetY": -2.0,
                    "ShadowEnabled": true,
                    "AnchorPoint": {
                      "ScaleX": 0.5,
                      "ScaleY": 0.5
                    },
                    "Position": {
                      "X": 320.2819,
                      "Y": 65.3714
                    },
                    "Scale": {
                      "ScaleX": 1.0,
                      "ScaleY": 1.0
                    },
                    "CColor": {},
                    "IconVisible": false,
                    "PrePosition": {
                      "X": 0.5004,
                      "Y": 0.6537
                    },
                    "PreSize": {
                      "X": 0.4422,
                      "Y": 0.33
                    },
                    "LeftMargin": 178.7819,
                    "RightMargin": 178.2181,
                    "TopMargin": 18.1286,
                    "BottomMargin": 48.8714,
                    "Tag": 840,
                    "ActionTag": 317965846,
                    "Size": {
                      "X": 283.0,
                      "Y": 33.0
                    },
                    "Name": "txt_title",
                    "ctype": "TextObjectData"
                  },
                  {
                    "FontSize": 25,
                    "ButtonText": "",
                    "TextColor": {},
                    "NormalFileData": {
                      "Type": "MarkedSubImage",
                      "Path": "common_ui/btn_grade_back.png",
                      "Plist": "common_ui/common_panel_atlas.plist"
                    },
                    "Scale9OriginX": 23,
                    "Scale9OriginY": 14,
                    "Scale9Width": 81,
                    "Scale9Height": 42,
                    "OutlineColor": {
                      "R": 0,
                      "G": 0,
                      "B": 0
                    },
                    "ShadowColor": {
                      "R": 0,
                      "G": 0,
                      "B": 0
                    },
                    "ShadowOffsetX": 2.0,
                    "ShadowOffsetY": -2.0,
                    "TouchEnable": true,
                    "AnchorPoint": {
                      "ScaleX": 0.52,
                      "ScaleY": 0.6
                    },
                    "Position": {
                      "X": 62.0001,
                      "Y": 66.0013
                    },
                    "Scale": {
                      "ScaleX": 1.0,
                      "ScaleY": 1.0
                    },
                    "CColor": {},
                    "IconVisible": false,
                    "PrePosition": {
                      "X": 0.0969,
                      "Y": 0.66
                    },
                    "PreSize": {
                      "X": 0.1984,
                      "Y": 0.72
                    },
                    "LeftMargin": -4.0399,
                    "RightMargin": 517.0399,
                    "TopMargin": 5.1987,
                    "BottomMargin": 22.8013,
                    "Tag": 842,
                    "ActionTag": -1165201178,
                    "Size": {
                      "X": 127.0,
                      "Y": 72.0
                    },
                    "Name": "btn_return",
                    "ctype": "ButtonObjectData"
                  },
                  {
                    "FontSize": 14,
                    "ButtonText": "",
                    "TextColor": {},
                    "NormalFileData": {
                      "Type": "MarkedSubImage",
                      "Path": "common_ui/btn_grade_help.png",
                      "Plist": "common_ui/common_panel_atlas.plist"
                    },
                    "Scale9OriginX": 23,
                    "Scale9OriginY": 23,
                    "Scale9Width": 34,
                    "Scale9Height": 34,
                    "OutlineColor": {
                      "R": 0,
                      "G": 0,
                      "B": 0
                    },
                    "ShadowColor": {
                      "R": 0,
                      "G": 0,
                      "B": 0
                    },
                    "ShadowOffsetX": 2.0,
                    "ShadowOffsetY": -2.0,
                    "TouchEnable": true,
                    "AnchorPoint": {
                      "ScaleX": 0.5,
                      "ScaleY": 0.5
                    },
                    "Position": {
                      "X": 596.0,
                      "Y": 60.0
                    },
                    "Scale": {
                      "ScaleX": 1.0,
                      "ScaleY": 1.0
                    },
                    "CColor": {},
                    "IconVisible": false,
                    "PrePosition": {
                      "X": 0.9312,
                      "Y": 0.6
                    },
                    "PreSize": {
                      "X": 0.125,
                      "Y": 0.8
                    },
                    "LeftMargin": 556.0,
                    "RightMargin": 4.0,
                    "BottomMargin": 20.0,
                    "Tag": 777,
                    "ActionTag": 1009675087,
                    "Size": {
                      "X": 80.0,
                      "Y": 80.0
                    },
                    "Name": "btn_help",
                    "ctype": "ButtonObjectData"
                  }
                ],
                "ActionTag": -422856533,
                "Size": {
                  "X": 640.0,
                  "Y": 100.0
                },
                "Name": "pnl_top",
                "ctype": "PanelObjectData"
              },
              {
                "ClipAble": false,
                "BackColorAlpha": 102,
                "SingleColor": {
                  "R": 150,
                  "G": 200
                },
                "FirstColor": {
                  "R": 150,
                  "G": 200
                },
                "EndColor": {},
                "ColorVector": {
                  "ScaleY": 1.0
                },
                "Scale9Width": 1,
                "Scale9Height": 1,
                "AnchorPoint": {
                  "ScaleY": 1.0
                },
                "Position": {
                  "X": -0.0002,
                  "Y": 349.0
                },
                "Scale": {
                  "ScaleX": 1.0,
                  "ScaleY": 1.0
                },
                "CColor": {},
                "IconVisible": false,
                "PrePosition": {
                  "X": 0.0,
                  "Y": 0.3072
                },
                "PreSize": {
                  "X": 1.0,
                  "Y": 0.2025
                },
                "LeftMargin": -0.0002,
                "RightMargin": 0.0002,
                "TopMargin": 787.0,
                "BottomMargin": 119.0,
                "Tag": 778,
                "Children": [
                  {
                    "FileData": {
                      "Type": "Default",
                      "Path": "Default/ImageFile.png",
                      "Plist": ""
                    },
                    "Scale9OriginX": 15,
                    "Scale9OriginY": 15,
                    "Scale9Width": 16,
                    "Scale9Height": 16,
                    "AnchorPoint": {
                      "ScaleX": 0.5,
                      "ScaleY": 0.5
                    },
                    "Position": {
                      "X": 103.0166,
                      "Y": 157.5499
                    },
                    "Scale": {
                      "ScaleX": 1.0,
                      "ScaleY": 1.0
                    },
                    "CColor": {},
                    "IconVisible": false,
                    "PrePosition": {
                      "X": 0.161,
                      "Y": 0.685
                    },
                    "PreSize": {
                      "X": 0.4688,
                      "Y": 1.3043
                    },
                    "LeftMargin": -46.9834,
                    "RightMargin": 386.9834,
                    "TopMargin": -77.5499,
                    "BottomMargin": 7.5499,
                    "Tag": 788,
                    "Children": [
                      {
                        "FileData": {
                          "Type": "Default",
                          "Path": "Default/ImageFile.png",
                          "Plist": ""
                        },
                        "Scale9OriginX": 15,
                        "Scale9OriginY": 15,
                        "Scale9Width": 16,
                        "Scale9Height": 16,
                        "AnchorPoint": {},
                        "Position": {
                          "X": 179.9842,
                          "Y": 68.0974
                        },
                        "Scale": {
                          "ScaleX": 1.0,
                          "ScaleY": 1.0
                        },
                        "CColor": {},
                        "IconVisible": false,
                        "PrePosition": {
                          "X": 0.5999,
                          "Y": 0.227
                        },
                        "PreSize": {
                          "X": 0.5467,
                          "Y": 0.47
                        },
                        "LeftMargin": 179.9842,
                        "RightMargin": -43.9842,
                        "TopMargin": 90.9026,
                        "BottomMargin": 68.0974,
                        "Tag": 789,
                        "ActionTag": 1588821395,
                        "Size": {
                          "X": 164.0,
                          "Y": 141.0
                        },
                        "Name": "img_bang",
                        "ctype": "ImageViewObjectData"
                      }
                    ],
                    "ActionTag": -893902348,
                    "Size": {
                      "X": 300.0,
                      "Y": 300.0
                    },
                    "Name": "img_sd",
                    "ctype": "ImageViewObjectData"
                  },
                  {
                    "FontSize": 14,
                    "ButtonText": "",
                    "TextColor": {
                      "R": 65,
                      "G": 65,
                      "B": 70
                    },
                    "NormalFileData": {
                      "Type": "MarkedSubImage",
                      "Path": "yokaibubble/btn_yokaibubble_X1_1.png",
                      "Plist": "yokaibubble/yokaibubblePlist.plist"
                    },
                    "Scale9Enable": true,
                    "Scale9OriginX": 15,
                    "Scale9OriginY": 11,
                    "Scale9Width": 25,
                    "Scale9Height": 37,
                    "OutlineColor": {
                      "G": 0,
                      "B": 0
                    },
                    "ShadowColor": {
                      "R": 110,
                      "G": 110,
                      "B": 110
                    },
                    "ShadowOffsetX": 2.0,
                    "ShadowOffsetY": -2.0,
                    "TouchEnable": true,
                    "AnchorPoint": {
                      "ScaleX": 0.5,
                      "ScaleY": 0.5
                    },
                    "Position": {
                      "X": 501.0004,
                      "Y": 61.0
                    },
                    "Scale": {
                      "ScaleX": 1.0,
                      "ScaleY": 1.0
                    },
                    "CColor": {},
                    "IconVisible": false,
                    "PrePosition": {
                      "X": 0.7828,
                      "Y": 0.2652
                    },
                    "PreSize": {
                      "X": 0.0859,
                      "Y": 0.2565
                    },
                    "LeftMargin": 473.5004,
                    "RightMargin": 111.4996,
                    "TopMargin": 139.5,
                    "BottomMargin": 31.5,
                    "Tag": 779,
                    "ActionTag": 591791580,
                    "Size": {
                      "X": 55.0,
                      "Y": 59.0
                    },
                    "Name": "btn_x1",
                    "ctype": "ButtonObjectData"
                  },
                  {
                    "FontSize": 14,
                    "ButtonText": "",
                    "TextColor": {
                      "R": 65,
                      "G": 65,
                      "B": 70
                    },
                    "NormalFileData": {
                      "Type": "MarkedSubImage",
                      "Path": "yokaibubble/btn_yokaibubble_X5_0.png",
                      "Plist": "yokaibubble/yokaibubblePlist.plist"
                    },
                    "Scale9Enable": true,
                    "Scale9OriginX": 15,
                    "Scale9OriginY": 11,
                    "Scale9Width": 25,
                    "Scale9Height": 37,
                    "OutlineColor": {
                      "G": 0,
                      "B": 0
                    },
                    "ShadowColor": {
                      "R": 110,
                      "G": 110,
                      "B": 110
                    },
                    "ShadowOffsetX": 2.0,
                    "ShadowOffsetY": -2.0,
                    "TouchEnable": true,
                    "AnchorPoint": {
                      "ScaleX": 0.5,
                      "ScaleY": 0.5
                    },
                    "Position": {
                      "X": 592.0032,
                      "Y": 61.0
                    },
                    "Scale": {
                      "ScaleX": 1.0,
                      "ScaleY": 1.0
                    },
                    "CColor": {},
                    "IconVisible": false,
                    "PrePosition": {
                      "X": 0.925,
                      "Y": 0.2652
                    },
                    "PreSize": {
                      "X": 0.0859,
                      "Y": 0.2565
                    },
                    "LeftMargin": 564.5032,
                    "RightMargin": 20.4968,
                    "TopMargin": 139.5,
                    "BottomMargin": 31.5,
                    "Tag": 780,
                    "ActionTag": 695412137,
                    "Size": {
                      "X": 55.0,
                      "Y": 59.0
                    },
                    "Name": "btn_x5",
                    "ctype": "ButtonObjectData"
                  },
                  {
                    "FontSize": 14,
                    "ButtonText": "",
                    "TextColor": {
                      "R": 65,
                      "G": 65,
                      "B": 70
                    },
                    "NormalFileData": {
                      "Type": "MarkedSubImage",
                      "Path": "yokaibubble/btn_yokaibubble_X10_0.png",
                      "Plist": "yokaibubble/yokaibubblePlist.plist"
                    },
                    "Scale9Enable": true,
                    "Scale9OriginX": 15,
                    "Scale9OriginY": 11,
                    "Scale9Width": 25,
                    "Scale9Height": 37,
                    "OutlineColor": {
                      "G": 0,
                      "B": 0
                    },
                    "ShadowColor": {
                      "R": 110,
                      "G": 110,
                      "B": 110
                    },
                    "ShadowOffsetX": 2.0,
                    "ShadowOffsetY": -2.0,
                    "TouchEnable": true,
                    "AnchorPoint": {
                      "ScaleX": 0.5,
                      "ScaleY": 0.5
                    },
                    "Position": {
                      "X": 604.0,
                      "Y": 61.0
                    },
                    "Scale": {
                      "ScaleX": 1.0,
                      "ScaleY": 1.0
                    },
                    "CColor": {},
                    "IconVisible": false,
                    "PrePosition": {
                      "X": 0.9438,
                      "Y": 0.2652
                    },
                    "PreSize": {
                      "X": 0.0859,
                      "Y": 0.2565
                    },
                    "LeftMargin": 576.5,
                    "RightMargin": 8.5,
                    "TopMargin": 139.5,
                    "BottomMargin": 31.5,
                    "Tag": 781,
                    "ActionTag": -1059200526,
                    "Size": {
                      "X": 55.0,
                      "Y": 59.0
                    },
                    "VisibleForFrame": false,
                    "Name": "btn_x10",
                    "ctype": "ButtonObjectData"
                  },
                  {
                    "FileData": {
                      "Type": "MarkedSubImage",
                      "Path": "pic/icon/main_uiimg_2.png",
                      "Plist": "pic/icon/icon_atlas.plist"
                    },
                    "Scale9Enable": true,
                    "Scale9OriginX": 15,
                    "Scale9OriginY": 15,
                    "Scale9Width": 215,
                    "Scale9Height": 5,
                    "AnchorPoint": {
                      "ScaleX": 0.5,
                      "ScaleY": 0.5
                    },
                    "Position": {
                      "X": 510.8483,
                      "Y": 204.7742
                    },
                    "Scale": {
                      "ScaleX": 1.0,
                      "ScaleY": 1.0
                    },
                    "CColor": {},
                    "IconVisible": false,
                    "PrePosition": {
                      "X": 0.7982,
                      "Y": 0.8903
                    },
                    "PreSize": {
                      "X": 0.3906,
                      "Y": 0.1522
                    },
                    "LeftMargin": 385.8483,
                    "RightMargin": 4.1517,
                    "TopMargin": 7.7258,
                    "BottomMargin": 187.2742,
                    "Tag": 784,
                    "Children": [
                      {
                        "FontSize": 14,
                        "ButtonText": "",
                        "TextColor": {
                          "R": 65,
                          "G": 65,
                          "B": 70
                        },
                        "NormalFileData": {
                          "Type": "MarkedSubImage",
                          "Path": "common_ui/icon_grade_starup_add.png",
                          "Plist": "common_ui/common_panel_atlas.plist"
                        },
                        "Scale9Enable": true,
                        "Scale9OriginX": 15,
                        "Scale9OriginY": 11,
                        "Scale9Width": 23,
                        "Scale9Height": 32,
                        "OutlineColor": {
                          "G": 0,
                          "B": 0
                        },
                        "ShadowColor": {
                          "R": 110,
                          "G": 110,
                          "B": 110
                        },
                        "ShadowOffsetX": 2.0,
                        "ShadowOffsetY": -2.0,
                        "TouchEnable": true,
                        "AnchorPoint": {
                          "ScaleX": 0.5,
                          "ScaleY": 0.5
                        },
                        "Position": {
                          "X": 233.3785,
                          "Y": 14.5669
                        },
                        "Scale": {
                          "ScaleX": 1.0,
                          "ScaleY": 1.0
                        },
                        "CColor": {},
                        "IconVisible": false,
                        "PrePosition": {
                          "X": 0.9335,
                          "Y": 0.4162
                        },
                        "PreSize": {
                          "X": 0.212,
                          "Y": 1.5429
                        },
                        "LeftMargin": 206.8785,
                        "RightMargin": -9.8785,
                        "TopMargin": -6.5669,
                        "BottomMargin": -12.4331,
                        "Tag": 785,
                        "ActionTag": 539050818,
                        "Size": {
                          "X": 53.0,
                          "Y": 54.0
                        },
                        "Name": "btn_addbullet",
                        "ctype": "ButtonObjectData"
                      },
                      {
                        "IsCustomSize": true,
                        "FontSize": 16,
                        "LabelText": "{TXT_UI_YOKAIBUUBLE-GAME_2}",
                        "FontResource": {
                          "Type": "Normal",
                          "Path": "font/ModeMinBStd.ttf",
                          "Plist": ""
                        },
                        "OutlineColor": {
                          "G": 0,
                          "B": 0
                        },
                        "ShadowColor": {
                          "R": 110,
                          "G": 110,
                          "B": 110
                        },
                        "ShadowOffsetX": 2.0,
                        "ShadowOffsetY": -2.0,
                        "AnchorPoint": {
                          "ScaleY": 0.5
                        },
                        "Position": {
                          "X": 7.0,
                          "Y": 17.0
                        },
                        "Scale": {
                          "ScaleX": 1.0,
                          "ScaleY": 1.0
                        },
                        "CColor": {},
                        "IconVisible": false,
                        "PrePosition": {
                          "X": 0.028,
                          "Y": 0.4857
                        },
                        "PreSize": {
                          "X": 0.48,
                          "Y": 0.6286
                        },
                        "LeftMargin": 7.0,
                        "RightMargin": 123.0,
                        "TopMargin": 7.0,
                        "BottomMargin": 6.0,
                        "Tag": 786,
                        "ActionTag": -2123478570,
                        "Size": {
                          "X": 120.0,
                          "Y": 22.0
                        },
                        "Name": "Text_3",
                        "ctype": "TextObjectData"
                      },
                      {
                        "IsCustomSize": true,
                        "FontSize": 16,
                        "LabelText": "",
                        "FontResource": {
                          "Type": "Normal",
                          "Path": "font/ModeMinBStd.ttf",
                          "Plist": ""
                        },
                        "HorizontalAlignmentType": "HT_Right",
                        "OutlineColor": {
                          "G": 0,
                          "B": 0
                        },
                        "ShadowColor": {
                          "R": 110,
                          "G": 110,
                          "B": 110
                        },
                        "ShadowOffsetX": 2.0,
                        "ShadowOffsetY": -2.0,
                        "AnchorPoint": {
                          "ScaleX": 1.0,
                          "ScaleY": 0.5
                        },
                        "Position": {
                          "X": 214.1633,
                          "Y": 15.7669
                        },
                        "Scale": {
                          "ScaleX": 1.0,
                          "ScaleY": 1.0
                        },
                        "CColor": {},
                        "IconVisible": false,
                        "PrePosition": {
                          "X": 0.8567,
                          "Y": 0.4505
                        },
                        "PreSize": {
                          "X": 0.4,
                          "Y": 0.6286
                        },
                        "LeftMargin": 114.1633,
                        "RightMargin": 35.8367,
                        "TopMargin": 8.2331,
                        "BottomMargin": 4.7669,
                        "Tag": 787,
                        "ActionTag": -824351876,
                        "Size": {
                          "X": 100.0,
                          "Y": 22.0
                        },
                        "Name": "txt_bullet",
                        "ctype": "TextObjectData"
                      }
                    ],
                    "ActionTag": 1255615264,
                    "Size": {
                      "X": 250.0,
                      "Y": 35.0
                    },
                    "Name": "Image_2",
                    "ctype": "ImageViewObjectData"
                  },
                  {
                    "FileData": {
                      "Type": "MarkedSubImage",
                      "Path": "yokaibubble/img_yokaibubble_smallscore.png",
                      "Plist": "yokaibubble/yokaibubblePlist.plist"
                    },
                    "Scale9OriginX": 52,
                    "Scale9OriginY": 15,
                    "Scale9Width": 55,
                    "Scale9Height": 16,
                    "AnchorPoint": {
                      "ScaleX": 0.5,
                      "ScaleY": 0.5
                    },
                    "Position": {
                      "X": 528.6794,
                      "Y": 164.1798
                    },
                    "Scale": {
                      "ScaleX": 0.85,
                      "ScaleY": 0.85
                    },
                    "CColor": {},
                    "IconVisible": false,
                    "PrePosition": {
                      "X": 0.8261,
                      "Y": 0.7138
                    },
                    "PreSize": {
                      "X": 0.2484,
                      "Y": 0.2
                    },
                    "LeftMargin": 449.1794,
                    "RightMargin": 31.8206,
                    "TopMargin": 42.8202,
                    "BottomMargin": 141.1798,
                    "Tag": 313,
                    "Children": [
                      {
                        "LabelText": "",
                        "LabelBMFontFile_CNB": {
                          "Type": "Normal",
                          "Path": "bmtfont.proj/yokaibubble_fnt.fnt",
                          "Plist": ""
                        },
                        "AnchorPoint": {
                          "ScaleX": 0.5,
                          "ScaleY": 0.5
                        },
                        "Position": {
                          "X": 77.5876,
                          "Y": -10.3797
                        },
                        "Scale": {
                          "ScaleX": 0.75,
                          "ScaleY": 0.75
                        },
                        "CColor": {},
                        "IconVisible": false,
                        "PrePosition": {
                          "X": 0.488,
                          "Y": -0.2256
                        },
                        "PreSize": {
                          "X": 0.0,
                          "Y": 0.0
                        },
                        "LeftMargin": 77.5876,
                        "RightMargin": 81.4124,
                        "TopMargin": 56.3797,
                        "BottomMargin": -10.3797,
                        "Tag": 314,
                        "ActionTag": -716023163,
                        "Size": {
                          "X": 0.0,
                          "Y": 0.0
                        },
                        "Name": "txt_score",
                        "ctype": "TextBMFontObjectData"
                      }
                    ],
                    "ActionTag": -629496499,
                    "Size": {
                      "X": 159.0,
                      "Y": 46.0
                    },
                    "Name": "Image_4",
                    "ctype": "ImageViewObjectData"
                  }
                ],
                "ActionTag": -1970074526,
                "Size": {
                  "X": 640.0,
                  "Y": 230.0
                },
                "Name": "pnl_bottom",
                "ctype": "PanelObjectData"
              }
            ],
            "ActionTag": 818627958,
            "Size": {
              "X": 640.0,
              "Y": 1136.0
            },
            "Name": "Root",
            "ctype": "PanelObjectData"
          }
        ],
        "Size": {
          "X": 640.0,
          "Y": 1136.0
        },
        "Name": "Layer",
        "ctype": "LayerObjectData"
      },
      "UsedResources": [
        "bmtfont.proj/yokaibubble_fnt.fnt",
        "bmtfont.proj/yokaibubble_fnt.png",
        "common_ui/common_panel_atlas.plist",
        "common_ui/common_panel_atlas.png",
        "common_ui/icon_club_top_bg.png",
        "Default/ImageFile.png",
        "font/ModeMinBStd.ttf",
        "pic/icon/icon_atlas.plist",
        "pic/icon/icon_atlas.png",
        "yokaibubble/yokaibubblePlist.plist",
        "yokaibubble/yokaibubblePlist.png"
      ],
      "ctype": "GameFileData"
    }
  },
  "Type": "Layer"
}