{
  "ID": "4f7d91d1-4cf4-4ee6-be7d-94c5d5806ed1",
  "Version": "3.10.0.0",
  "Name": "yokaibubble-special-bag",
  "Content": {
    "Content": {
      "Animation": {
        "Duration": 0,
        "Speed": 0.3333,
        "ActivedAnimationName": "start",
        "Timelines": [],
        "ctype": "TimelineActionData"
      },
      "AnimationList": [
        {
          "StartIndex": 0,
          "EndIndex": 75,
          "Name": "start",
          "ctype": "AnimationInfoData"
        }
      ],
      "ObjectData": {
        "Tag": 68,
        "Children": [
          {
            "ClipAble": false,
            "BackColorAlpha": 191,
            "SingleColor": {
              "R": 0,
              "G": 0,
              "B": 0
            },
            "FirstColor": {
              "R": 150,
              "G": 200
            },
            "EndColor": {},
            "ColorVector": {
              "ScaleY": 1.0
            },
            "Scale9Enable": true,
            "Scale9OriginX": -40,
            "Scale9OriginY": -21,
            "Scale9Width": 80,
            "Scale9Height": 42,
            "TouchEnable": true,
            "AnchorPoint": {
              "ScaleY": 1.0
            },
            "Position": {
              "X": -472.9431,
              "Y": -164.9691
            },
            "Scale": {
              "ScaleX": 1.0,
              "ScaleY": 1.0
            },
            "CColor": {},
            "IconVisible": false,
            "PrePosition": {
              "X": -0.739,
              "Y": -0.1452
            },
            "PreSize": {
              "X": 0.1328,
              "Y": 0.0748
            },
            "LeftMargin": -472.9431,
            "RightMargin": 1027.9431,
            "TopMargin": 1300.9691,
            "BottomMargin": -249.9691,
            "Tag": 501,
            "Children": [
              {
                "FileData": {
                  "Type": "Default",
                  "Path": "Default/ImageFile.png",
                  "Plist": ""
                },
                "Scale9Enable": true,
                "Scale9OriginX": 17,
                "Scale9OriginY": 17,
                "Scale9Width": 12,
                "Scale9Height": 12,
                "AnchorPoint": {
                  "ScaleX": 0.5,
                  "ScaleY": 0.5
                },
                "Position": {
                  "X": 42.5,
                  "Y": 42.5
                },
                "Scale": {
                  "ScaleX": 0.9,
                  "ScaleY": 0.9
                },
                "CColor": {},
                "IconVisible": false,
                "PositionPercentXEnabled": true,
                "PositionPercentYEnabled": true,
                "PrePosition": {
                  "X": 0.5,
                  "Y": 0.5
                },
                "PreSize": {
                  "X": 1.0,
                  "Y": 1.0
                },
                "Tag": 502,
                "Children": [
                  {
                    "FileData": {
                      "Type": "Default",
                      "Path": "Default/ImageFile.png",
                      "Plist": ""
                    },
                    "Scale9OriginX": 17,
                    "Scale9OriginY": 17,
                    "Scale9Width": 12,
                    "Scale9Height": 12,
                    "AnchorPoint": {
                      "ScaleX": 0.5,
                      "ScaleY": 0.5
                    },
                    "Position": {
                      "X": 42.5,
                      "Y": 42.5
                    },
                    "Scale": {
                      "ScaleX": 1.0,
                      "ScaleY": 1.0
                    },
                    "CColor": {},
                    "IconVisible": false,
                    "PositionPercentXEnabled": true,
                    "PositionPercentYEnabled": true,
                    "PrePosition": {
                      "X": 0.5,
                      "Y": 0.5
                    },
                    "PreSize": {
                      "X": 1.0,
                      "Y": 1.0
                    },
                    "Tag": 503,
                    "ActionTag": 1987379144,
                    "Size": {
                      "X": 85.0,
                      "Y": 85.0
                    },
                    "Name": "img_item",
                    "ctype": "ImageViewObjectData"
                  },
                  {
                    "IsCustomSize": true,
                    "FontSize": 19,
                    "LabelText": "",
                    "FontResource": {
                      "Type": "Normal",
                      "Path": "font/ModeMinBStd.ttf",
                      "Plist": ""
                    },
                    "HorizontalAlignmentType": "HT_Right",
                    "OutlineSize": 2,
                    "OutlineColor": {
                      "R": 103,
                      "G": 56,
                      "B": 31
                    },
                    "OutlineEnabled": true,
                    "ShadowColor": {
                      "R": 29,
                      "G": 16,
                      "B": 1
                    },
                    "ShadowOffsetX": 0.0,
                    "ShadowOffsetY": 0.0,
                    "AnchorPoint": {
                      "ScaleX": 1.0,
                      "ScaleY": 0.5
                    },
                    "Position": {
                      "X": 84.2554,
                      "Y": 14.1088
                    },
                    "Scale": {
                      "ScaleX": 1.0,
                      "ScaleY": 1.0
                    },
                    "CColor": {},
                    "IconVisible": false,
                    "PrePosition": {
                      "X": 0.9912,
                      "Y": 0.166
                    },
                    "PreSize": {
                      "X": 1.0,
                      "Y": 0.2706
                    },
                    "LeftMargin": -0.7446,
                    "RightMargin": 0.7446,
                    "TopMargin": 59.3912,
                    "BottomMargin": 2.6088,
                    "Tag": 504,
                    "ActionTag": -442275995,
                    "Size": {
                      "X": 85.0,
                      "Y": 23.0
                    },
                    "Name": "txt_count",
                    "ctype": "TextObjectData"
                  },
                  {
                    "FileData": {
                      "Type": "MarkedSubImage",
                      "Path": "common/sui_R.png",
                      "Plist": "common/common.plist"
                    },
                    "Scale9OriginX": 15,
                    "Scale9OriginY": 15,
                    "Scale9Width": 1,
                    "Scale9Height": 1,
                    "AnchorPoint": {
                      "ScaleX": 0.5,
                      "ScaleY": 0.5
                    },
                    "Position": {
                      "X": 15.1308,
                      "Y": 15.9862
                    },
                    "Scale": {
                      "ScaleX": 1.0,
                      "ScaleY": 1.0
                    },
                    "CColor": {},
                    "IconVisible": false,
                    "PrePosition": {
                      "X": 0.178,
                      "Y": 0.1881
                    },
                    "PreSize": {
                      "X": 0.3176,
                      "Y": 0.3176
                    },
                    "LeftMargin": 1.6308,
                    "RightMargin": 56.3692,
                    "TopMargin": 55.5138,
                    "BottomMargin": 2.4862,
                    "Tag": 505,
                    "ActionTag": -1375600601,
                    "Size": {
                      "X": 27.0,
                      "Y": 27.0
                    },
                    "VisibleForFrame": false,
                    "Name": "Image_isSuiPian",
                    "ctype": "ImageViewObjectData"
                  }
                ],
                "ActionTag": -245950257,
                "Size": {
                  "X": 85.0,
                  "Y": 85.0
                },
                "Name": "img_box_bg",
                "ctype": "ImageViewObjectData"
              }
            ],
            "ActionTag": -2050440571,
            "Size": {
              "X": 85.0,
              "Y": 85.0
            },
            "Name": "prefab_item",
            "ctype": "PanelObjectData"
          },
          {
            "ClipAble": false,
            "BackColorAlpha": 102,
            "SingleColor": {
              "R": 150,
              "G": 200
            },
            "FirstColor": {
              "R": 150,
              "G": 200
            },
            "EndColor": {},
            "ColorVector": {
              "ScaleY": 1.0
            },
            "Scale9Width": 1,
            "Scale9Height": 1,
            "TouchEnable": true,
            "AnchorPoint": {},
            "Position": {
              "X": -1311.4081,
              "Y": 54.14
            },
            "Scale": {
              "ScaleX": 1.0,
              "ScaleY": 1.0
            },
            "CColor": {},
            "IconVisible": false,
            "PrePosition": {
              "X": -2.0491,
              "Y": 0.0477
            },
            "PreSize": {
              "X": 0.9875,
              "Y": 0.4595
            },
            "LeftMargin": -1311.4081,
            "RightMargin": 1319.4081,
            "TopMargin": 559.86,
            "BottomMargin": 54.14,
            "Tag": 54,
            "Children": [
              {
                "FileData": {
                  "Type": "Default",
                  "Path": "Default/ImageFile.png",
                  "Plist": ""
                },
                "Scale9OriginX": 15,
                "Scale9OriginY": 15,
                "Scale9Width": 16,
                "Scale9Height": 16,
                "AnchorPoint": {
                  "ScaleX": 0.5,
                  "ScaleY": 0.5
                },
                "Position": {
                  "X": 316.0,
                  "Y": 261.0
                },
                "Scale": {
                  "ScaleX": 1.0,
                  "ScaleY": 1.0
                },
                "CColor": {},
                "IconVisible": false,
                "PrePosition": {
                  "X": 0.5,
                  "Y": 0.5
                },
                "PreSize": {
                  "X": 0.9889,
                  "Y": 1.0441
                },
                "LeftMargin": 3.5,
                "RightMargin": 3.5,
                "TopMargin": -11.5,
                "BottomMargin": -11.5,
                "Tag": 1527,
                "Children": [
                  {
                    "FontSize": 20,
                    "ButtonText": "",
                    "TextColor": {
                      "R": 0,
                      "G": 0,
                      "B": 0
                    },
                    "NormalFileData": {
                      "Type": "MarkedSubImage",
                      "Path": "pic/button/button_close.png",
                      "Plist": "pic/button/common_btn_atlas.plist"
                    },
                    "Scale9Enable": true,
                    "Scale9OriginX": 15,
                    "Scale9OriginY": 11,
                    "Scale9Width": 52,
                    "Scale9Height": 60,
                    "OutlineColor": {
                      "G": 0,
                      "B": 0
                    },
                    "ShadowColor": {
                      "R": 110,
                      "G": 110,
                      "B": 110
                    },
                    "ShadowOffsetX": 2.0,
                    "ShadowOffsetY": -2.0,
                    "TouchEnable": true,
                    "AnchorPoint": {
                      "ScaleX": 0.5,
                      "ScaleY": 0.5
                    },
                    "Position": {
                      "X": 595.7908,
                      "Y": 446.655
                    },
                    "Scale": {
                      "ScaleX": 1.0,
                      "ScaleY": 1.0
                    },
                    "CColor": {},
                    "IconVisible": false,
                    "PrePosition": {
                      "X": 0.9533,
                      "Y": 0.8196
                    },
                    "PreSize": {
                      "X": 0.1312,
                      "Y": 0.1505
                    },
                    "LeftMargin": 554.7908,
                    "RightMargin": -11.7908,
                    "TopMargin": 57.345,
                    "BottomMargin": 405.655,
                    "Tag": 1546,
                    "ActionTag": -1719747449,
                    "Size": {
                      "X": 82.0,
                      "Y": 82.0
                    },
                    "Name": "btn_closeview",
                    "ctype": "ButtonObjectData"
                  },
                  {
                    "FontSize": 14,
                    "ButtonText": "",
                    "TextColor": {},
                    "NormalFileData": {
                      "Type": "MarkedSubImage",
                      "Path": "common/common_newbtn1.png",
                      "Plist": "common/common.plist"
                    },
                    "Scale9OriginX": 64,
                    "Scale9OriginY": 27,
                    "Scale9Width": 100,
                    "Scale9Height": 29,
                    "OutlineColor": {
                      "R": 0,
                      "G": 0,
                      "B": 0
                    },
                    "ShadowColor": {
                      "R": 0,
                      "G": 0,
                      "B": 0
                    },
                    "ShadowOffsetX": 2.0,
                    "ShadowOffsetY": -2.0,
                    "TouchEnable": true,
                    "AnchorPoint": {
                      "ScaleX": 0.5,
                      "ScaleY": 0.5
                    },
                    "Position": {
                      "X": 372.6569,
                      "Y": 95.7609
                    },
                    "Scale": {
                      "ScaleX": 1.0,
                      "ScaleY": 1.0
                    },
                    "CColor": {},
                    "IconVisible": false,
                    "PrePosition": {
                      "X": 0.5963,
                      "Y": 0.1757
                    },
                    "PreSize": {
                      "X": 0.3648,
                      "Y": 0.1523
                    },
                    "LeftMargin": 258.6569,
                    "RightMargin": 138.3431,
                    "TopMargin": 407.7391,
                    "BottomMargin": 54.2609,
                    "Tag": 1563,
                    "Children": [
                      {
                        "IsCustomSize": true,
                        "FontSize": 26,
                        "LabelText": "",
                        "FontResource": {
                          "Type": "Normal",
                          "Path": "font/ModeMinBStd.ttf",
                          "Plist": ""
                        },
                        "HorizontalAlignmentType": "HT_Center",
                        "OutlineSize": 2,
                        "OutlineColor": {
                          "R": 109,
                          "G": 0,
                          "B": 0
                        },
                        "OutlineEnabled": true,
                        "ShadowColor": {
                          "R": 110,
                          "G": 110,
                          "B": 110
                        },
                        "ShadowOffsetX": 2.0,
                        "ShadowOffsetY": -2.0,
                        "AnchorPoint": {
                          "ScaleX": 0.5,
                          "ScaleY": 0.5
                        },
                        "Position": {
                          "X": 114.0,
                          "Y": 42.43
                        },
                        "Scale": {
                          "ScaleX": 1.0,
                          "ScaleY": 1.0
                        },
                        "CColor": {},
                        "IconVisible": false,
                        "PositionPercentXEnabled": true,
                        "PrePosition": {
                          "X": 0.5,
                          "Y": 0.5112
                        },
                        "PreSize": {
                          "X": 0.7895,
                          "Y": 0.4096
                        },
                        "LeftMargin": 24.0,
                        "RightMargin": 24.0,
                        "TopMargin": 23.57,
                        "BottomMargin": 25.43,
                        "Tag": 1564,
                        "ActionTag": -994093458,
                        "Size": {
                          "X": 180.0,
                          "Y": 34.0
                        },
                        "Name": "txt_price",
                        "ctype": "TextObjectData"
                      }
                    ],
                    "ActionTag": 67249739,
                    "Size": {
                      "X": 228.0,
                      "Y": 83.0
                    },
                    "Name": "btn_buy",
                    "ctype": "ButtonObjectData"
                  },
                  {
                    "FileData": {
                      "Type": "Default",
                      "Path": "Default/ImageFile.png",
                      "Plist": ""
                    },
                    "Scale9OriginX": 15,
                    "Scale9OriginY": 16,
                    "Scale9Width": 16,
                    "Scale9Height": 14,
                    "AnchorPoint": {
                      "ScaleX": 0.5,
                      "ScaleY": 0.5
                    },
                    "Position": {
                      "X": 370.0239,
                      "Y": 466.9131
                    },
                    "Scale": {
                      "ScaleX": 1.0,
                      "ScaleY": 1.0
                    },
                    "CColor": {},
                    "IconVisible": false,
                    "PrePosition": {
                      "X": 0.592,
                      "Y": 0.8567
                    },
                    "PreSize": {
                      "X": 0.4288,
                      "Y": 0.0936
                    },
                    "LeftMargin": 236.0239,
                    "RightMargin": 120.9761,
                    "TopMargin": 52.5869,
                    "BottomMargin": 441.4131,
                    "Tag": 349,
                    "ActionTag": -1395181334,
                    "Size": {
                      "X": 268.0,
                      "Y": 51.0
                    },
                    "Name": "img_bagtitle",
                    "ctype": "ImageViewObjectData"
                  },
                  {
                    "IsCustomSize": true,
                    "FontSize": 22,
                    "LabelText": "{TXT_UI_YOKAIBUBBLE-SPECIAL-BAG_1}",
                    "FontResource": {
                      "Type": "Normal",
                      "Path": "font/ModeMinBStd.ttf",
                      "Plist": ""
                    },
                    "HorizontalAlignmentType": "HT_Center",
                    "VerticalAlignmentType": "VT_Center",
                    "OutlineSize": 2,
                    "OutlineColor": {
                      "R": 109,
                      "G": 0,
                      "B": 0
                    },
                    "ShadowColor": {
                      "R": 110,
                      "G": 110,
                      "B": 110
                    },
                    "ShadowOffsetX": 2.0,
                    "ShadowOffsetY": -2.0,
                    "AnchorPoint": {
                      "ScaleX": 0.5,
                      "ScaleY": 0.5
                    },
                    "Position": {
                      "X": 374.7981,
                      "Y": 349.0342
                    },
                    "Scale": {
                      "ScaleX": 1.0,
                      "ScaleY": 1.0
                    },
                    "CColor": {
                      "R": 109,
                      "G": 0,
                      "B": 0
                    },
                    "IconVisible": false,
                    "PrePosition": {
                      "X": 0.5997,
                      "Y": 0.6404
                    },
                    "PreSize": {
                      "X": 0.56,
                      "Y": 0.1468
                    },
                    "LeftMargin": 199.7981,
                    "RightMargin": 75.2019,
                    "TopMargin": 155.9658,
                    "BottomMargin": 309.0342,
                    "Tag": 2003,
                    "ActionTag": -510066250,
                    "Size": {
                      "X": 350.0,
                      "Y": 80.0
                    },
                    "Name": "txt_scoreup",
                    "ctype": "TextObjectData"
                  },
                  {
                    "IsCustomSize": true,
                    "FontSize": 20,
                    "LabelText": "{TXT_UI_YOKAIBUBBLE-SPECIAL-BAG_2}",
                    "FontResource": {
                      "Type": "Normal",
                      "Path": "font/ModeMinBStd.ttf",
                      "Plist": ""
                    },
                    "HorizontalAlignmentType": "HT_Center",
                    "OutlineSize": 2,
                    "OutlineColor": {
                      "R": 109,
                      "G": 0,
                      "B": 0
                    },
                    "OutlineEnabled": true,
                    "ShadowColor": {
                      "R": 110,
                      "G": 110,
                      "B": 110
                    },
                    "ShadowOffsetX": 2.0,
                    "ShadowOffsetY": -2.0,
                    "AnchorPoint": {
                      "ScaleX": 0.5,
                      "ScaleY": 0.5
                    },
                    "Position": {
                      "X": 380.028,
                      "Y": 258.5468
                    },
                    "Scale": {
                      "ScaleX": 1.0,
                      "ScaleY": 1.0
                    },
                    "CColor": {},
                    "IconVisible": false,
                    "PrePosition": {
                      "X": 0.608,
                      "Y": 0.4744
                    },
                    "PreSize": {
                      "X": 0.48,
                      "Y": 0.044
                    },
                    "LeftMargin": 230.028,
                    "RightMargin": 94.972,
                    "TopMargin": 274.4532,
                    "BottomMargin": 246.5468,
                    "Tag": 112,
                    "ActionTag": -1036185089,
                    "Size": {
                      "X": 300.0,
                      "Y": 24.0
                    },
                    "Name": "Text_101_0",
                    "ctype": "TextObjectData"
                  },
                  {
                    "ScrollDirectionType": 0,
                    "ClipAble": true,
                    "BackColorAlpha": 102,
                    "SingleColor": {
                      "R": 150,
                      "G": 150
                    },
                    "FirstColor": {
                      "R": 150,
                      "G": 150
                    },
                    "EndColor": {},
                    "ColorVector": {
                      "ScaleY": 1.0
                    },
                    "Scale9Width": 1,
                    "Scale9Height": 1,
                    "TouchEnable": true,
                    "AnchorPoint": {},
                    "Position": {
                      "X": 194.0004,
                      "Y": 145.0001
                    },
                    "Scale": {
                      "ScaleX": 1.0,
                      "ScaleY": 1.0
                    },
                    "CColor": {},
                    "IconVisible": false,
                    "PrePosition": {
                      "X": 0.3104,
                      "Y": 0.2661
                    },
                    "PreSize": {
                      "X": 0.584,
                      "Y": 0.1706
                    },
                    "LeftMargin": 194.0004,
                    "RightMargin": 65.9996,
                    "TopMargin": 306.9999,
                    "BottomMargin": 145.0001,
                    "Tag": 113,
                    "ActionTag": 1826674470,
                    "Size": {
                      "X": 365.0,
                      "Y": 93.0
                    },
                    "Name": "list_item",
                    "ctype": "ListViewObjectData"
                  }
                ],
                "ActionTag": -915406553,
                "Size": {
                  "X": 625.0,
                  "Y": 545.0
                },
                "Name": "img_bagbg",
                "ctype": "ImageViewObjectData"
              }
            ],
            "ActionTag": 444549077,
            "Size": {
              "X": 632.0,
              "Y": 522.0
            },
            "Name": "ItemSpecialBag",
            "ctype": "PanelObjectData"
          },
          {
            "ClipAble": false,
            "BackColorAlpha": 191,
            "ComboBoxIndex": 1,
            "SingleColor": {
              "R": 0,
              "G": 0,
              "B": 0
            },
            "FirstColor": {
              "R": 150,
              "G": 200
            },
            "EndColor": {},
            "ColorVector": {
              "ScaleY": 1.0
            },
            "Scale9Width": 1,
            "Scale9Height": 1,
            "TouchEnable": true,
            "AnchorPoint": {},
            "Position": {
              "X": 0.0001,
              "Y": -3.0
            },
            "Scale": {
              "ScaleX": 1.0,
              "ScaleY": 1.0
            },
            "CColor": {},
            "IconVisible": false,
            "PrePosition": {
              "X": 0.0,
              "Y": -0.0026
            },
            "PreSize": {
              "X": 1.0,
              "Y": 1.0
            },
            "LeftMargin": 0.0001,
            "RightMargin": -0.0001,
            "TopMargin": 3.0,
            "BottomMargin": -3.0,
            "Tag": 728,
            "Children": [
              {
                "ScrollDirectionType": 0,
                "ClipAble": false,
                "BackColorAlpha": 102,
                "SingleColor": {
                  "R": 150,
                  "G": 150,
                  "B": 100
                },
                "FirstColor": {
                  "R": 150,
                  "G": 150,
                  "B": 100
                },
                "EndColor": {},
                "ColorVector": {
                  "ScaleY": 1.0
                },
                "Scale9Width": 1,
                "Scale9Height": 1,
                "TouchEnable": true,
                "AnchorPoint": {},
                "Position": {
                  "X": 0.0,
                  "Y": 345.0004
                },
                "Scale": {
                  "ScaleX": 1.0,
                  "ScaleY": 1.0
                },
                "CColor": {},
                "IconVisible": false,
                "PrePosition": {
                  "X": 0.0,
                  "Y": 0.3037
                },
                "PreSize": {
                  "X": 1.0,
                  "Y": 0.4595
                },
                "TopMargin": 268.9996,
                "BottomMargin": 345.0004,
                "Tag": 55,
                "ActionTag": 160529761,
                "Size": {
                  "X": 640.0,
                  "Y": 522.0
                },
                "Name": "pageview_bag",
                "ctype": "PageViewObjectData"
              },
              {
                "FontSize": 24,
                "ButtonText": "",
                "TextColor": {
                  "R": 65,
                  "G": 65,
                  "B": 70
                },
                "NormalFileData": {
                  "Type": "MarkedSubImage",
                  "Path": "common/common_newbtn2.png",
                  "Plist": "common/common.plist"
                },
                "Scale9Enable": true,
                "Scale9OriginX": 15,
                "Scale9OriginY": 11,
                "Scale9Width": 198,
                "Scale9Height": 61,
                "OutlineColor": {
                  "G": 0,
                  "B": 0
                },
                "ShadowColor": {
                  "R": 110,
                  "G": 110,
                  "B": 110
                },
                "ShadowOffsetX": 2.0,
                "ShadowOffsetY": -2.0,
                "TouchEnable": true,
                "AnchorPoint": {
                  "ScaleX": 0.5,
                  "ScaleY": 0.5
                },
                "Position": {
                  "X": 322.1461,
                  "Y": 280.3795
                },
                "Scale": {
                  "ScaleX": 1.0,
                  "ScaleY": 1.0
                },
                "CColor": {},
                "IconVisible": false,
                "PrePosition": {
                  "X": 0.5034,
                  "Y": 0.2468
                },
                "PreSize": {
                  "X": 0.2734,
                  "Y": 0.0599
                },
                "LeftMargin": 234.6461,
                "RightMargin": 230.3539,
                "TopMargin": 821.6205,
                "BottomMargin": 246.3795,
                "Tag": 1290,
                "Children": [
                  {
                    "IsCustomSize": true,
                    "FontSize": 22,
                    "LabelText": "{TXT_UI_YOKAIBUBBLE-SPECIAL-BAG_5}",
                    "FontResource": {
                      "Type": "Normal",
                      "Path": "font/ModeMinBStd.ttf",
                      "Plist": ""
                    },
                    "HorizontalAlignmentType": "HT_Center",
                    "OutlineSize": 2,
                    "OutlineColor": {
                      "R": 76,
                      "G": 83,
                      "B": 98
                    },
                    "OutlineEnabled": true,
                    "ShadowColor": {
                      "R": 110,
                      "G": 110,
                      "B": 110
                    },
                    "ShadowOffsetX": 2.0,
                    "ShadowOffsetY": -2.0,
                    "AnchorPoint": {
                      "ScaleX": 0.5,
                      "ScaleY": 0.5
                    },
                    "Position": {
                      "X": 88.06,
                      "Y": 30.6662
                    },
                    "Scale": {
                      "ScaleX": 1.0,
                      "ScaleY": 1.0
                    },
                    "CColor": {},
                    "IconVisible": false,
                    "PositionPercentXEnabled": true,
                    "PrePosition": {
                      "X": 0.5032,
                      "Y": 0.451
                    },
                    "PreSize": {
                      "X": 1.0343,
                      "Y": 0.5588
                    },
                    "LeftMargin": -2.44,
                    "RightMargin": -3.56,
                    "TopMargin": 18.3338,
                    "BottomMargin": 11.6662,
                    "Tag": 1291,
                    "ActionTag": 1934481850,
                    "Size": {
                      "X": 181.0,
                      "Y": 38.0
                    },
                    "Name": "txt",
                    "ctype": "TextObjectData"
                  }
                ],
                "ActionTag": 1657477086,
                "Size": {
                  "X": 175.0,
                  "Y": 68.0
                },
                "Name": "btn_cancel",
                "ctype": "ButtonObjectData"
              },
              {
                "FontSize": 24,
                "ButtonText": "",
                "TextColor": {
                  "R": 65,
                  "G": 65,
                  "B": 70
                },
                "DisabledFileData": {
                  "Type": "MarkedSubImage",
                  "Path": "common_ui/seven_party_21.png",
                  "Plist": "common_ui/common_slider_atlas.plist"
                },
                "PressedFileData": {
                  "Type": "MarkedSubImage",
                  "Path": "common_ui/seven_party_21.png",
                  "Plist": "common_ui/common_slider_atlas.plist"
                },
                "NormalFileData": {
                  "Type": "MarkedSubImage",
                  "Path": "common_ui/seven_party_21.png",
                  "Plist": "common_ui/common_slider_atlas.plist"
                },
                "Scale9Enable": true,
                "Scale9OriginX": 15,
                "Scale9OriginY": 11,
                "Scale9Width": 118,
                "Scale9Height": 49,
                "OutlineColor": {
                  "G": 0,
                  "B": 0
                },
                "ShadowColor": {
                  "R": 110,
                  "G": 110,
                  "B": 110
                },
                "ShadowOffsetX": 2.0,
                "ShadowOffsetY": -2.0,
                "TouchEnable": true,
                "AnchorPoint": {
                  "ScaleX": 0.5,
                  "ScaleY": 0.5
                },
                "Position": {
                  "X": 171.9176,
                  "Y": 279.3065
                },
                "Scale": {
                  "ScaleX": 1.0,
                  "ScaleY": 1.0
                },
                "CColor": {},
                "IconVisible": false,
                "PrePosition": {
                  "X": 0.2686,
                  "Y": 0.2459
                },
                "PreSize": {
                  "X": 0.2313,
                  "Y": 0.0625
                },
                "LeftMargin": 97.9176,
                "RightMargin": 394.0824,
                "TopMargin": 821.1935,
                "BottomMargin": 243.8065,
                "Tag": 1292,
                "Children": [
                  {
                    "IsCustomSize": true,
                    "FontSize": 22,
                    "LabelText": "{TXT_UI_YOKAIBUBBLE-SPECIAL-BAG_3}",
                    "FontResource": {
                      "Type": "Normal",
                      "Path": "font/ModeMinBStd.ttf",
                      "Plist": ""
                    },
                    "HorizontalAlignmentType": "HT_Center",
                    "OutlineSize": 2,
                    "OutlineColor": {
                      "R": 137,
                      "G": 9,
                      "B": 25
                    },
                    "OutlineEnabled": true,
                    "ShadowColor": {
                      "R": 110,
                      "G": 110,
                      "B": 110
                    },
                    "ShadowOffsetX": 2.0,
                    "ShadowOffsetY": -2.0,
                    "AnchorPoint": {
                      "ScaleX": 0.5,
                      "ScaleY": 0.5
                    },
                    "Position": {
                      "X": 74.7828,
                      "Y": 35.4742
                    },
                    "Scale": {
                      "ScaleX": 1.0,
                      "ScaleY": 1.0
                    },
                    "CColor": {},
                    "IconVisible": false,
                    "PrePosition": {
                      "X": 0.5053,
                      "Y": 0.4996
                    },
                    "PreSize": {
                      "X": 1.1149,
                      "Y": 0.493
                    },
                    "LeftMargin": -7.7172,
                    "RightMargin": -9.2828,
                    "TopMargin": 18.0258,
                    "BottomMargin": 17.9742,
                    "Tag": 1293,
                    "ActionTag": 633956657,
                    "Size": {
                      "X": 165.0,
                      "Y": 35.0
                    },
                    "Name": "txt",
                    "ctype": "TextObjectData"
                  }
                ],
                "ActionTag": -1437083499,
                "Size": {
                  "X": 148.0,
                  "Y": 71.0
                },
                "Name": "btn_pre",
                "ctype": "ButtonObjectData"
              },
              {
                "FontSize": 24,
                "ButtonText": "",
                "TextColor": {
                  "R": 65,
                  "G": 65,
                  "B": 70
                },
                "DisabledFileData": {
                  "Type": "MarkedSubImage",
                  "Path": "common_ui/seven_party_20.png",
                  "Plist": "common_ui/common_slider_atlas.plist"
                },
                "PressedFileData": {
                  "Type": "MarkedSubImage",
                  "Path": "common_ui/seven_party_20.png",
                  "Plist": "common_ui/common_slider_atlas.plist"
                },
                "NormalFileData": {
                  "Type": "MarkedSubImage",
                  "Path": "common_ui/seven_party_20.png",
                  "Plist": "common_ui/common_slider_atlas.plist"
                },
                "Scale9Enable": true,
                "Scale9OriginX": 15,
                "Scale9OriginY": 11,
                "Scale9Width": 118,
                "Scale9Height": 49,
                "OutlineColor": {
                  "G": 0,
                  "B": 0
                },
                "ShadowColor": {
                  "R": 110,
                  "G": 110,
                  "B": 110
                },
                "ShadowOffsetX": 2.0,
                "ShadowOffsetY": -2.0,
                "TouchEnable": true,
                "AnchorPoint": {
                  "ScaleX": 0.5,
                  "ScaleY": 0.5
                },
                "Position": {
                  "X": 468.6484,
                  "Y": 279.3035
                },
                "Scale": {
                  "ScaleX": 1.0,
                  "ScaleY": 1.0
                },
                "CColor": {},
                "IconVisible": false,
                "PrePosition": {
                  "X": 0.7323,
                  "Y": 0.2459
                },
                "PreSize": {
                  "X": 0.2313,
                  "Y": 0.0625
                },
                "LeftMargin": 394.6484,
                "RightMargin": 97.3516,
                "TopMargin": 821.1965,
                "BottomMargin": 243.8035,
                "Tag": 1294,
                "Children": [
                  {
                    "IsCustomSize": true,
                    "FontSize": 22,
                    "LabelText": "{TXT_UI_YOKAIBUBBLE-SPECIAL-BAG_4}",
                    "FontResource": {
                      "Type": "Normal",
                      "Path": "font/ModeMinBStd.ttf",
                      "Plist": ""
                    },
                    "HorizontalAlignmentType": "HT_Center",
                    "OutlineSize": 2,
                    "OutlineColor": {
                      "R": 137,
                      "G": 9,
                      "B": 25
                    },
                    "OutlineEnabled": true,
                    "ShadowColor": {
                      "R": 110,
                      "G": 110,
                      "B": 110
                    },
                    "ShadowOffsetX": 2.0,
                    "ShadowOffsetY": -2.0,
                    "AnchorPoint": {
                      "ScaleX": 0.5,
                      "ScaleY": 0.5
                    },
                    "Position": {
                      "X": 74.1795,
                      "Y": 35.47
                    },
                    "Scale": {
                      "ScaleX": 1.0,
                      "ScaleY": 1.0
                    },
                    "CColor": {},
                    "IconVisible": false,
                    "PrePosition": {
                      "X": 0.5012,
                      "Y": 0.4996
                    },
                    "PreSize": {
                      "X": 1.1149,
                      "Y": 0.493
                    },
                    "LeftMargin": -8.3205,
                    "RightMargin": -8.6795,
                    "TopMargin": 18.03,
                    "BottomMargin": 17.97,
                    "Tag": 1295,
                    "ActionTag": 1439030022,
                    "Size": {
                      "X": 165.0,
                      "Y": 35.0
                    },
                    "Name": "txt",
                    "ctype": "TextObjectData"
                  }
                ],
                "ActionTag": 1344425989,
                "Size": {
                  "X": 148.0,
                  "Y": 71.0
                },
                "Name": "btn_next",
                "ctype": "ButtonObjectData"
              }
            ],
            "ActionTag": 818627958,
            "Size": {
              "X": 640.0,
              "Y": 1136.0
            },
            "Name": "Root",
            "ctype": "PanelObjectData"
          }
        ],
        "Size": {
          "X": 640.0,
          "Y": 1136.0
        },
        "Name": "Layer",
        "ctype": "LayerObjectData"
      },
      "UsedResources": [
        "common/common.plist",
        "common/common.png",
        "common_ui/common_slider_atlas.plist",
        "common_ui/common_slider_atlas.png",
        "Default/ImageFile.png",
        "font/ModeMinBStd.ttf",
        "pic/button/common_btn_atlas.plist",
        "pic/button/common_btn_atlas.png"
      ],
      "ctype": "GameFileData"
    }
  },
  "Type": "Layer"
}