{
  "ID": "a8b92f4c-a72f-4b6a-b183-3c33733aae1d",
  "Version": "3.10.0.0",
  "Name": "yokaibubble-rewardview",
  "Content": {
    "Content": {
      "Animation": {
        "Duration": 0,
        "Speed": 1.0,
        "Timelines": [],
        "ctype": "TimelineActionData"
      },
      "AnimationList": [],
      "ObjectData": {
        "Tag": 378,
        "Children": [
          {
            "ClipAble": false,
            "BackColorAlpha": 102,
            "SingleColor": {
              "R": 150,
              "G": 200
            },
            "FirstColor": {
              "R": 150,
              "G": 200
            },
            "EndColor": {},
            "ColorVector": {
              "ScaleY": 1.0
            },
            "Scale9Width": 1,
            "Scale9Height": 1,
            "TouchEnable": true,
            "AnchorPoint": {
              "ScaleX": 0.5,
              "ScaleY": 0.5
            },
            "Position": {
              "X": -384.9117,
              "Y": 344.5051
            },
            "Scale": {
              "ScaleX": 1.0,
              "ScaleY": 1.0
            },
            "CColor": {},
            "IconVisible": false,
            "PrePosition": {
              "X": -0.6014,
              "Y": 0.3033
            },
            "PreSize": {
              "X": 0.1516,
              "Y": 0.0854
            },
            "LeftMargin": -433.4117,
            "RightMargin": 976.4117,
            "TopMargin": 742.9949,
            "BottomMargin": 296.0051,
            "Tag": 3769,
            "Children": [
              {
                "FileData": {
                  "Type": "MarkedSubImage",
                  "Path": "common/icon_bag_0.png",
                  "Plist": "common/common.plist"
                },
                "Scale9OriginX": 15,
                "Scale9OriginY": 15,
                "Scale9Width": 71,
                "Scale9Height": 71,
                "TouchEnable": true,
                "AnchorPoint": {
                  "ScaleX": 0.5,
                  "ScaleY": 0.5
                },
                "Position": {
                  "X": 48.5,
                  "Y": 48.5
                },
                "Scale": {
                  "ScaleX": 0.85,
                  "ScaleY": 0.85
                },
                "CColor": {},
                "IconVisible": false,
                "PrePosition": {
                  "X": 0.5,
                  "Y": 0.5
                },
                "PreSize": {
                  "X": 1.0,
                  "Y": 1.0
                },
                "Tag": 3770,
                "Children": [
                  {
                    "FileData": {
                      "Type": "Default",
                      "Path": "Default/ImageFile.png",
                      "Plist": ""
                    },
                    "Scale9Width": 46,
                    "Scale9Height": 46,
                    "AnchorPoint": {
                      "ScaleX": 0.5,
                      "ScaleY": 0.5
                    },
                    "Position": {
                      "X": 48.5473,
                      "Y": 49.023
                    },
                    "Scale": {
                      "ScaleX": 1.0,
                      "ScaleY": 1.0
                    },
                    "CColor": {},
                    "IconVisible": false,
                    "PrePosition": {
                      "X": 0.5005,
                      "Y": 0.5054
                    },
                    "PreSize": {
                      "X": 0.8247,
                      "Y": 0.8247
                    },
                    "LeftMargin": 8.5473,
                    "RightMargin": 8.4527,
                    "TopMargin": 7.977,
                    "BottomMargin": 9.023,
                    "Tag": 3771,
                    "ActionTag": 1225589367,
                    "Size": {
                      "X": 80.0,
                      "Y": 80.0
                    },
                    "Name": "img_item",
                    "ctype": "ImageViewObjectData"
                  },
                  {
                    "FileData": {
                      "Type": "MarkedSubImage",
                      "Path": "common/abcds_0.png",
                      "Plist": "common/common.plist"
                    },
                    "Scale9OriginX": 9,
                    "Scale9OriginY": 9,
                    "Scale9Width": 14,
                    "Scale9Height": 14,
                    "AnchorPoint": {
                      "ScaleX": 0.5,
                      "ScaleY": 0.5
                    },
                    "Position": {
                      "X": 20.4228,
                      "Y": 76.7978
                    },
                    "Scale": {
                      "ScaleX": 1.0,
                      "ScaleY": 1.0
                    },
                    "CColor": {},
                    "IconVisible": false,
                    "PrePosition": {
                      "X": 0.2105,
                      "Y": 0.7917
                    },
                    "PreSize": {
                      "X": 0.3299,
                      "Y": 0.3299
                    },
                    "LeftMargin": 4.4228,
                    "RightMargin": 60.5772,
                    "TopMargin": 4.2022,
                    "BottomMargin": 60.7978,
                    "Tag": 3772,
                    "ActionTag": -1244245414,
                    "Size": {
                      "X": 32.0,
                      "Y": 32.0
                    },
                    "VisibleForFrame": false,
                    "Name": "Image_isSuiPian",
                    "ctype": "ImageViewObjectData"
                  },
                  {
                    "IsCustomSize": true,
                    "FontSize": 18,
                    "LabelText": "x0",
                    "FontResource": {
                      "Type": "Normal",
                      "Path": "font/ModeMinBStd.ttf",
                      "Plist": ""
                    },
                    "HorizontalAlignmentType": "HT_Right",
                    "OutlineSize": 2,
                    "OutlineColor": {
                      "R": 103,
                      "G": 56,
                      "B": 31
                    },
                    "OutlineEnabled": true,
                    "ShadowColor": {
                      "R": 0,
                      "G": 0,
                      "B": 0
                    },
                    "ShadowOffsetX": 2.0,
                    "ShadowOffsetY": -2.0,
                    "AnchorPoint": {
                      "ScaleX": 0.5,
                      "ScaleY": 0.5
                    },
                    "Position": {
                      "X": 8.9183,
                      "Y": 18.4735
                    },
                    "Scale": {
                      "ScaleX": 1.0,
                      "ScaleY": 1.0
                    },
                    "CColor": {},
                    "IconVisible": false,
                    "PrePosition": {
                      "X": 0.0919,
                      "Y": 0.1904
                    },
                    "PreSize": {
                      "X": 1.6495,
                      "Y": 0.2268
                    },
                    "LeftMargin": -71.0817,
                    "RightMargin": 8.0817,
                    "TopMargin": 67.5265,
                    "BottomMargin": 7.4735,
                    "Tag": 3773,
                    "ActionTag": 1057981652,
                    "Size": {
                      "X": 160.0,
                      "Y": 22.0
                    },
                    "Name": "txt_count",
                    "ctype": "TextObjectData"
                  }
                ],
                "ActionTag": -748989947,
                "Size": {
                  "X": 97.0,
                  "Y": 97.0
                },
                "Name": "img_box_bg",
                "ctype": "ImageViewObjectData"
              }
            ],
            "ActionTag": 509136052,
            "Size": {
              "X": 97.0,
              "Y": 97.0
            },
            "Name": "prefab_item",
            "ctype": "PanelObjectData"
          },
          {
            "ClipAble": false,
            "SingleColor": {
              "R": 150,
              "G": 200
            },
            "FirstColor": {},
            "EndColor": {
              "R": 150,
              "G": 200
            },
            "ColorVector": {
              "ScaleY": -1.0
            },
            "Scale9OriginX": -162,
            "Scale9OriginY": -41,
            "Scale9Width": 324,
            "Scale9Height": 82,
            "TouchEnable": true,
            "AnchorPoint": {},
            "Position": {
              "X": -589.6749,
              "Y": 451.1758
            },
            "Scale": {
              "ScaleX": 1.0,
              "ScaleY": 1.0
            },
            "CColor": {},
            "IconVisible": false,
            "PrePosition": {
              "X": -0.9214,
              "Y": 0.3972
            },
            "PreSize": {
              "X": 0.7969,
              "Y": 0.1162
            },
            "LeftMargin": -589.6749,
            "RightMargin": 719.6749,
            "TopMargin": 552.8242,
            "BottomMargin": 451.1758,
            "Tag": 2890,
            "Children": [
              {
                "FileData": {
                  "Type": "MarkedSubImage",
                  "Path": "common_ui/DailyRegist_Img5.png",
                  "Plist": "common_ui/common_slider_atlas.plist"
                },
                "Scale9Enable": true,
                "Scale9OriginX": 83,
                "Scale9OriginY": 41,
                "Scale9Width": 86,
                "Scale9Height": 25,
                "AnchorPoint": {
                  "ScaleX": 0.5,
                  "ScaleY": 0.5
                },
                "Position": {
                  "X": 251.991,
                  "Y": 63.9936
                },
                "Scale": {
                  "ScaleX": 1.0,
                  "ScaleY": 1.0
                },
                "CColor": {},
                "IconVisible": false,
                "PositionPercentXEnabled": true,
                "PositionPercentYEnabled": true,
                "PrePosition": {
                  "X": 0.4941,
                  "Y": 0.4848
                },
                "PreSize": {
                  "X": 0.9902,
                  "Y": 1.0
                },
                "LeftMargin": -0.509,
                "RightMargin": 5.509,
                "TopMargin": 2.0064,
                "BottomMargin": -2.0064,
                "Tag": 2891,
                "ActionTag": 1811719890,
                "Size": {
                  "X": 505.0,
                  "Y": 132.0
                },
                "Name": "Image_5",
                "ctype": "ImageViewObjectData"
              },
              {
                "FileData": {
                  "Type": "MarkedSubImage",
                  "Path": "pic/equip/equip_Img1.png",
                  "Plist": "pic/equip/equip.plist"
                },
                "Scale9Enable": true,
                "Scale9OriginX": 9,
                "Scale9OriginY": 12,
                "Scale9Width": 10,
                "Scale9Height": 4,
                "AnchorPoint": {
                  "ScaleX": 1.0,
                  "ScaleY": 1.0
                },
                "Position": {
                  "X": 484.3856,
                  "Y": 112.1288
                },
                "Scale": {
                  "ScaleX": 1.0,
                  "ScaleY": 1.0
                },
                "CColor": {},
                "IconVisible": false,
                "PrePosition": {
                  "X": 0.9498,
                  "Y": 0.8495
                },
                "PreSize": {
                  "X": 0.6078,
                  "Y": 0.6818
                },
                "LeftMargin": 174.3856,
                "RightMargin": 25.6144,
                "TopMargin": 19.8712,
                "BottomMargin": 22.1288,
                "Tag": 2892,
                "ActionTag": 123539731,
                "Size": {
                  "X": 310.0,
                  "Y": 90.0
                },
                "Name": "Image_cellBg",
                "ctype": "ImageViewObjectData"
              },
              {
                "ItemMargin": -7,
                "VerticalType": "Align_VerticalCenter",
                "ScrollDirectionType": 0,
                "ClipAble": true,
                "BackColorAlpha": 102,
                "SingleColor": {
                  "R": 150,
                  "G": 150
                },
                "FirstColor": {
                  "R": 150,
                  "G": 150
                },
                "EndColor": {},
                "ColorVector": {
                  "ScaleY": 1.0
                },
                "Scale9Width": 1,
                "Scale9Height": 1,
                "TouchEnable": true,
                "AnchorPoint": {},
                "Position": {
                  "X": 177.0,
                  "Y": 24.0
                },
                "Scale": {
                  "ScaleX": 1.0,
                  "ScaleY": 1.0
                },
                "CColor": {},
                "IconVisible": false,
                "PrePosition": {
                  "X": 0.3471,
                  "Y": 0.1818
                },
                "PreSize": {
                  "X": 0.598,
                  "Y": 0.6439
                },
                "LeftMargin": 177.0,
                "RightMargin": 27.9999,
                "TopMargin": 23.0,
                "BottomMargin": 24.0,
                "Tag": 289,
                "ActionTag": 1497912644,
                "Size": {
                  "X": 305.0,
                  "Y": 85.0
                },
                "Name": "list_reward",
                "ctype": "ListViewObjectData"
              },
              {
                "FileData": {
                  "Type": "MarkedSubImage",
                  "Path": "pic/number/icon_rank_Img.png",
                  "Plist": "pic/number/number.plist"
                },
                "Scale9OriginX": 31,
                "Scale9OriginY": 33,
                "Scale9Width": 55,
                "Scale9Height": 56,
                "AnchorPoint": {
                  "ScaleX": 0.5,
                  "ScaleY": 0.5
                },
                "Position": {
                  "X": 90.9488,
                  "Y": 52.2326
                },
                "Scale": {
                  "ScaleX": 0.8,
                  "ScaleY": 0.8
                },
                "CColor": {},
                "IconVisible": false,
                "PrePosition": {
                  "X": 0.1783,
                  "Y": 0.3957
                },
                "PreSize": {
                  "X": 0.2294,
                  "Y": 0.9242
                },
                "LeftMargin": 32.4488,
                "RightMargin": 360.5512,
                "TopMargin": 18.7674,
                "BottomMargin": -8.7674,
                "Tag": 219,
                "Children": [
                  {
                    "IsCustomSize": true,
                    "FontSize": 32,
                    "LabelText": "1000",
                    "FontResource": {
                      "Type": "Normal",
                      "Path": "font/ModeMinBStd.ttf",
                      "Plist": ""
                    },
                    "HorizontalAlignmentType": "HT_Center",
                    "OutlineSize": 2,
                    "OutlineColor": {
                      "R": 63,
                      "G": 23,
                      "B": 7
                    },
                    "OutlineEnabled": true,
                    "ShadowColor": {
                      "R": 0,
                      "G": 0,
                      "B": 0
                    },
                    "ShadowOffsetX": 2.0,
                    "ShadowOffsetY": -2.0,
                    "AnchorPoint": {
                      "ScaleX": 0.5,
                      "ScaleY": 0.5
                    },
                    "Position": {
                      "X": 57.3095,
                      "Y": 63.9727
                    },
                    "Scale": {
                      "ScaleX": 1.0,
                      "ScaleY": 1.0
                    },
                    "CColor": {
                      "G": 231,
                      "B": 202
                    },
                    "IconVisible": false,
                    "PrePosition": {
                      "X": 0.4898,
                      "Y": 0.5244
                    },
                    "PreSize": {
                      "X": 1.0256,
                      "Y": 0.3279
                    },
                    "LeftMargin": -2.6905,
                    "RightMargin": -0.3095,
                    "TopMargin": 38.0273,
                    "BottomMargin": 43.9727,
                    "Tag": 288,
                    "ActionTag": -1618967436,
                    "Size": {
                      "X": 120.0,
                      "Y": 40.0
                    },
                    "Name": "lbl_rank",
                    "ctype": "TextObjectData"
                  }
                ],
                "ActionTag": 1292233396,
                "Size": {
                  "X": 117.0,
                  "Y": 122.0
                },
                "Name": "img_rank",
                "ctype": "ImageViewObjectData"
              },
              {
                "ClipAble": false,
                "BackColorAlpha": 102,
                "SingleColor": {
                  "R": 150,
                  "G": 200
                },
                "FirstColor": {
                  "R": 150,
                  "G": 200
                },
                "EndColor": {},
                "ColorVector": {
                  "ScaleY": 1.0
                },
                "Scale9Width": 1,
                "Scale9Height": 1,
                "TouchEnable": true,
                "AnchorPoint": {},
                "Position": {
                  "X": 17.9263,
                  "Y": 13.8251
                },
                "Scale": {
                  "ScaleX": 0.9,
                  "ScaleY": 0.9
                },
                "CColor": {},
                "IconVisible": false,
                "PrePosition": {
                  "X": 0.0351,
                  "Y": 0.1047
                },
                "PreSize": {
                  "X": 0.3137,
                  "Y": 0.7576
                },
                "LeftMargin": 17.9263,
                "RightMargin": 332.0737,
                "TopMargin": 18.1749,
                "BottomMargin": 13.8251,
                "Tag": 221,
                "Children": [
                  {
                    "ClipAble": false,
                    "ComboBoxIndex": 1,
                    "SingleColor": {
                      "R": 134,
                      "G": 98,
                      "B": 59
                    },
                    "FirstColor": {
                      "R": 150,
                      "G": 200
                    },
                    "EndColor": {},
                    "ColorVector": {
                      "ScaleY": 1.0
                    },
                    "Scale9Width": 1,
                    "Scale9Height": 1,
                    "TouchEnable": true,
                    "AnchorPoint": {
                      "ScaleX": 0.5,
                      "ScaleY": 0.5
                    },
                    "Position": {
                      "X": 81.2794,
                      "Y": 56.0
                    },
                    "Scale": {
                      "ScaleX": 1.0,
                      "ScaleY": 1.0
                    },
                    "CColor": {},
                    "IconVisible": false,
                    "PositionPercentYEnabled": true,
                    "PrePosition": {
                      "X": 0.508,
                      "Y": 0.56
                    },
                    "PreSize": {
                      "X": 0.3125,
                      "Y": 0.2
                    },
                    "LeftMargin": 56.2794,
                    "RightMargin": 53.7206,
                    "TopMargin": 34.0,
                    "BottomMargin": 46.0,
                    "Tag": 3776,
                    "ActionTag": 1968314628,
                    "Size": {
                      "X": 50.0,
                      "Y": 20.0
                    },
                    "Name": "img_line",
                    "ctype": "PanelObjectData"
                  },
                  {
                    "FileData": {
                      "Type": "MarkedSubImage",
                      "Path": "pic/number/icon_rank_Img.png",
                      "Plist": "pic/number/number.plist"
                    },
                    "Scale9OriginX": 31,
                    "Scale9OriginY": 33,
                    "Scale9Width": 55,
                    "Scale9Height": 56,
                    "AnchorPoint": {
                      "ScaleX": 0.5,
                      "ScaleY": 0.5
                    },
                    "Position": {
                      "X": 35.0318,
                      "Y": 50.0
                    },
                    "Scale": {
                      "ScaleX": 0.8,
                      "ScaleY": 0.8
                    },
                    "CColor": {},
                    "IconVisible": false,
                    "PositionPercentYEnabled": true,
                    "PrePosition": {
                      "X": 0.2189,
                      "Y": 0.5
                    },
                    "PreSize": {
                      "X": 0.7312,
                      "Y": 1.22
                    },
                    "LeftMargin": -23.4682,
                    "RightMargin": 66.4682,
                    "TopMargin": -11.0,
                    "BottomMargin": -11.0,
                    "Tag": 2900,
                    "Children": [
                      {
                        "IsCustomSize": true,
                        "FontSize": 32,
                        "LabelText": "1000",
                        "FontResource": {
                          "Type": "Normal",
                          "Path": "font/ModeMinBStd.ttf",
                          "Plist": ""
                        },
                        "HorizontalAlignmentType": "HT_Center",
                        "OutlineSize": 2,
                        "OutlineColor": {
                          "R": 63,
                          "G": 23,
                          "B": 7
                        },
                        "OutlineEnabled": true,
                        "ShadowColor": {
                          "R": 0,
                          "G": 0,
                          "B": 0
                        },
                        "ShadowOffsetX": 2.0,
                        "ShadowOffsetY": -2.0,
                        "AnchorPoint": {
                          "ScaleX": 0.5,
                          "ScaleY": 0.5
                        },
                        "Position": {
                          "X": 57.4005,
                          "Y": 64.4639
                        },
                        "Scale": {
                          "ScaleX": 1.0,
                          "ScaleY": 1.0
                        },
                        "CColor": {
                          "G": 231,
                          "B": 202
                        },
                        "IconVisible": false,
                        "PrePosition": {
                          "X": 0.4906,
                          "Y": 0.5284
                        },
                        "PreSize": {
                          "X": 1.0256,
                          "Y": 0.3279
                        },
                        "LeftMargin": -2.5995,
                        "RightMargin": -0.4005,
                        "TopMargin": 37.5361,
                        "BottomMargin": 44.4639,
                        "Tag": 2901,
                        "ActionTag": 108664891,
                        "Size": {
                          "X": 120.0,
                          "Y": 40.0
                        },
                        "Name": "lbl_rankmin",
                        "ctype": "TextObjectData"
                      }
                    ],
                    "ActionTag": 23534852,
                    "Size": {
                      "X": 117.0,
                      "Y": 122.0
                    },
                    "Name": "img_rankmin",
                    "ctype": "ImageViewObjectData"
                  },
                  {
                    "FileData": {
                      "Type": "MarkedSubImage",
                      "Path": "pic/number/icon_rank_Img.png",
                      "Plist": "pic/number/number.plist"
                    },
                    "Scale9OriginX": 31,
                    "Scale9OriginY": 33,
                    "Scale9Width": 55,
                    "Scale9Height": 56,
                    "AnchorPoint": {
                      "ScaleX": 0.5,
                      "ScaleY": 0.5
                    },
                    "Position": {
                      "X": 128.4726,
                      "Y": 50.0
                    },
                    "Scale": {
                      "ScaleX": 0.8,
                      "ScaleY": 0.8
                    },
                    "CColor": {},
                    "IconVisible": false,
                    "PositionPercentYEnabled": true,
                    "PrePosition": {
                      "X": 0.803,
                      "Y": 0.5
                    },
                    "PreSize": {
                      "X": 0.7312,
                      "Y": 1.22
                    },
                    "LeftMargin": 69.9726,
                    "RightMargin": -26.9726,
                    "TopMargin": -11.0,
                    "BottomMargin": -11.0,
                    "Tag": 3774,
                    "Children": [
                      {
                        "IsCustomSize": true,
                        "FontSize": 32,
                        "LabelText": "1000",
                        "FontResource": {
                          "Type": "Normal",
                          "Path": "font/ModeMinBStd.ttf",
                          "Plist": ""
                        },
                        "HorizontalAlignmentType": "HT_Center",
                        "OutlineSize": 2,
                        "OutlineColor": {
                          "R": 63,
                          "G": 23,
                          "B": 7
                        },
                        "OutlineEnabled": true,
                        "ShadowColor": {
                          "R": 0,
                          "G": 0,
                          "B": 0
                        },
                        "ShadowOffsetX": 2.0,
                        "ShadowOffsetY": -2.0,
                        "AnchorPoint": {
                          "ScaleX": 0.5,
                          "ScaleY": 0.5
                        },
                        "Position": {
                          "X": 57.3997,
                          "Y": 64.4633
                        },
                        "Scale": {
                          "ScaleX": 1.0,
                          "ScaleY": 1.0
                        },
                        "CColor": {
                          "G": 231,
                          "B": 202
                        },
                        "IconVisible": false,
                        "PrePosition": {
                          "X": 0.4906,
                          "Y": 0.5284
                        },
                        "PreSize": {
                          "X": 1.0256,
                          "Y": 0.3279
                        },
                        "LeftMargin": -2.6003,
                        "RightMargin": -0.3997,
                        "TopMargin": 37.5367,
                        "BottomMargin": 44.4633,
                        "Tag": 3775,
                        "ActionTag": -397769186,
                        "Size": {
                          "X": 120.0,
                          "Y": 40.0
                        },
                        "Name": "lbl_rankmax",
                        "ctype": "TextObjectData"
                      }
                    ],
                    "ActionTag": -1713289854,
                    "Size": {
                      "X": 117.0,
                      "Y": 122.0
                    },
                    "Name": "img_rankmax",
                    "ctype": "ImageViewObjectData"
                  }
                ],
                "ActionTag": -348601338,
                "Size": {
                  "X": 160.0,
                  "Y": 100.0
                },
                "VisibleForFrame": false,
                "Name": "pnl_rankrange",
                "ctype": "PanelObjectData"
              },
              {
                "FileData": {
                  "Type": "MarkedSubImage",
                  "Path": "common/S_frame.png",
                  "Plist": "common/common.plist"
                },
                "Scale9OriginX": 46,
                "Scale9OriginY": 9,
                "Scale9Width": 50,
                "Scale9Height": 12,
                "AnchorPoint": {
                  "ScaleY": 0.5
                },
                "Position": {
                  "X": 7.2376,
                  "Y": 114.5409
                },
                "Scale": {
                  "ScaleX": 1.0,
                  "ScaleY": 1.0
                },
                "CColor": {},
                "IconVisible": false,
                "PrePosition": {
                  "X": 0.0142,
                  "Y": 0.8677
                },
                "PreSize": {
                  "X": 0.2549,
                  "Y": 0.2273
                },
                "LeftMargin": 7.2376,
                "RightMargin": 372.7624,
                "TopMargin": 2.4591,
                "BottomMargin": 99.5409,
                "Tag": 3777,
                "Children": [
                  {
                    "IsCustomSize": true,
                    "FontSize": 16,
                    "LabelText": "{TXT_UI_YOKAIBUBBLE-REWARDVIEW_5}",
                    "FontResource": {
                      "Type": "Normal",
                      "Path": "font/ModeMinBStd.ttf",
                      "Plist": ""
                    },
                    "OutlineSize": 2,
                    "OutlineColor": {
                      "R": 109,
                      "G": 0,
                      "B": 0
                    },
                    "OutlineEnabled": true,
                    "ShadowColor": {
                      "R": 110,
                      "G": 110,
                      "B": 110
                    },
                    "ShadowOffsetX": 2.0,
                    "ShadowOffsetY": -2.0,
                    "AnchorPoint": {
                      "ScaleY": 0.5
                    },
                    "Position": {
                      "X": 1.5449,
                      "Y": 16.9074
                    },
                    "Scale": {
                      "ScaleX": 1.0,
                      "ScaleY": 1.0
                    },
                    "CColor": {},
                    "IconVisible": false,
                    "PrePosition": {
                      "X": 0.0119,
                      "Y": 0.5636
                    },
                    "PreSize": {
                      "X": 0.5385,
                      "Y": 0.6667
                    },
                    "LeftMargin": 1.5449,
                    "RightMargin": 58.4551,
                    "TopMargin": 3.0926,
                    "BottomMargin": 6.9074,
                    "Tag": 3778,
                    "ActionTag": -876040932,
                    "Size": {
                      "X": 70.0,
                      "Y": 20.0
                    },
                    "Name": "Text_38",
                    "ctype": "TextObjectData"
                  },
                  {
                    "IsCustomSize": true,
                    "FontSize": 16,
                    "LabelText": "",
                    "FontResource": {
                      "Type": "Normal",
                      "Path": "font/ModeMinBStd.ttf",
                      "Plist": ""
                    },
                    "OutlineSize": 2,
                    "OutlineColor": {
                      "R": 109,
                      "G": 0,
                      "B": 0
                    },
                    "OutlineEnabled": true,
                    "ShadowColor": {
                      "R": 110,
                      "G": 110,
                      "B": 110
                    },
                    "ShadowOffsetX": 2.0,
                    "ShadowOffsetY": -2.0,
                    "AnchorPoint": {
                      "ScaleY": 0.5
                    },
                    "Position": {
                      "X": 72.5798,
                      "Y": 16.4666
                    },
                    "Scale": {
                      "ScaleX": 1.0,
                      "ScaleY": 1.0
                    },
                    "CColor": {},
                    "IconVisible": false,
                    "PrePosition": {
                      "X": 0.5583,
                      "Y": 0.5489
                    },
                    "PreSize": {
                      "X": 0.5385,
                      "Y": 0.6667
                    },
                    "LeftMargin": 72.5798,
                    "RightMargin": -12.5798,
                    "TopMargin": 3.5334,
                    "BottomMargin": 6.4666,
                    "Tag": 3780,
                    "ActionTag": 996561733,
                    "Size": {
                      "X": 70.0,
                      "Y": 20.0
                    },
                    "Name": "lbl_myrank",
                    "ctype": "TextObjectData"
                  }
                ],
                "ActionTag": 747545157,
                "Size": {
                  "X": 130.0,
                  "Y": 30.0
                },
                "Name": "img_mine",
                "ctype": "ImageViewObjectData"
              }
            ],
            "ActionTag": 841035252,
            "Size": {
              "X": 510.0,
              "Y": 132.0
            },
            "Name": "ItemReward",
            "ctype": "PanelObjectData"
          },
          {
            "ClipAble": false,
            "BackColorAlpha": 192,
            "ComboBoxIndex": 1,
            "SingleColor": {
              "R": 10,
              "G": 10,
              "B": 10
            },
            "FirstColor": {},
            "EndColor": {
              "R": 150,
              "G": 200
            },
            "ColorVector": {
              "ScaleY": -1.0
            },
            "Scale9Width": 1,
            "Scale9Height": 1,
            "TouchEnable": true,
            "AnchorPoint": {},
            "Position": {
              "X": 0.0,
              "Y": 0.0
            },
            "Scale": {
              "ScaleX": 1.0,
              "ScaleY": 1.0
            },
            "CColor": {},
            "IconVisible": false,
            "PrePosition": {
              "X": 0.0,
              "Y": 0.0
            },
            "PreSize": {
              "X": 1.0,
              "Y": 1.0
            },
            "Tag": 55549,
            "Children": [
              {
                "FileData": {
                  "Type": "MarkedSubImage",
                  "Path": "pic/icon/icon_popup_bg.png",
                  "Plist": "pic/icon/icon_atlas.plist"
                },
                "Scale9Enable": true,
                "Scale9OriginX": 56,
                "Scale9OriginY": 55,
                "Scale9Width": 15,
                "Scale9Height": 7,
                "AnchorPoint": {
                  "ScaleX": 0.5,
                  "ScaleY": 1.0
                },
                "Position": {
                  "X": 320.0,
                  "Y": 1007.23
                },
                "Scale": {
                  "ScaleX": 1.0,
                  "ScaleY": 1.0
                },
                "CColor": {},
                "IconVisible": false,
                "PositionPercentXEnabled": true,
                "PrePosition": {
                  "X": 0.5,
                  "Y": 0.8866
                },
                "PreSize": {
                  "X": 0.9063,
                  "Y": 0.7262
                },
                "LeftMargin": 30.0,
                "RightMargin": 30.0,
                "TopMargin": 128.77,
                "BottomMargin": 182.23,
                "Tag": 830,
                "Children": [
                  {
                    "FileData": {
                      "Type": "MarkedSubImage",
                      "Path": "pic/icon/icon_bg.png",
                      "Plist": "pic/icon/icon_atlas.plist"
                    },
                    "Scale9Enable": true,
                    "Scale9OriginX": 42,
                    "Scale9OriginY": 24,
                    "Scale9Width": 231,
                    "Scale9Height": 25,
                    "AnchorPoint": {
                      "ScaleX": 0.5,
                      "ScaleY": 0.5
                    },
                    "Position": {
                      "X": 290.0,
                      "Y": 805.09
                    },
                    "Scale": {
                      "ScaleX": 1.0,
                      "ScaleY": 1.0
                    },
                    "CColor": {},
                    "IconVisible": false,
                    "PositionPercentXEnabled": true,
                    "PrePosition": {
                      "X": 0.5,
                      "Y": 0.9759
                    },
                    "PreSize": {
                      "X": 0.5431,
                      "Y": 0.0885
                    },
                    "LeftMargin": 132.5,
                    "RightMargin": 132.5,
                    "TopMargin": -16.59,
                    "BottomMargin": 768.59,
                    "Tag": 55562,
                    "Children": [
                      {
                        "IsCustomSize": true,
                        "FontSize": 28,
                        "LabelText": "{TXT_UI_YOKAIBUBBLE-REWARDVIEW_0}",
                        "FontResource": {
                          "Type": "Normal",
                          "Path": "font/ModeMinBStd.ttf",
                          "Plist": ""
                        },
                        "HorizontalAlignmentType": "HT_Center",
                        "OutlineColor": {
                          "R": 0,
                          "G": 0,
                          "B": 0
                        },
                        "ShadowColor": {
                          "R": 29,
                          "G": 16,
                          "B": 1
                        },
                        "ShadowOffsetX": 3.0,
                        "ShadowOffsetY": -3.0,
                        "ShadowEnabled": true,
                        "AnchorPoint": {
                          "ScaleX": 0.5,
                          "ScaleY": 0.5
                        },
                        "Position": {
                          "X": 157.5,
                          "Y": 41.4738
                        },
                        "Scale": {
                          "ScaleX": 1.0,
                          "ScaleY": 1.0
                        },
                        "CColor": {},
                        "IconVisible": false,
                        "PositionPercentXEnabled": true,
                        "PrePosition": {
                          "X": 0.5,
                          "Y": 0.5681
                        },
                        "PreSize": {
                          "X": 0.9206,
                          "Y": 0.4521
                        },
                        "LeftMargin": 12.5,
                        "RightMargin": 12.5,
                        "TopMargin": 15.0262,
                        "BottomMargin": 24.9738,
                        "Tag": 55563,
                        "ActionTag": 62702710,
                        "Size": {
                          "X": 290.0,
                          "Y": 33.0
                        },
                        "Name": "lbl_title",
                        "ctype": "TextObjectData"
                      }
                    ],
                    "ActionTag": 14423508,
                    "Size": {
                      "X": 315.0,
                      "Y": 73.0
                    },
                    "Name": "Image_4",
                    "ctype": "ImageViewObjectData"
                  },
                  {
                    "ClipAble": false,
                    "BackColorAlpha": 164,
                    "SingleColor": {
                      "G": 0,
                      "B": 0
                    },
                    "FirstColor": {},
                    "EndColor": {
                      "R": 150,
                      "G": 200
                    },
                    "ColorVector": {
                      "ScaleY": -1.0
                    },
                    "Scale9Enable": true,
                    "Scale9OriginX": -10,
                    "Scale9OriginY": -14,
                    "Scale9Width": 24,
                    "Scale9Height": 24,
                    "TouchEnable": true,
                    "AnchorPoint": {
                      "ScaleX": 0.5
                    },
                    "Position": {
                      "X": 288.318,
                      "Y": 128.4236
                    },
                    "Scale": {
                      "ScaleX": 1.0,
                      "ScaleY": 1.0
                    },
                    "CColor": {},
                    "IconVisible": false,
                    "PositionPercentXEnabled": true,
                    "PrePosition": {
                      "X": 0.4971,
                      "Y": 0.1557
                    },
                    "PreSize": {
                      "X": 0.8448,
                      "Y": 0.7273
                    },
                    "LeftMargin": 43.318,
                    "RightMargin": 46.682,
                    "TopMargin": 96.5764,
                    "BottomMargin": 128.4236,
                    "Tag": 3245,
                    "Children": [
                      {
                        "ClipAble": false,
                        "BackColorAlpha": 102,
                        "FileData": {
                          "Type": "MarkedSubImage",
                          "Path": "common/icon_grade_props_bg.png",
                          "Plist": "common/common.plist"
                        },
                        "SingleColor": {
                          "R": 150,
                          "G": 200
                        },
                        "FirstColor": {
                          "R": 150,
                          "G": 200
                        },
                        "EndColor": {},
                        "ColorVector": {
                          "ScaleY": 1.0
                        },
                        "Scale9Enable": true,
                        "Scale9OriginX": 40,
                        "Scale9OriginY": 21,
                        "Scale9Width": 44,
                        "Scale9Height": 24,
                        "TouchEnable": true,
                        "AnchorPoint": {
                          "ScaleX": 0.5,
                          "ScaleY": 1.0
                        },
                        "Position": {
                          "X": 245.0,
                          "Y": 613.68
                        },
                        "Scale": {
                          "ScaleX": 1.0,
                          "ScaleY": 1.0
                        },
                        "CColor": {},
                        "IconVisible": false,
                        "PositionPercentXEnabled": true,
                        "PrePosition": {
                          "X": 0.5,
                          "Y": 1.0228
                        },
                        "PreSize": {
                          "X": 1.0408,
                          "Y": 1.0167
                        },
                        "LeftMargin": -10.0,
                        "RightMargin": -10.0,
                        "TopMargin": -13.68,
                        "BottomMargin": 3.68,
                        "Tag": 3278,
                        "Children": [
                          {
                            "ItemMargin": -10,
                            "DirectionType": "Vertical",
                            "HorizontalType": "Align_HorizontalCenter",
                            "ScrollDirectionType": 0,
                            "ClipAble": true,
                            "BackColorAlpha": 100,
                            "SingleColor": {
                              "R": 150,
                              "G": 150
                            },
                            "FirstColor": {},
                            "EndColor": {
                              "R": 150,
                              "G": 150
                            },
                            "ColorVector": {
                              "ScaleY": -1.0
                            },
                            "Scale9Width": 1,
                            "Scale9Height": 1,
                            "TouchEnable": true,
                            "AnchorPoint": {
                              "ScaleX": 0.5,
                              "ScaleY": 1.0
                            },
                            "Position": {
                              "X": 255.0,
                              "Y": 606.493
                            },
                            "Scale": {
                              "ScaleX": 1.0,
                              "ScaleY": 1.0
                            },
                            "CColor": {},
                            "IconVisible": false,
                            "PositionPercentXEnabled": true,
                            "PrePosition": {
                              "X": 0.5,
                              "Y": 0.9943
                            },
                            "PreSize": {
                              "X": 1.0,
                              "Y": 0.9754
                            },
                            "TopMargin": 3.507,
                            "BottomMargin": 11.493,
                            "Tag": 3279,
                            "ActionTag": -364847146,
                            "Size": {
                              "X": 510.0,
                              "Y": 595.0
                            },
                            "Name": "list_reward",
                            "ctype": "ListViewObjectData"
                          }
                        ],
                        "ActionTag": 1300645128,
                        "Size": {
                          "X": 510.0,
                          "Y": 610.0
                        },
                        "Name": "pnl_content_list",
                        "ctype": "PanelObjectData"
                      }
                    ],
                    "ActionTag": -1652289146,
                    "Size": {
                      "X": 490.0,
                      "Y": 600.0
                    },
                    "Name": "body",
                    "ctype": "PanelObjectData"
                  },
                  {
                    "IsCustomSize": true,
                    "FontSize": 18,
                    "LabelText": "{TXT_UI_YOKAIBUBBLE-REWARDVIEW_3}",
                    "FontResource": {
                      "Type": "Normal",
                      "Path": "font/ModeMinBStd.ttf",
                      "Plist": ""
                    },
                    "HorizontalAlignmentType": "HT_Center",
                    "OutlineSize": 2,
                    "OutlineColor": {
                      "R": 109,
                      "G": 0,
                      "B": 0
                    },
                    "OutlineEnabled": true,
                    "ShadowColor": {
                      "R": 110,
                      "G": 110,
                      "B": 110
                    },
                    "ShadowOffsetX": 2.0,
                    "ShadowOffsetY": -2.0,
                    "AnchorPoint": {
                      "ScaleX": 0.5,
                      "ScaleY": 0.5
                    },
                    "Position": {
                      "X": 290.0,
                      "Y": 117.6259
                    },
                    "Scale": {
                      "ScaleX": 1.0,
                      "ScaleY": 1.0
                    },
                    "CColor": {},
                    "IconVisible": false,
                    "PrePosition": {
                      "X": 0.5,
                      "Y": 0.1426
                    },
                    "PreSize": {
                      "X": 0.8621,
                      "Y": 0.0267
                    },
                    "LeftMargin": 40.0,
                    "RightMargin": 40.0,
                    "TopMargin": 696.3741,
                    "BottomMargin": 106.6259,
                    "Tag": 3610,
                    "ActionTag": 508624105,
                    "Size": {
                      "X": 500.0,
                      "Y": 22.0
                    },
                    "Name": "Text_1",
                    "ctype": "TextObjectData"
                  },
                  {
                    "FontSize": 20,
                    "ButtonText": "",
                    "TextColor": {
                      "R": 0,
                      "G": 0,
                      "B": 0
                    },
                    "NormalFileData": {
                      "Type": "MarkedSubImage",
                      "Path": "pic/button/button_close.png",
                      "Plist": "pic/button/common_btn_atlas.plist"
                    },
                    "Scale9Enable": true,
                    "Scale9OriginX": 15,
                    "Scale9OriginY": 11,
                    "Scale9Width": 52,
                    "Scale9Height": 60,
                    "OutlineColor": {
                      "G": 0,
                      "B": 0
                    },
                    "ShadowColor": {
                      "R": 110,
                      "G": 110,
                      "B": 110
                    },
                    "ShadowOffsetX": 2.0,
                    "ShadowOffsetY": -2.0,
                    "TouchEnable": true,
                    "AnchorPoint": {
                      "ScaleX": 0.5,
                      "ScaleY": 0.5
                    },
                    "Position": {
                      "X": 545.757,
                      "Y": 806.9445
                    },
                    "Scale": {
                      "ScaleX": 1.0,
                      "ScaleY": 1.0
                    },
                    "CColor": {},
                    "IconVisible": false,
                    "PrePosition": {
                      "X": 0.941,
                      "Y": 0.9781
                    },
                    "PreSize": {
                      "X": 0.1414,
                      "Y": 0.0994
                    },
                    "LeftMargin": 504.757,
                    "RightMargin": -6.757,
                    "TopMargin": -22.9445,
                    "BottomMargin": 765.9445,
                    "Tag": 3797,
                    "ActionTag": 1193784516,
                    "Size": {
                      "X": 82.0,
                      "Y": 82.0
                    },
                    "Name": "btn_closeview",
                    "ctype": "ButtonObjectData"
                  },
                  {
                    "FontSize": 14,
                    "ButtonText": "",
                    "TextColor": {
                      "R": 65,
                      "G": 65,
                      "B": 70
                    },
                    "NormalFileData": {
                      "Type": "MarkedSubImage",
                      "Path": "common/common_newbtn2.png",
                      "Plist": "common/common.plist"
                    },
                    "Scale9Enable": true,
                    "Scale9OriginX": 15,
                    "Scale9OriginY": 11,
                    "Scale9Width": 198,
                    "Scale9Height": 61,
                    "OutlineColor": {
                      "G": 0,
                      "B": 0
                    },
                    "ShadowColor": {
                      "R": 110,
                      "G": 110,
                      "B": 110
                    },
                    "ShadowOffsetX": 2.0,
                    "ShadowOffsetY": -2.0,
                    "TouchEnable": true,
                    "AnchorPoint": {
                      "ScaleX": 0.5,
                      "ScaleY": 0.5
                    },
                    "Position": {
                      "X": 290.0,
                      "Y": 68.5013
                    },
                    "Scale": {
                      "ScaleX": 1.0,
                      "ScaleY": 1.0
                    },
                    "CColor": {},
                    "IconVisible": false,
                    "PrePosition": {
                      "X": 0.5,
                      "Y": 0.083
                    },
                    "PreSize": {
                      "X": 0.3931,
                      "Y": 0.1006
                    },
                    "LeftMargin": 176.0,
                    "RightMargin": 176.0,
                    "TopMargin": 714.9987,
                    "BottomMargin": 27.0013,
                    "Tag": 1568,
                    "Children": [
                      {
                        "IsCustomSize": true,
                        "FontSize": 28,
                        "LabelText": "{TXT_UI_YOKAIBUBBLE-REWARDVIEW_4}",
                        "FontResource": {
                          "Type": "Normal",
                          "Path": "font/ModeMinBStd.ttf",
                          "Plist": ""
                        },
                        "HorizontalAlignmentType": "HT_Center",
                        "OutlineSize": 2,
                        "OutlineColor": {
                          "R": 76,
                          "G": 83,
                          "B": 98
                        },
                        "OutlineEnabled": true,
                        "ShadowColor": {
                          "R": 110,
                          "G": 110,
                          "B": 110
                        },
                        "ShadowOffsetX": 2.0,
                        "ShadowOffsetY": -2.0,
                        "AnchorPoint": {
                          "ScaleX": 0.5,
                          "ScaleY": 0.5
                        },
                        "Position": {
                          "X": 114.0,
                          "Y": 44.654
                        },
                        "Scale": {
                          "ScaleX": 1.0,
                          "ScaleY": 1.0
                        },
                        "CColor": {},
                        "IconVisible": false,
                        "PositionPercentXEnabled": true,
                        "PositionPercentYEnabled": true,
                        "PrePosition": {
                          "X": 0.5,
                          "Y": 0.538
                        },
                        "PreSize": {
                          "X": 0.7456,
                          "Y": 0.4217
                        },
                        "LeftMargin": 29.0,
                        "RightMargin": 29.0,
                        "TopMargin": 20.846,
                        "BottomMargin": 27.154,
                        "Tag": 1569,
                        "ActionTag": 1648861047,
                        "Size": {
                          "X": 170.0,
                          "Y": 35.0
                        },
                        "Name": "txt_left",
                        "ctype": "TextObjectData"
                      }
                    ],
                    "ActionTag": -552563317,
                    "Size": {
                      "X": 228.0,
                      "Y": 83.0
                    },
                    "Name": "btn_close",
                    "ctype": "ButtonObjectData"
                  },
                  {
                    "FontSize": 20,
                    "ButtonText": "",
                    "TextColor": {},
                    "NormalFileData": {
                      "Type": "MarkedSubImage",
                      "Path": "task/tab1_down.png",
                      "Plist": "task/task.plist"
                    },
                    "Scale9Enable": true,
                    "Scale9OriginX": 29,
                    "Scale9Width": 114,
                    "Scale9Height": 21,
                    "OutlineColor": {
                      "G": 0,
                      "B": 0
                    },
                    "ShadowColor": {
                      "R": 110,
                      "G": 110,
                      "B": 110
                    },
                    "ShadowOffsetX": 2.0,
                    "ShadowOffsetY": -2.0,
                    "TouchEnable": true,
                    "AnchorPoint": {
                      "ScaleX": 1.0,
                      "ScaleY": 0.5
                    },
                    "Position": {
                      "X": 289.5,
                      "Y": 759.9997
                    },
                    "Scale": {
                      "ScaleX": 1.0,
                      "ScaleY": 1.0
                    },
                    "CColor": {},
                    "IconVisible": false,
                    "PrePosition": {
                      "X": 0.4991,
                      "Y": 0.9212
                    },
                    "PreSize": {
                      "X": 0.3431,
                      "Y": 0.0364
                    },
                    "LeftMargin": 90.5,
                    "RightMargin": 290.5,
                    "TopMargin": 50.0003,
                    "BottomMargin": 744.9997,
                    "Tag": 3232,
                    "Children": [
                      {
                        "IsCustomSize": true,
                        "FontSize": 18,
                        "LabelText": "{TXT_UI_YOKAIBUBBLE-REWARDVIEW_1}",
                        "FontResource": {
                          "Type": "Normal",
                          "Path": "font/ModeMinBStd.ttf",
                          "Plist": ""
                        },
                        "HorizontalAlignmentType": "HT_Center",
                        "OutlineSize": 2,
                        "OutlineColor": {
                          "R": 103,
                          "G": 56,
                          "B": 31
                        },
                        "OutlineEnabled": true,
                        "ShadowColor": {
                          "R": 29,
                          "G": 16,
                          "B": 1
                        },
                        "ShadowOffsetX": 2.0,
                        "ShadowOffsetY": -2.0,
                        "AnchorPoint": {
                          "ScaleX": 0.5,
                          "ScaleY": 0.5
                        },
                        "Position": {
                          "X": 99.5,
                          "Y": 15.0
                        },
                        "Scale": {
                          "ScaleX": 1.0,
                          "ScaleY": 1.0
                        },
                        "CColor": {},
                        "IconVisible": false,
                        "PositionPercentXEnabled": true,
                        "PositionPercentYEnabled": true,
                        "PrePosition": {
                          "X": 0.5,
                          "Y": 0.5
                        },
                        "PreSize": {
                          "X": 1.0503,
                          "Y": 0.7667
                        },
                        "LeftMargin": -5.0,
                        "RightMargin": -5.0,
                        "TopMargin": 3.5,
                        "BottomMargin": 3.5,
                        "Tag": 3233,
                        "ActionTag": -449847024,
                        "Size": {
                          "X": 209.0,
                          "Y": 23.0
                        },
                        "Name": "txt_btn",
                        "ctype": "TextObjectData"
                      }
                    ],
                    "ActionTag": 192888222,
                    "Size": {
                      "X": 199.0,
                      "Y": 30.0
                    },
                    "Name": "btn_state1",
                    "ctype": "ButtonObjectData"
                  },
                  {
                    "FontSize": 20,
                    "ButtonText": "",
                    "TextColor": {},
                    "NormalFileData": {
                      "Type": "MarkedSubImage",
                      "Path": "task/tab3.png",
                      "Plist": "task/task.plist"
                    },
                    "Scale9Enable": true,
                    "Scale9OriginX": 29,
                    "Scale9OriginY": 9,
                    "Scale9Width": 101,
                    "Scale9Height": 12,
                    "OutlineColor": {
                      "G": 0,
                      "B": 0
                    },
                    "ShadowColor": {
                      "R": 110,
                      "G": 110,
                      "B": 110
                    },
                    "ShadowOffsetX": 2.0,
                    "ShadowOffsetY": -2.0,
                    "TouchEnable": true,
                    "AnchorPoint": {
                      "ScaleY": 0.5
                    },
                    "Position": {
                      "X": 289.9999,
                      "Y": 759.9999
                    },
                    "Scale": {
                      "ScaleX": 1.0,
                      "ScaleY": 1.0
                    },
                    "CColor": {},
                    "IconVisible": false,
                    "PrePosition": {
                      "X": 0.5,
                      "Y": 0.9212
                    },
                    "PreSize": {
                      "X": 0.3431,
                      "Y": 0.0364
                    },
                    "LeftMargin": 289.9999,
                    "RightMargin": 91.0001,
                    "TopMargin": 50.0001,
                    "BottomMargin": 744.9999,
                    "Tag": 3230,
                    "Children": [
                      {
                        "IsCustomSize": true,
                        "FontSize": 18,
                        "LabelText": "{TXT_UI_YOKAIBUBBLE-REWARDVIEW_2}",
                        "FontResource": {
                          "Type": "Normal",
                          "Path": "font/ModeMinBStd.ttf",
                          "Plist": ""
                        },
                        "HorizontalAlignmentType": "HT_Center",
                        "OutlineSize": 2,
                        "OutlineColor": {
                          "R": 103,
                          "G": 56,
                          "B": 31
                        },
                        "OutlineEnabled": true,
                        "ShadowColor": {
                          "R": 29,
                          "G": 16,
                          "B": 1
                        },
                        "ShadowOffsetX": 2.0,
                        "ShadowOffsetY": -2.0,
                        "AnchorPoint": {
                          "ScaleX": 0.5,
                          "ScaleY": 0.5
                        },
                        "Position": {
                          "X": 99.5,
                          "Y": 15.0
                        },
                        "Scale": {
                          "ScaleX": 1.0,
                          "ScaleY": 1.0
                        },
                        "CColor": {},
                        "IconVisible": false,
                        "PositionPercentXEnabled": true,
                        "PositionPercentYEnabled": true,
                        "PrePosition": {
                          "X": 0.5,
                          "Y": 0.5
                        },
                        "PreSize": {
                          "X": 0.8693,
                          "Y": 0.7667
                        },
                        "LeftMargin": 13.0,
                        "RightMargin": 13.0,
                        "TopMargin": 3.5,
                        "BottomMargin": 3.5,
                        "Tag": 3231,
                        "ActionTag": 459115574,
                        "Size": {
                          "X": 173.0,
                          "Y": 23.0
                        },
                        "Name": "txt_btn",
                        "ctype": "TextObjectData"
                      }
                    ],
                    "ActionTag": 1670447230,
                    "Size": {
                      "X": 199.0,
                      "Y": 30.0
                    },
                    "Name": "btn_state2",
                    "ctype": "ButtonObjectData"
                  }
                ],
                "ActionTag": 2011700303,
                "Size": {
                  "X": 580.0,
                  "Y": 825.0
                },
                "Name": "Image_1",
                "ctype": "ImageViewObjectData"
              }
            ],
            "ActionTag": -1,
            "Size": {
              "X": 640.0,
              "Y": 1136.0
            },
            "Name": "Root",
            "ctype": "PanelObjectData"
          }
        ],
        "Size": {
          "X": 640.0,
          "Y": 1136.0
        },
        "Name": "UiEntity145648756",
        "ctype": "LayerObjectData"
      },
      "UsedResources": [
        "common/common.plist",
        "common/common.png",
        "common_ui/common_slider_atlas.plist",
        "common_ui/common_slider_atlas.png",
        "Default/ImageFile.png",
        "font/ModeMinBStd.ttf",
        "pic/button/common_btn_atlas.plist",
        "pic/button/common_btn_atlas.png",
        "pic/equip/equip.plist",
        "pic/equip/equip.png",
        "pic/icon/icon_atlas.plist",
        "pic/icon/icon_atlas.png",
        "pic/number/number.plist",
        "pic/number/number.png",
        "task/task.plist",
        "task/task.png"
      ],
      "ctype": "GameFileData"
    }
  },
  "Type": "Layer"
}